code_insee,surface_m2,n
"01002",42304,7
"01004",3802,1
"01009",179835,24
"01010",2148,1
"01015",61742,6
"01017",20636,3
"01034",112298,16
"01036",68918,9
"01037",27062,5
"01049",5577,1
"01056",363336,63
"01064",183971,28
"01068",497513,68
"01072",26478,2
"01073",229499,24
"01077",1173,1
"01078",420709,34
"01082",10543,4
"01088",3115,1
"01098",109947,16
"01099",1793,1
"01100",129851,13
"01116",4323,2
"01117",13668,2
"01118",795638,82
"01127",6056,2
"01133",36940,5
"01138",88465,13
"01141",1197,1
"01150",1490,1
"01151",5661,2
"01160",34551,1
"01162",204582,22
"01177",3520,2
"01193",30673,8
"01197",28207,10
"01199",262480,36
"01202",71907,14
"01213",2993,1
"01216",196138,30
"01225",4136,2
"01227",144845,21
"01233",2112,1
"01234",176710,13
"01239",175727,15
"01242",341241,62
"01245",50902,10
"01255",93644,19
"01286",104012,12
"01294",1844,1
"01302",32560,7
"01303",453239,48
"01313",6524,2
"01320",4470,1
"01321",7425,1
"01329",6403,1
"01331",56394,6
"01338",411581,55
"01343",1425,1
"01347",8350,2
"01353",15480,3
"01361",1813,1
"01363",37327,13
"01374",189884,28
"01386",64518,17
"01389",62626,4
"01390",1333,1
"01396",1710,1
"01400",114309,15
"01404",7475,3
"01407",62133,14
"01415",22194,1
"01418",25625,4
"01419",11323,2
"01421",16741,1
"01422",15275,6
"01423",1232,1
"01426",3266,1
"01431",76958,21
"01444",19220,3
"01452",18327,2
"01453",4665,3
"01456",219106,15
"02003",3498,1
"02008",1047,1
"02014",4086,1
"02042",876704,57
"02051",977533,54
"02053",2236866,180
"02084",250786,18
"02094",149845,3
"02098",733302,55
"02114",859646,40
"02120",1104,1
"02146",386477,12
"02163",3574670,313
"02166",1279,1
"02168",395447,28
"02186",1556695,76
"02187",129168,6
"02213",481571,37
"02215",11907,2
"02216",31672,2
"02217",3929,1
"02218",1028,1
"02224",1133,1
"02228",207743,10
"02235",47518,2
"02239",524273,38
"02242",1698306,116
"02243",8602,1
"02248",6793,1
"02257",10398,1
"02268",644228,36
"02290",2609415,214
"02291",24086,1
"02292",193573,8
"02303",25390,1
"02312",2619,1
"02318",13143,1
"02328",599968,34
"02338",22302,2
"02347",1322872,73
"02353",8445,1
"02389",485283,17
"02390",15445,1
"02426",9756,1
"02459",25911,1
"02484",213358,14
"02510",393889,45
"02521",171339,12
"02524",1500133,50
"02528",10306,1
"02532",14229,2
"02540",372377,18
"02554",192809,34
"02555",18989,1
"02560",3023,1
"02561",1067,1
"02568",14870,1
"02585",13339,1
"02592",15249,1
"02595",1798735,59
"02596",225291,14
"02629",16787,1
"02643",8910,3
"02645",28075,3
"02653",721140,39
"02701",1235054,118
"02711",18047,2
"02715",2353,1
"02720",1369,1
"02746",7190,1
"02748",3460539,143
"02754",3486,1
"02778",42677,3
"02781",4523,1
"02818",1001376,62
"02820",13250,2
"03010",47447,3
"03016",8069,1
"03020",8534,2
"03026",879254,32
"03038",358993,26
"03039",98368,6
"03044",4572,2
"03049",583936,35
"03059",54581,5
"03065",449945,13
"03073",195351,12
"03075",6690,2
"03083",248669,17
"03094",2417,1
"03096",221339,2
"03112",19812,5
"03115",34919,1
"03116",334557,9
"03118",1267,1
"03128",16644,4
"03133",1115,1
"03138",2914,1
"03149",497566,19
"03169",236510,8
"03176",273087,19
"03177",2401,1
"03188",211871,13
"03220",1243,1
"03225",11275,1
"03254",542292,38
"03267",821000,42
"03278",1959,1
"03307",268921,16
"04012",111628,3
"04018",5709,2
"04035",22323,1
"04047",14037,2
"04050",2392,1
"04053",59700,7
"04063",778233,53
"04070",2160,1
"04076",8560,2
"04077",5181,1
"04084",6135,1
"04088",136175,8
"04094",430281,16
"04106",12405,1
"04112",843523,38
"04116",4969,1
"04123",24488,1
"04124",19305,2
"04127",4719,1
"04128",200399,9
"04134",10673,2
"04135",177047,2
"04136",19098,2
"04140",95183,6
"04143",37606,3
"04149",3525,1
"04150",31178,8
"04151",15886,3
"04152",3035958,189
"04157",6120,2
"04158",501260,28
"04159",1224,1
"04160",104626,4
"04163",26875,2
"04166",86267,6
"04172",3980,1
"04175",282919,11
"04176",40016,1
"04186",8711,1
"04188",17413,4
"04197",898114,51
"04214",19244,1
"04216",2998,1
"04227",43318,10
"04230",631746,5
"04231",2282,1
"04234",19994,3
"04242",134209,10
"04244",6780,3
"04245",264598,11
"05012",1093,1
"05022",38147,2
"05036",23471,10
"05037",57153,3
"05040",1477,1
"05046",24012,2
"05050",30490,11
"05052",7869,2
"05057",6731,1
"05061",109695,2
"05068",262082,28
"05070",5723,2
"05071",55910,4
"05074",15381,4
"05092",2119,1
"05111",17404,4
"05115",61661,10
"05118",5563,2
"05119",1545,1
"05121",15986,2
"05128",14967,8
"05134",5907,3
"05148",7961,2
"05168",27295,5
"05170",310577,11
"05171",163868,29
"05172",1499,1
"05173",44550,4
"05176",239960,13
"06029",83528,11
"06069",11820,3
"06077",1310,1
"06079",44374,5
"06082",4407,1
"06088",623445,74
"06117",24191,4
"06122",38128,5
"06128",20168,1
"06148",5830,2
"06158",56543,9
"07002",4557,2
"07005",4217112,260
"07008",2660,1
"07009",690499,90
"07010",28747,8
"07013",776405,102
"07014",121791,22
"07015",713972,82
"07017",578652,62
"07019",337790,41
"07020",557018,47
"07023",1266613,109
"07024",1019482,65
"07027",12211,3
"07028",2918464,204
"07029",4171,2
"07031",3541959,220
"07033",1587065,103
"07034",169754,15
"07036",224768,43
"07039",4910,2
"07040",2707,1
"07042",4225012,230
"07044",6569,1
"07050",641100,90
"07051",268838,32
"07053",466733,45
"07055",76363,6
"07056",709196,103
"07058",454778,70
"07059",272015,32
"07061",335293,37
"07062",6380,1
"07063",13763,5
"07065",1360,1
"07066",13827,2
"07067",7611,3
"07068",2992,1
"07069",132116,15
"07070",1748137,242
"07072",10327,2
"07073",7051,3
"07076",9072,1
"07078",2258,1
"07079",72889,12
"07080",17609,3
"07084",103358,14
"07085",13633,7
"07086",19631,6
"07088",58585,15
"07089",430592,66
"07090",170092,14
"07095",2159,1
"07097",386284,41
"07099",1821765,162
"07100",197296,30
"07101",1824676,145
"07102",213330,22
"07104",2626,1
"07109",146743,28
"07110",448866,64
"07112",2336,1
"07113",753382,63
"07115",104993,11
"07117",2434241,259
"07122",502496,51
"07126",2298194,152
"07131",126249,21
"07132",223377,43
"07133",626089,59
"07134",841373,100
"07138",709212,103
"07140",173075,22
"07143",1254936,125
"07145",1595962,159
"07150",1720,1
"07152",573929,63
"07157",2687,1
"07159",2091429,178
"07162",211766,32
"07166",1256,1
"07168",1488079,126
"07169",1124984,99
"07171",437212,70
"07172",40613,7
"07174",383921,35
"07176",7070,1
"07178",3274,1
"07182",1513,1
"07183",492850,69
"07185",36005,4
"07188",4900,2
"07189",120536,20
"07190",1134530,100
"07193",61387,8
"07199",1803097,255
"07201",572018,64
"07205",4126,2
"07207",1328450,117
"07208",328305,28
"07211",1150229,134
"07213",40520,12
"07217",8516,3
"07227",38499,8
"07228",1564042,153
"07229",206329,14
"07230",3446,1
"07231",307197,33
"07234",405865,47
"07238",304282,48
"07241",1000597,73
"07243",9176,3
"07245",938108,113
"07247",907602,62
"07254",41895,9
"07255",404416,35
"07259",2679376,110
"07260",34499,2
"07261",12574,3
"07263",25343,4
"07264",7901169,440
"07268",1180421,79
"07270",34476,3
"07272",700323,69
"07273",396286,37
"07275",6475,2
"07279",2946176,272
"07280",52294,2
"07281",1352009,154
"07283",29296,3
"07284",77569,12
"07287",642573,46
"07289",26266,5
"07291",2094425,235
"07292",2207,1
"07293",43655,6
"07294",2423715,190
"07296",680692,67
"07298",65425,4
"07300",1057787,99
"07301",24850,7
"07304",286383,28
"07305",50175,8
"07306",64591,5
"07307",352222,58
"07308",1260684,124
"07312",362869,65
"07313",443266,53
"07316",2740,1
"07317",743355,71
"07319",200694,21
"07321",45535,11
"07323",72363,10
"07324",1051692,150
"07327",217820,30
"07328",1340743,129
"07330",1381498,100
"07332",4050890,251
"07334",305381,50
"07336",242134,49
"07337",164558,34
"07338",7981,1
"07339",348488,50
"07341",671933,62
"07343",1182062,159
"07344",134406,22
"07345",607244,90
"07346",1192174,88
"07348",512040,40
"08146",1365,1
"08151",27597,1
"08228",4263,1
"08361",2553,1
"09061",13458,3
"09075",3166,2
"09078",2989,1
"09079",85434,7
"09107",76040,6
"09116",3125,1
"09122",1018,1
"09123",10965,3
"09124",75126,2
"09163",3385,1
"09167",200518,10
"09177",2887,1
"09181",1299,1
"09185",7790,2
"09199",56852,4
"09202",141916,3
"09225",2552,1
"09256",3201,1
"09258",1913,1
"09259",7875,2
"09277",3019,1
"09313",1966,1
"09324",54909,7
"09332",3867,1
"09340",9301,1
"10002",440740,35
"10003",5234,3
"10007",558901,66
"10008",404807,39
"10011",1338739,126
"10012",247771,40
"10017",1883,1
"10022",1452226,124
"10025",1473186,75
"10029",1437675,134
"10032",2156951,229
"10033",898479,44
"10034",187024,14
"10039",942553,94
"10040",6371,3
"10041",256194,33
"10048",1556327,81
"10056",1158,1
"10058",1417502,116
"10064",2937,2
"10068",1354078,68
"10069",429852,42
"10070",2960594,201
"10071",643844,73
"10074",1162,1
"10076",1382326,148
"10079",697619,60
"10080",2617,1
"10084",1636,1
"10094",16984,6
"10097",1369322,145
"10102",1056434,106
"10103",1429894,74
"10111",874792,51
"10112",3055,2
"10113",1021320,110
"10115",6046,3
"10119",233107,18
"10120",1817,1
"10126",275170,17
"10133",1030,1
"10136",110747,10
"10137",173176,29
"10138",1362,1
"10141",4876090,295
"10143",1250,1
"10150",474392,30
"10151",1262,1
"10155",1773572,161
"10159",1058,1
"10160",154559,8
"10170",2614543,157
"10174",1206,1
"10176",209988,27
"10177",1921,1
"10182",1028,1
"10186",20478,10
"10187",2655195,106
"10197",452150,48
"10199",3251000,179
"10210",1781,1
"10232",1262888,88
"10242",1609857,200
"10245",13243,1
"10248",2057914,147
"10250",593721,54
"10258",2789,1
"10261",467254,21
"10262",3053340,175
"10264",1922753,164
"10286",1359,1
"10287",1187,1
"10288",178076,4
"10295",694680,62
"10296",1566820,100
"10301",2950,2
"10304",2992,2
"10306",226831,10
"10313",1215,1
"10317",8160225,451
"10330",1008288,83
"10339",184548,1
"10340",2555,2
"10345",4061,3
"10349",4669,3
"10350",1384,1
"10352",1919,1
"10359",3828,2
"10364",573654,55
"10366",258123,23
"10374",707456,87
"10384",76559,12
"10390",1870980,171
"10391",2683,2
"10394",1563,1
"10404",730796,55
"10419",2441,2
"10420",979252,90
"10425",1341,1
"10427",2209526,183
"10433",2218,1
"10437",1459,1
"10438",892518,90
"10439",893156,50
"10440",1055606,53
"11001",4720184,201
"11003",2177117,124
"11004",2914331,117
"11005",2210008,65
"11006",442524,73
"11008",362565,24
"11009",2367973,69
"11010",1898749,89
"11011",2984624,140
"11012",3502238,239
"11013",1009525,80
"11014",3464139,328
"11016",2262043,71
"11018",7424080,264
"11022",14182059,574
"11023",2521000,123
"11024",2446982,181
"11025",1707264,108
"11027",1646243,82
"11029",59233,1
"11032",1192104,47
"11034",973583,55
"11037",229140,17
"11039",104563,6
"11040",7818898,486
"11041",3553121,203
"11042",4516315,122
"11043",1592544,91
"11045",1834693,134
"11046",225654,10
"11048",7343560,323
"11049",269206,6
"11051",1786969,74
"11053",2288942,68
"11056",7252,2
"11058",1046894,39
"11059",1055189,37
"11061",717964,30
"11063",312658,20
"11064",4829924,147
"11067",5733103,182
"11068",4899172,188
"11069",6105705,242
"11070",678694,31
"11071",2721720,213
"11073",27629,1
"11076",403842,14
"11077",3006450,132
"11078",1599986,137
"11081",5493599,274
"11083",125059,18
"11084",3403220,105
"11085",2439597,167
"11086",1239076,62
"11088",1173215,69
"11089",295106,9
"11090",1993308,87
"11095",1843371,122
"11098",1929203,160
"11099",4865941,234
"11102",3454029,176
"11103",311855,31
"11105",1763136,87
"11106",11254698,330
"11108",331878,8
"11109",116154,20
"11110",704479,73
"11111",4847267,139
"11113",672714,77
"11116",8924071,365
"11117",246654,19
"11118",451712,32
"11119",1400848,80
"11120",1094850,52
"11121",2150869,66
"11122",5488538,285
"11123",100990,13
"11124",3299168,344
"11125",2952558,236
"11126",3871955,181
"11128",147498,5
"11129",534172,37
"11131",714043,52
"11132",8949525,495
"11136",751413,33
"11137",6854,1
"11138",1523,1
"11139",732997,30
"11140",3642885,300
"11141",775724,19
"11142",215548,20
"11143",331801,47
"11144",3856960,218
"11145",8324051,512
"11146",1004045,45
"11148",2218756,119
"11151",1338851,72
"11152",1180064,128
"11153",460978,14
"11156",103942,10
"11157",2360805,202
"11158",3734196,114
"11161",2003255,111
"11164",3732103,163
"11167",561291,17
"11168",144180,8
"11170",2856239,303
"11172",1131258,58
"11173",357769,26
"11175",420668,11
"11176",1015732,107
"11179",379531,26
"11183",1281562,95
"11185",4023336,175
"11188",4892504,271
"11190",7446521,236
"11191",90713,8
"11193",761882,30
"11194",191496,8
"11196",74038,12
"11197",2543071,69
"11198",10742666,610
"11199",1245135,33
"11201",2385275,157
"11202",2028219,162
"11203",11426781,370
"11205",327195,28
"11206",4053764,221
"11207",1883836,74
"11209",597144,37
"11210",3614784,192
"11211",1421514,134
"11212",2740972,209
"11213",102973,11
"11214",2044438,102
"11215",921399,60
"11216",3058878,91
"11217",1933597,73
"11220",5190195,154
"11227",78583,11
"11228",2193115,65
"11233",2141092,54
"11240",231576,23
"11241",4238364,200
"11242",835829,35
"11245",397913,58
"11246",603916,29
"11248",271149,32
"11251",6308906,357
"11253",715389,40
"11254",4767531,126
"11255",2335963,129
"11256",3261139,174
"11257",1259437,102
"11258",5446940,291
"11259",2905157,107
"11261",3440500,215
"11262",23205808,906
"11264",4044593,162
"11266",336456,25
"11267",4057436,200
"11269",14471008,652
"11270",402761,40
"11271",2800,1
"11272",1226486,62
"11273",3267638,198
"11274",2760162,84
"11276",4333640,282
"11279",6757804,167
"11280",6506272,288
"11285",3811160,345
"11286",3920221,202
"11287",249524,25
"11288",2109495,98
"11289",2103678,111
"11292",1598,1
"11293",2857990,113
"11294",338090,7
"11295",4727790,363
"11296",2731079,230
"11299",1633555,79
"11301",7444455,212
"11304",5282,2
"11305",465951,67
"11307",3006126,92
"11308",255947,7
"11309",92371,3
"11311",2627835,136
"11313",2119,1
"11314",650082,52
"11315",10565694,463
"11318",1444737,57
"11322",5028034,428
"11323",2507558,140
"11324",2998522,156
"11325",763138,34
"11326",56025,6
"11327",758524,22
"11328",4306734,109
"11330",1725125,64
"11332",4192745,332
"11333",60401,2
"11337",2389172,112
"11338",116053,16
"11340",1320501,52
"11341",223663,13
"11342",2735491,103
"11344",2994634,184
"11345",1386586,124
"11351",5268622,273
"11353",2919363,111
"11355",1747242,72
"11357",227926,14
"11360",2474881,113
"11361",88052,2
"11363",601032,68
"11364",1896470,134
"11366",2746973,162
"11368",886955,66
"11369",4448178,192
"11370",7263588,329
"11372",1178493,51
"11376",745324,33
"11377",433100,34
"11378",1045323,76
"11379",6177516,538
"11380",5113,2
"11386",4297015,416
"11387",325078,31
"11388",14550,3
"11390",4624397,320
"11392",2041509,158
"11393",5819320,266
"11394",1416540,100
"11395",2058,1
"11396",3016673,160
"11397",4018708,106
"11398",1121057,90
"11401",6799495,469
"11404",2494918,98
"11405",2679323,93
"11408",998349,96
"11409",126112,7
"11410",2295741,80
"11411",54315,3
"11413",120138,8
"11414",101131,9
"11415",1844610,100
"11416",1140353,111
"11417",393926,12
"11418",5837,1
"11420",737561,37
"11421",597512,22
"11422",366868,27
"11425",549377,30
"11426",1950101,83
"11427",3209611,138
"11429",3435186,86
"11430",72398,2
"11431",4159508,259
"11432",400273,20
"11433",3143898,248
"11434",417808,15
"11435",61549,11
"11436",2323796,284
"11437",2313569,66
"11438",524907,20
"11439",244814,7
"11440",738075,36
"11441",1990658,99
"12002",16686,1
"12004",2900,1
"12012",1808,1
"12013",6534,1
"12037",2028,1
"12048",19254,3
"12049",3050,1
"12052",4669,2
"12066",590333,51
"12070",65951,10
"12071",1796,1
"12075",1713,1
"12079",60781,12
"12080",2674,1
"12083",4368,1
"12086",13977,4
"12090",153819,16
"12091",1463,1
"12093",84371,12
"12094",130320,16
"12097",2827,2
"12098",58907,10
"12101",1250,1
"12109",1196,1
"12111",521479,39
"12121",1928,1
"12128",1925,1
"12136",4381,2
"12138",294241,20
"12140",44940,7
"12151",7435,1
"12153",159729,23
"12158",1210,1
"12160",30842,11
"12161",48565,13
"12167",15524,1
"12171",168316,25
"12178",11577,2
"12193",5064,1
"12197",2106,1
"12200",341210,49
"12201",1257,1
"12215",147754,17
"12216",7001,2
"12217",3086,1
"12218",192120,19
"12219",3145,1
"12225",34669,3
"12227",3852,1
"12244",19357,3
"12251",1279,1
"12254",256612,15
"12256",4026,2
"12265",45815,11
"12268",6562,2
"12269",1348,1
"12272",1049,1
"12284",1399,1
"12286",59693,1
"12288",678257,39
"12296",5056,2
"12301",3132,2
"13001",7315996,361
"13002",94787,18
"13003",558495,39
"13004",8094845,151
"13005",118332,25
"13006",108349,8
"13007",748620,143
"13008",594252,11
"13009",275999,15
"13011",904736,51
"13012",88820,6
"13014",3591029,99
"13015",15841,1
"13016",60046,16
"13017",103829,28
"13018",103362,12
"13022",1824889,166
"13023",42771,10
"13024",416596,7
"13025",668007,52
"13026",297204,51
"13027",204071,32
"13028",217022,33
"13029",424673,32
"13030",361727,65
"13031",2523,1
"13032",2981616,172
"13033",26892,4
"13034",973868,69
"13035",3027368,66
"13036",535103,56
"13037",1317598,86
"13038",463385,25
"13040",349110,39
"13041",102648,10
"13042",80275,14
"13043",598972,26
"13044",17811,3
"13045",29801,5
"13047",427494,17
"13048",1460710,62
"13049",1208194,24
"13050",9892015,637
"13051",5176982,176
"13052",97516,9
"13053",264449,19
"13055",134156,7
"13056",1511012,183
"13057",14244,3
"13058",117228,7
"13059",601543,30
"13060",376206,40
"13062",1958,1
"13063",228800,10
"13064",19311,2
"13065",656083,23
"13066",669669,70
"13067",936753,51
"13068",6644,3
"13069",1121341,55
"13071",12728,5
"13072",1152908,77
"13073",77527,6
"13074",30604,4
"13075",6660,2
"13076",54453,7
"13077",412281,10
"13079",12528968,566
"13080",4150155,192
"13081",302962,23
"13082",7870042,410
"13084",125677,3
"13085",1439899,62
"13086",48989,11
"13087",4536916,314
"13089",6663,1
"13090",1044280,26
"13091",4398420,175
"13092",442990,13
"13093",33629,5
"13094",322592,39
"13095",35301,4
"13096",719629,14
"13097",123966,2
"13098",16884,5
"13099",1004,1
"13100",2245694,125
"13103",89014,7
"13104",105779,17
"13105",1392621,61
"13106",2743,2
"13107",14674,6
"13108",4524428,64
"13109",476813,35
"13110",10312158,524
"13111",15580,5
"13112",1122573,36
"13113",1046428,73
"13114",304668,20
"13115",1449608,97
"13118",984528,53
"14020",4955,1
"14411",3303,1
"14419",1626,1
"14726",16750,1
"14735",72548,1
"15119",41418,1
"15127",13337,1
"15133",33515,5
"15260",17199,3
"16002",1400,1
"16003",16174,6
"16005",110964,8
"16007",13688,7
"16008",105043,7
"16009",5132,2
"16011",1592,1
"16012",6761811,146
"16013",2795167,106
"16014",738736,27
"16018",3825250,115
"16019",3063450,157
"16023",17605,7
"16024",23899,6
"16025",4205333,211
"16026",226170,22
"16027",245097,23
"16028",2736199,105
"16029",193312,12
"16030",6042533,207
"16032",1718657,81
"16034",2511,1
"16035",1056,1
"16036",497648,16
"16037",46912,4
"16038",5949,3
"16039",6076,3
"16040",270684,19
"16041",694790,37
"16044",2407,1
"16045",4358628,94
"16046",1597862,64
"16047",55202,3
"16048",378347,27
"16050",5539867,171
"16052",374733,13
"16053",189641,16
"16054",5508,2
"16055",22358,8
"16056",4499096,158
"16057",6884462,186
"16058",2060110,80
"16059",11725,4
"16060",4626501,144
"16061",48966,3
"16062",578143,35
"16063",9491,1
"16064",4022,1
"16065",5004,2
"16066",444562,31
"16067",7598,3
"16068",30595,12
"16069",15970,3
"16071",1894,1
"16072",543824,15
"16073",117278,13
"16074",1093520,45
"16075",1322753,28
"16076",3069,1
"16077",2358422,116
"16078",551320,40
"16079",1594638,103
"16081",55556,3
"16082",65973,3
"16083",219306,5
"16084",1918,1
"16085",4847,2
"16086",3814,3
"16087",6389,3
"16088",4014708,135
"16089",2103418,58
"16090",6008069,226
"16091",37461,3
"16093",23225,8
"16095",2047,1
"16096",2620,1
"16097",20217564,646
"16098",1525,1
"16099",235278,23
"16100",3068,2
"16101",1152379,33
"16102",1271436,44
"16103",1556,1
"16104",7061,3
"16105",1413569,84
"16106",13324,3
"16107",2193,1
"16108",2065,1
"16109",2264262,75
"16110",17490,7
"16111",250150,22
"16112",17279,2
"16113",686529,21
"16114",2964,1
"16116",7649175,145
"16117",9973,1
"16118",405172,15
"16121",1876897,92
"16122",125847,6
"16123",5361776,160
"16124",15460,6
"16125",5450,3
"16128",2502,2
"16133",1406480,52
"16135",2015,1
"16136",8102,3
"16137",9141,5
"16138",1349185,69
"16139",872424,25
"16141",46988,11
"16142",2388,1
"16143",727465,21
"16144",54877,2
"16145",8501645,168
"16146",4315,2
"16148",2974268,114
"16150",4206979,137
"16151",3834214,100
"16152",1858220,64
"16153",6250316,202
"16154",5403,2
"16155",72368,6
"16157",14800,4
"16158",1543,1
"16160",4160067,108
"16161",344495,28
"16162",75573,4
"16163",2301148,66
"16164",9469,1
"16165",1554634,65
"16167",1868139,60
"16168",113774,9
"16169",1877446,48
"16170",9906,4
"16171",9720310,233
"16174",2312584,71
"16175",9540398,302
"16176",1459073,72
"16177",1100585,27
"16178",673624,26
"16180",8067,4
"16181",14544,5
"16182",8990,5
"16184",2626,1
"16185",315638,16
"16186",12456410,336
"16187",548791,35
"16190",7424,4
"16191",8142,2
"16192",10451,4
"16193",3663359,104
"16194",173543,9
"16195",6210,3
"16196",187424,8
"16198",55649,9
"16199",3748,1
"16204",19738577,491
"16205",2748,2
"16206",14297,5
"16207",283685,19
"16208",3333121,109
"16209",14890,8
"16210",1426663,77
"16211",7167,2
"16215",50900,3
"16216",8122449,186
"16217",1963069,58
"16218",1476872,56
"16220",1922841,46
"16221",1224676,55
"16222",128295,6
"16223",20070,10
"16224",4513784,208
"16227",9428,3
"16230",501553,40
"16232",5213,2
"16233",5877459,193
"16234",7013036,203
"16236",454300,28
"16237",4743,1
"16240",4449,1
"16242",23749,11
"16243",4583876,189
"16244",248643,20
"16245",7387,3
"16246",602039,38
"16248",651944,19
"16249",1675,1
"16250",1471,1
"16251",239355,17
"16252",122109,3
"16253",3181,1
"16254",3266,1
"16255",6374,3
"16256",68712,5
"16258",924117,22
"16260",4360,2
"16263",596539,25
"16264",9672,5
"16267",157530,6
"16268",3215,1
"16269",11353,2
"16272",6397,4
"16273",2357,1
"16275",259258,12
"16276",4040275,155
"16277",2654427,93
"16279",121607,10
"16280",14390,8
"16282",1754,1
"16283",141443,8
"16284",108581,6
"16285",3472,2
"16286",12153341,313
"16287",2005782,79
"16290",4504,2
"16293",1607,1
"16295",49682,6
"16297",2786740,88
"16298",2599543,100
"16300",37898,12
"16301",1314432,36
"16302",29176,2
"16303",3011714,117
"16304",1930094,71
"16307",5030,2
"16308",7828,4
"16310",4033,2
"16312",3453937,110
"16315",165323,12
"16316",2767465,69
"16317",243499,18
"16318",16387,6
"16320",3169357,124
"16321",2232,1
"16323",2100,1
"16325",5883,2
"16326",64188,6
"16329",6279,3
"16330",3903583,121
"16331",204482,9
"16334",162618,12
"16335",3703,2
"16336",19850,10
"16337",10582,5
"16338",351999,21
"16339",4515643,186
"16340",7469899,186
"16342",3576529,130
"16343",6253723,161
"16345",1998,1
"16346",13088,3
"16347",40016,2
"16348",3058916,136
"16349",3138475,127
"16352",1390819,38
"16353",492567,25
"16354",140263,8
"16357",645202,48
"16358",136439,8
"16359",9629101,231
"16360",518489,22
"16361",1800,1
"16362",142918,7
"16365",63939,12
"16366",19258270,486
"16369",8938357,232
"16370",2049170,77
"16372",7188,3
"16373",91380,12
"16374",3538,1
"16375",3187,2
"16377",6654,3
"16378",2154,1
"16379",5351,3
"16380",605171,53
"16382",194629,14
"16383",1227,1
"16384",1118119,60
"16387",2109907,69
"16388",257348,23
"16389",1304,1
"16390",211275,12
"16392",5717,4
"16393",1019542,50
"16394",228193,7
"16395",4136162,124
"16396",29841,8
"16397",1806496,54
"16399",7869850,201
"16401",1578,1
"16402",410340,26
"16404",1605,1
"16405",2262588,54
"16406",11396,3
"16408",172452,4
"16409",20755,3
"16414",22710,3
"16415",758035,41
"16416",13304,4
"16419",236664,14
"16420",297733,16
"16421",32416,2
"16422",6689,2
"16423",75478,7
"16424",118322,10
"16425",114300,5
"17002",239779,22
"17003",2584,1
"17004",3614,1
"17005",783298,40
"17006",3098251,64
"17007",1594,1
"17009",3077,1
"17011",570322,27
"17012",2426,2
"17013",15474,4
"17015",1309750,43
"17016",1923037,61
"17017",7277,3
"17019",649887,47
"17020",6784852,161
"17021",248694,23
"17022",1677230,100
"17023",2048077,77
"17024",10256,3
"17025",1789087,70
"17026",1906617,128
"17027",1614863,91
"17029",471382,16
"17030",199706,15
"17031",2046370,63
"17033",431878,34
"17034",1180541,67
"17035",508697,24
"17036",3884,1
"17037",1347742,37
"17039",210594,8
"17041",2225,1
"17042",2774499,101
"17043",5398,2
"17044",1498986,90
"17045",13501,4
"17046",2536,1
"17047",3436918,97
"17048",1604669,62
"17050",1640556,77
"17051",872345,63
"17052",2164008,139
"17053",4473,2
"17054",490152,42
"17055",229134,13
"17056",3018480,85
"17057",2279,1
"17058",40218,8
"17060",423088,26
"17061",635350,37
"17062",1115284,47
"17063",11402,4
"17064",529317,55
"17066",3382141,84
"17067",2386136,51
"17068",634930,31
"17069",1320124,31
"17070",3982324,189
"17071",2372257,74
"17072",4122204,198
"17073",364312,47
"17074",12901,1
"17076",1695534,63
"17077",307460,22
"17078",4594916,179
"17079",136090,20
"17080",5135,2
"17081",848545,36
"17082",3378765,110
"17083",3258,1
"17084",1589692,78
"17085",1970,1
"17086",3413959,196
"17087",23961,1
"17089",1173567,70
"17092",196692,18
"17093",51599,10
"17095",872119,55
"17097",689658,44
"17098",3280896,163
"17099",438514,22
"17100",9460791,327
"17101",404132,16
"17102",339488,19
"17104",1524306,67
"17105",28675,5
"17106",1076895,50
"17107",2677,1
"17108",891558,47
"17110",477551,24
"17111",2196986,81
"17112",2098,1
"17115",223552,8
"17116",615856,33
"17117",65125,4
"17119",388486,23
"17120",755703,38
"17121",1141324,70
"17122",2295098,97
"17124",10596,3
"17125",2966,1
"17126",942293,44
"17127",8089,3
"17128",636695,36
"17129",2108828,89
"17130",1250733,74
"17131",2125259,75
"17132",3995,1
"17133",498959,22
"17135",533096,27
"17137",2673,1
"17138",2913,1
"17140",437528,48
"17141",1430760,39
"17143",1374355,69
"17145",6712880,200
"17147",2920028,125
"17148",6975,3
"17149",2441,1
"17150",161636,6
"17152",5712163,198
"17154",4138,2
"17155",67263,9
"17156",592892,33
"17157",601478,50
"17159",715787,31
"17160",1492626,88
"17161",126906,13
"17162",357644,14
"17163",235672,21
"17164",1017820,40
"17165",349337,14
"17167",569800,41
"17171",9148,4
"17172",4927907,183
"17173",714640,56
"17174",12344,3
"17175",4491401,156
"17176",342696,14
"17177",404426,18
"17178",623386,26
"17180",1552239,60
"17181",104793,13
"17182",3956,1
"17183",1539568,68
"17184",36976,5
"17185",637782,16
"17187",541962,17
"17188",4252253,87
"17191",16196,3
"17192",7645668,207
"17196",578520,50
"17197",2854255,106
"17198",681814,31
"17199",709689,36
"17202",72486,2
"17203",11309,3
"17204",851289,43
"17206",217645,12
"17207",100945,5
"17208",9903,4
"17209",2897921,98
"17210",3831607,168
"17211",2372,1
"17212",1358697,36
"17213",4963,2
"17214",208946,3
"17215",483366,16
"17216",7131,2
"17217",4195566,94
"17220",3030098,109
"17221",4828,1
"17222",1545,1
"17223",982313,49
"17224",2380880,86
"17225",3312,1
"17226",1327397,79
"17227",1115035,54
"17228",20823,1
"17229",424194,34
"17231",515289,39
"17232",2820243,159
"17233",3098437,99
"17234",2759,1
"17235",4987061,168
"17236",3084021,144
"17237",11801,3
"17239",6584162,186
"17240",1340284,56
"17241",1269566,52
"17242",2461059,58
"17243",607033,43
"17244",1199043,68
"17246",3438,1
"17247",49423,3
"17248",2979971,121
"17249",1768952,66
"17250",1462599,58
"17252",5368,1
"17253",5949,2
"17255",225384,11
"17256",2058851,76
"17257",434828,13
"17258",2126858,70
"17259",1525081,51
"17260",836332,56
"17261",2933400,87
"17262",17899,5
"17263",424858,35
"17265",60983,5
"17266",10429,3
"17269",609979,45
"17270",2862268,90
"17271",49152,4
"17273",8830782,252
"17275",27304,3
"17276",576775,45
"17277",3046,1
"17278",82666,4
"17279",393529,16
"17280",7573,3
"17281",149463,21
"17282",647992,43
"17283",4169784,177
"17287",624027,36
"17288",33858,3
"17289",298433,31
"17290",1129662,41
"17295",6434316,197
"17296",473196,38
"17297",266783,30
"17298",584020,46
"17302",149274,5
"17304",716173,37
"17305",2561613,143
"17307",1579092,55
"17308",4498,1
"17309",718801,43
"17310",3615984,140
"17311",28842,3
"17312",4773157,249
"17313",1533784,67
"17314",1339070,83
"17316",4739578,138
"17317",3379036,128
"17318",158502,16
"17319",341437,16
"17321",3330,1
"17323",632701,74
"17324",310493,18
"17325",4859713,183
"17326",7745146,218
"17327",2354,1
"17328",4653269,161
"17329",2446,1
"17330",172063,15
"17331",540873,32
"17332",1629639,74
"17335",1260304,35
"17336",2972,1
"17337",2749704,203
"17338",2943,1
"17339",3276126,109
"17340",8806,5
"17341",2110958,77
"17342",1784571,88
"17343",1403874,30
"17344",3302474,194
"17345",366689,27
"17346",5209,2
"17347",59933,2
"17349",3055,1
"17350",41009,1
"17353",6390,2
"17354",1317798,83
"17355",7526962,213
"17356",2518,1
"17357",4466876,155
"17358",239191,9
"17359",10484,4
"17360",1579661,218
"17362",1578150,47
"17363",974197,27
"17364",3752664,152
"17365",1228139,30
"17366",948582,41
"17367",473308,9
"17369",702365,62
"17372",362174,10
"17373",2700,1
"17374",377310,16
"17375",10513,4
"17377",808787,25
"17378",1236726,60
"17379",754869,26
"17380",4385,1
"17382",7824,3
"17383",727363,23
"17384",2688,1
"17385",3634304,242
"17386",10545,1
"17388",867473,67
"17390",812816,57
"17393",1230501,76
"17395",1081110,42
"17396",3507,2
"17397",59016,7
"17398",783203,23
"17400",486002,24
"17401",2537,1
"17402",127636,12
"17403",1863635,90
"17404",900728,29
"17405",1480601,76
"17406",33677,4
"17408",3448,1
"17410",5366439,216
"17412",204043,12
"17414",1358,1
"17415",1477724,52
"17416",6109,1
"17417",1129411,52
"17418",2437085,75
"17421",68385,11
"17422",200035,14
"17423",260964,14
"17424",1470076,72
"17425",218512,8
"17426",1794912,90
"17427",2354459,51
"17428",6127894,218
"17429",2115,1
"17430",545606,51
"17431",67246,4
"17432",32321,3
"17433",508580,31
"17434",2439,1
"17435",78233,7
"17436",558526,35
"17437",144423,7
"17438",3434881,116
"17441",2893500,69
"17442",330424,15
"17443",2365,1
"17444",718497,48
"17445",1946553,78
"17446",1724178,48
"17447",8490,2
"17450",73939,4
"17451",5794135,159
"17454",607409,33
"17455",9751,4
"17457",65067,6
"17458",390501,21
"17459",1410852,39
"17460",1300,1
"17462",1086720,47
"17465",40544,4
"17466",2504,1
"17468",340985,22
"17469",3105291,94
"17470",3198155,136
"17473",197356,8
"17476",1124091,44
"17478",2381,1
"17479",2178705,85
"17480",7516,1
"17482",2143,1
"17484",2334,1
"17486",661379,65
"18003",3713,1
"18010",2657,1
"18016",281687,14
"18017",2234,1
"18020",382736,16
"18023",1699,1
"18032",15546,6
"18036",1884465,49
"18039",3104874,104
"18057",682197,38
"18064",149713,8
"18079",4065091,143
"18111",387043,27
"18115",6893,1
"18124",225077,17
"18134",22089,2
"18140",1421,1
"18144",469268,13
"18145",2088761,62
"18146",915770,34
"18148",7006,1
"18151",763753,41
"18156",1733064,78
"18162",51577,1
"18176",1281947,61
"18179",49233,3
"18186",525431,22
"18189",29678,2
"18190",1907068,77
"18192",4472,1
"18193",2341,1
"18202",180236,8
"18208",1979867,66
"18233",1289266,47
"18241",7187357,234
"18246",23380,7
"18249",1768,1
"18258",4431688,174
"18262",1226667,61
"18272",1050223,33
"18274",2644170,77
"18278",60836,6
"18280",496225,17
"18287",1305800,27
"19005",201565,21
"19007",2633,2
"19010",39259,3
"19012",3310,2
"19014",22728,2
"19015",2903,1
"19019",44514,7
"19022",8327,1
"19023",1439,1
"19026",2925,2
"19029",319119,43
"19030",15487,8
"19031",8106,4
"19035",10131,4
"19036",23240,2
"19038",3270,1
"19043",1081,1
"19044",45564,4
"19049",7015,2
"19050",12214,6
"19057",2680,1
"19059",1148,1
"19061",1359,1
"19063",1084,1
"19066",3665,2
"19067",5074,2
"19068",1528,1
"19072",85471,8
"19094",17814,4
"19099",2884,2
"19105",5955,3
"19109",15256,5
"19115",9486,3
"19116",3635,1
"19117",9077,3
"19119",6125,1
"19120",4232,2
"19123",5840,2
"19124",8205,5
"19125",2032,1
"19126",2180,2
"19136",4539,1
"19138",22888,8
"19140",1654,1
"19146",6358,2
"19147",14834,3
"19151",4386,2
"19152",14553,3
"19153",10040,4
"19161",12817,6
"19164",25622,2
"19169",28242,6
"19170",38276,7
"19176",3020,1
"19177",3599,1
"19179",1039,1
"19182",4894,3
"19184",20863,1
"19186",1300,1
"19187",6552,4
"19191",6388,3
"19192",1674,1
"19195",3338,2
"19196",2238,1
"19202",35099,5
"19209",4670,1
"19217",31910,8
"19229",3798,2
"19234",3601,1
"19239",6703,3
"19242",2928,2
"19246",10377,5
"19248",76646,3
"19253",3828,3
"19254",72216,3
"19257",7502,2
"19260",7791,3
"19271",5562,3
"19273",2572,1
"19274",15162,8
"19275",6973,1
"19278",11655,4
"19280",1661,1
"19288",61170,16
"19289",13439,7
"21003",1222,1
"21005",171272,2
"21006",12644,1
"21010",2147024,158
"21017",1098616,69
"21018",19705,3
"21022",4671,2
"21024",1252,1
"21028",6018,4
"21029",1047,1
"21035",8816,3
"21037",1761032,133
"21038",22817,5
"21040",163149,1
"21046",7771,1
"21050",1094007,75
"21054",4492052,235
"21056",55415,4
"21058",282947,19
"21059",3683,2
"21067",9312,2
"21068",1119,1
"21069",1196,1
"21070",740162,41
"21071",25822,2
"21076",35816,1
"21077",352112,21
"21083",38613,4
"21086",135153,19
"21088",193083,20
"21089",15884,3
"21093",244512,41
"21098",2151,1
"21099",598201,76
"21100",1243,1
"21106",8310,4
"21109",98741,2
"21110",1124168,77
"21111",17722,2
"21112",9160,1
"21122",48434,3
"21126",5914,1
"21133",2118502,149
"21135",20925,1
"21139",94158,9
"21142",32745,1
"21143",1905,1
"21148",3015,1
"21149",142852,9
"21150",3646901,192
"21152",6861,1
"21154",47946,2
"21161",19964,1
"21162",1006424,74
"21166",313281,28
"21169",341157,18
"21173",1844471,131
"21182",24558,2
"21185",60662,4
"21186",612211,64
"21189",49574,6
"21190",6581,2
"21192",22898,5
"21194",1029204,83
"21195",279842,26
"21196",689336,79
"21199",1346,1
"21200",1236894,157
"21211",5407,1
"21219",295099,28
"21223",35449,10
"21225",41988,1
"21231",295753,25
"21237",2685,1
"21239",11690,2
"21241",1431571,114
"21245",6460,3
"21251",17280,1
"21252",5269,1
"21254",110951,7
"21256",10604,2
"21265",1195187,109
"21267",985242,47
"21271",152858,10
"21278",6663,2
"21281",1135,1
"21285",19420,1
"21287",4071,1
"21288",105895,1
"21289",403333,30
"21295",4860476,388
"21297",405835,32
"21301",1227,1
"21302",186690,11
"21308",9432,3
"21309",44659,5
"21314",1091,1
"21315",13626,5
"21322",114793,4
"21323",1025,1
"21326",2098,1
"21331",3986,2
"21332",21296,1
"21333",141120,3
"21337",116556,1
"21340",7241,1
"21342",46553,2
"21343",48155,7
"21344",12180,4
"21346",9676,1
"21347",5769,2
"21348",47519,1
"21355",2973,1
"21356",126509,3
"21361",1591,1
"21366",3950,2
"21368",863096,85
"21369",1562,1
"21371",33262,6
"21373",25332,3
"21378",53711,10
"21384",1019920,56
"21386",2222,1
"21389",60061,2
"21390",1902754,194
"21391",5474,4
"21393",155526,16
"21394",1151,1
"21395",1368,1
"21397",176071,36
"21399",63173,2
"21401",1005934,155
"21403",131857,14
"21405",75864,9
"21407",67611,9
"21408",3313,2
"21409",567931,41
"21411",27824,3
"21412",6977283,512
"21413",2555,1
"21416",9408,2
"21419",1060246,50
"21423",1497,1
"21424",56720,2
"21428",1185566,95
"21431",68185,1
"21435",3680,2
"21440",2124,1
"21441",17540,1
"21442",1617610,142
"21444",112585,5
"21447",28326,1
"21449",4201,3
"21450",710057,68
"21454",1893,1
"21456",2287,1
"21458",2124,1
"21460",237323,18
"21461",621632,72
"21462",3286,2
"21464",4457777,324
"21465",10083,2
"21469",18124,1
"21473",34716,4
"21475",2465,1
"21480",1883000,185
"21481",2476,1
"21485",84331,4
"21488",78959,8
"21490",67439,3
"21492",4987240,268
"21493",15208,3
"21496",1216,1
"21499",242472,11
"21500",2843,2
"21506",1333030,124
"21512",3658296,298
"21514",4874,1
"21515",29921,2
"21523",178711,13
"21525",83663,7
"21527",846704,75
"21531",16918,2
"21532",28065,7
"21534",8796,2
"21535",53546,11
"21540",2731,1
"21541",2333177,269
"21544",6925,2
"21546",55562,2
"21548",2496,1
"21550",5918,3
"21555",48030,3
"21558",128060,18
"21559",1180,1
"21560",27863,7
"21569",1243127,170
"21572",2466,1
"21574",1917,1
"21579",4202,2
"21582",3301847,259
"21584",22410,5
"21585",40280,2
"21590",4410126,324
"21594",5886,2
"21596",38648,1
"21597",162510,7
"21599",1222,1
"21606",1583416,167
"21607",70832,3
"21614",3910,1
"21617",70175,4
"21628",67087,6
"21633",28480,4
"21634",24369,2
"21637",71706,5
"21638",1625,1
"21639",3128,1
"21643",8684,2
"21653",79934,3
"21657",14805,3
"21663",1633,1
"21678",3089,2
"21680",39916,1
"21682",6007,2
"21684",2926,1
"21686",64047,2
"21687",15777,4
"21688",641780,32
"21690",4884,1
"21693",24361,2
"21698",2019366,115
"21700",25558,3
"21703",1060,1
"21708",65656,3
"21709",86026,7
"21710",2265,2
"21711",2470,1
"21712",2813041,133
"21714",2001483,108
"21716",625609,40
"22035",1133,1
"22059",4252,1
"22093",28326,1
"22149",34930,1
"22172",3007,1
"22174",1343,1
"22195",2417,1
"22240",5581,1
"22337",45919,3
"23032",12217,1
"23201",3013,1
"23262",2965,1
"24001",4920,1
"24002",12020,5
"24005",2668,1
"24007",9228,3
"24009",1641,1
"24010",5339,1
"24012",3057,2
"24014",3780,1
"24015",2535,2
"24016",8307,4
"24018",13415,3
"24019",10584,3
"24020",70239,10
"24021",8271,4
"24023",71615,6
"24026",48947,13
"24027",1980,1
"24028",66732,8
"24029",2654,1
"24030",6473,1
"24032",11370,4
"24034",3965,2
"24035",2073,1
"24037",4514506,107
"24039",1827,1
"24040",4946,1
"24042",5694,2
"24043",55542,5
"24045",744197,39
"24048",1116197,33
"24050",18553,2
"24051",4540,2
"24053",47263,14
"24054",1234451,20
"24055",1851,1
"24061",5706,1
"24063",65292,9
"24064",67784,21
"24066",6143,2
"24067",3546,1
"24068",6741,2
"24069",9221,4
"24070",4359,3
"24071",4723,2
"24074",7898,2
"24075",82746,12
"24076",3459,2
"24077",10787,2
"24080",6092,1
"24082",1922,1
"24083",255400,14
"24084",3415,1
"24086",1622,1
"24087",2195,1
"24088",33519,2
"24090",9201,3
"24091",9055,3
"24098",2471,1
"24101",4719,3
"24102",3751,2
"24104",25412,7
"24106",4157,2
"24107",20800,7
"24108",6467,2
"24109",4457,1
"24113",9815,4
"24114",3192,1
"24115",5635,2
"24116",1382,1
"24117",26682,6
"24119",4023,1
"24120",6478,2
"24121",12848,5
"24124",5121,2
"24126",3700545,70
"24128",5488,1
"24132",1307896,51
"24134",22097,7
"24135",15423,7
"24136",9728,3
"24137",6684,2
"24138",4313,2
"24139",3294,2
"24140",3255,1
"24142",1776,1
"24144",2660,1
"24145",1648297,47
"24146",35186,5
"24147",12866,5
"24148",1160898,26
"24150",58439,8
"24151",4804,2
"24152",4316,1
"24153",2001,1
"24154",2588,1
"24156",6682,3
"24159",18436,2
"24160",1875,1
"24161",1752,1
"24162",4172,2
"24163",6886,3
"24165",31170,1
"24167",1352896,48
"24168",409641,12
"24171",4309,2
"24172",13460,5
"24174",12675,4
"24176",80626,4
"24182",1650277,65
"24184",99322,16
"24186",732717,17
"24188",1861,1
"24189",3089222,84
"24190",2815,1
"24191",10796,4
"24193",4332755,138
"24194",603372,20
"24195",1939,1
"24196",10080,5
"24197",477185,14
"24199",17329,4
"24202",5626,2
"24205",43836,9
"24206",9906,3
"24209",11704,5
"24210",4947,2
"24211",3889,2
"24214",16931,4
"24216",5129,1
"24217",4052,1
"24220",6802,3
"24222",125930,7
"24223",2845,1
"24224",4325,1
"24225",967017,47
"24226",1110766,46
"24228",10265,2
"24234",4440,2
"24237",1060489,40
"24240",97884,5
"24241",2591,1
"24243",10457,3
"24245",6499,1
"24248",8060,3
"24251",4078,1
"24253",100211,23
"24255",8753,3
"24257",3486,1
"24259",12057,5
"24261",11790,2
"24262",21704,1
"24263",4806,1
"24266",9365,4
"24267",1228724,41
"24271",22763,6
"24272",603413,30
"24274",11725593,181
"24276",3820010,128
"24277",829510,34
"24278",2265,1
"24279",56011,5
"24282",274954,8
"24284",6509,1
"24285",5966,3
"24286",10805,3
"24288",1264430,59
"24289",2548456,95
"24291",10845,3
"24292",297340,12
"24293",1827,1
"24294",118970,6
"24295",19853,4
"24296",781627,10
"24300",6148,1
"24301",12554,3
"24302",11025,6
"24303",1661,1
"24305",4024,2
"24306",1069003,45
"24308",2930,1
"24309",3788,1
"24312",24299,7
"24316",12517,3
"24317",1738,1
"24319",5906,2
"24321",9901,3
"24323",2305,1
"24324",1331,1
"24331",11409842,222
"24335",3410700,109
"24336",2900,1
"24340",672449,40
"24341",3851,2
"24345",2918,1
"24346",13474,5
"24348",532394,21
"24349",3304692,87
"24350",8782,2
"24351",1126578,39
"24352",10403,4
"24353",3449,1
"24354",229774,13
"24356",19559,5
"24357",2286219,51
"24359",523255,19
"24361",4804,1
"24362",16820,7
"24367",3614,1
"24370",1777222,60
"24371",5263,3
"24372",24985,7
"24373",506745,21
"24374",966344,35
"24375",4371,2
"24376",113696,17
"24380",7174,2
"24383",453671,25
"24384",1994,1
"24385",419704,17
"24386",2849,1
"24388",1399,1
"24390",4502,1
"24395",8751,3
"24396",21767,2
"24399",4077,1
"24401",6409,2
"24404",5168,2
"24406",3306,1
"24410",2351,1
"24412",9662,2
"24414",2093,1
"24415",29410,2
"24416",2153,1
"24417",5493,2
"24418",11601,2
"24419",25716,1
"24420",11825,3
"24422",3807,1
"24423",2946783,63
"24425",3683,1
"24426",6133,1
"24432",7192,2
"24434",4555,2
"24436",5661,2
"24437",3593755,52
"24438",5037,1
"24441",122447,6
"24442",3686,2
"24443",8568,2
"24448",10582,3
"24449",6576,2
"24450",3749,1
"24452",3339,1
"24453",10548,3
"24454",744007,51
"24455",16759,3
"24457",5634,2
"24458",4550,1
"24461",2935022,73
"24462",9851,2
"24463",6172,2
"24465",10417,2
"24466",1645757,53
"24468",4117,2
"24470",1672,1
"24471",3500,2
"24472",1583512,58
"24473",19053,6
"24478",2724,1
"24479",19983,5
"24480",3680,1
"24482",9594,2
"24483",497476,26
"24485",8327,3
"24487",431966,16
"24488",17492,6
"24490",34926,10
"24491",7145,3
"24493",4071,2
"24494",155722,11
"24496",7437,2
"24499",546350,20
"24500",1005,1
"24501",259734,13
"24502",2857,2
"24504",2853,1
"24505",6946,2
"24508",2204,1
"24509",12401,5
"24510",1041,1
"24511",8637,3
"24512",6159,3
"24513",8977,1
"24514",1396161,46
"24515",3774,2
"24516",17735,3
"24518",16967,5
"24520",11516,6
"24523",3455826,95
"24525",4658,2
"24526",1896,1
"24527",5235,2
"24528",11491,4
"24531",4166,1
"24532",126963,5
"24533",5668,1
"24534",2861106,117
"24536",984931,25
"24537",13406,6
"24540",14217,5
"24541",1514,1
"24542",4738,1
"24544",8647,2
"24545",6756,2
"24546",1776,1
"24547",2405,1
"24548",6711,4
"24549",4133123,148
"24550",1820,1
"24551",14497,4
"24552",2983,1
"24553",1880,1
"24554",1652,1
"24555",6393,3
"24557",8127,3
"24559",7060,3
"24562",1804,1
"24563",13096,3
"24564",17356,6
"24565",18571,8
"24567",1981,1
"24568",2364112,113
"24572",2404,1
"24573",10578,3
"24575",13970,2
"24577",5622,3
"24580",1233,1
"24581",4455,1
"24582",16292,7
"24584",1299034,69
"24585",4000,2
"24586",8724,4
"25021",3413,1
"25036",6473,4
"25056",3135,1
"25084",15666,5
"25098",28659,8
"25154",1183,1
"25253",4704,2
"25310",1102,1
"25317",6810,4
"25332",1559,1
"25336",27852,13
"25374",1939,1
"25414",96531,23
"25434",10503,1
"25448",1535,1
"25460",25196,9
"25467",2351,1
"25475",1307,1
"25505",2838,1
"25520",15715,1
"25564",4621,1
"25633",60454,4
"26001",615372,42
"26002",1772,1
"26005",657807,22
"26006",58682,4
"26008",26450,1
"26009",18922,4
"26010",2736,1
"26011",164572,20
"26013",128594,13
"26014",13194,1
"26015",380079,35
"26016",16204,3
"26017",14121,1
"26019",2011013,212
"26021",39714,6
"26025",654760,89
"26026",7093,1
"26027",1303532,137
"26031",36690,2
"26032",1157,1
"26033",2396786,140
"26035",251599,24
"26038",4896156,155
"26043",99657,7
"26045",12076,1
"26048",204209,27
"26050",191514,11
"26052",58816,5
"26054",6324824,268
"26058",6484,1
"26060",2526,1
"26061",24944,2
"26063",30195,5
"26064",4345,2
"26065",15167,1
"26068",13278,1
"26070",386259,34
"26071",2351553,112
"26072",101270,17
"26073",696561,43
"26077",1521,1
"26078",53796,4
"26082",62721,13
"26084",339150,22
"26085",550348,27
"26086",772796,60
"26087",48273,9
"26089",12669,3
"26092",102220,10
"26093",924663,72
"26096",420290,27
"26097",4788,1
"26098",9283,1
"26099",378390,42
"26102",46630,7
"26103",215599,33
"26110",1216037,108
"26112",468978,37
"26113",795097,87
"26115",1247,1
"26116",1104123,26
"26118",36785,7
"26119",478535,51
"26121",18551,3
"26122",565429,68
"26124",21301,2
"26127",8703,2
"26129",16423,3
"26130",18481,2
"26138",856551,38
"26139",47173,3
"26140",31953,3
"26144",1610,1
"26145",1885554,30
"26146",1230752,79
"26155",1348,1
"26156",1208959,101
"26157",310615,25
"26159",523683,64
"26160",23889,1
"26165",459910,39
"26166",39245,4
"26169",363769,21
"26171",1761,1
"26172",5487,1
"26176",43741,5
"26177",374725,29
"26178",807657,89
"26179",5797444,284
"26180",2461293,237
"26182",6649911,586
"26183",397279,37
"26185",55602,7
"26188",2672384,275
"26190",136422,10
"26191",88431,5
"26192",3428952,162
"26193",2192,1
"26195",491357,23
"26196",17480,1
"26198",518105,17
"26204",154672,11
"26205",73033,9
"26209",8739,3
"26211",310832,34
"26213",25802,5
"26220",3496100,195
"26226",582000,43
"26229",48266,4
"26231",190263,11
"26233",2982879,289
"26234",214096,23
"26235",200574,4
"26236",231486,29
"26238",68744,15
"26244",91224,6
"26246",577830,71
"26248",696201,65
"26249",14233,2
"26250",3146945,94
"26251",50927,2
"26252",14935,2
"26253",46809,7
"26256",81754,14
"26261",42750,1
"26262",204475,11
"26264",19807,5
"26269",26381,1
"26271",2298428,121
"26272",3177,1
"26275",9202523,290
"26276",1378249,97
"26277",25313,3
"26279",8025,1
"26281",95149,5
"26284",1033112,39
"26285",3072006,175
"26288",115402,14
"26289",1201545,105
"26292",12804,1
"26294",8511,1
"26295",145634,10
"26296",135725,17
"26298",2200,1
"26299",385035,46
"26304",7266,2
"26305",433013,24
"26306",961080,73
"26307",13383,2
"26313",2275,1
"26317",5149885,186
"26321",16649,1
"26322",3528117,151
"26324",1595585,84
"26325",33104,7
"26326",894628,58
"26327",896495,75
"26328",577128,48
"26329",19959,3
"26330",5321,2
"26332",5420,1
"26335",45767,3
"26336",25901,3
"26337",38502,2
"26338",237018,11
"26339",736682,20
"26341",133960,14
"26342",473154,26
"26344",8411,1
"26345",15307994,457
"26346",685594,36
"26347",1368055,38
"26348",3431287,216
"26350",9071,3
"26352",20775,2
"26355",229613,23
"26357",13830894,467
"26360",1018068,42
"26367",4670379,352
"26368",1798951,119
"26370",171720,17
"26376",48305,7
"26377",16867974,733
"26379",327476,15
"26380",732071,70
"27192",3419,1
"27238",22067,1
"27392",10978,1
"27405",4734,1
"27422",11772,1
"27622",12339,1
"28035",26332,1
"28084",1349,1
"28168",13050,2
"28243",24463,1
"28292",1641,1
2A001,21287,1
2A004,617222,22
2A022,9969,1
2A032,18015,3
2A041,440648,26
2A062,39812,1
2A070,66260,6
2A071,247086,15
2A085,508334,13
2A091,726978,14
2A092,194020,4
2A103,7612,1
2A104,480680,16
2A114,1907187,60
2A118,98022,5
2A130,4245,1
2A139,704960,18
2A141,3876,1
2A160,2569,1
2A189,80673,4
2A191,413824,13
2A209,134285,15
2A211,2734,1
2A232,69246,5
2A247,12263,1
2A249,9763,2
2A269,98797,5
2A270,540578,10
2A272,2803358,80
2A276,103494,7
2A349,9093,1
2A362,44572,4
2B002,6270260,87
2B009,5383268,79
2B016,3302673,54
2B029,1626942,68
2B037,60109,2
2B042,406719,11
2B046,56324,9
2B049,1912182,46
2B050,451577,30
2B057,246569,4
2B077,151471,4
2B082,67666,6
2B087,18949,1
2B088,9206,1
2B096,21992,4
2B109,217741,12
2B112,429189,8
2B122,1815,1
2B123,12186204,183
2B126,156491,5
2B143,3228673,71
2B148,7259,1
2B149,32757,1
2B150,396243,21
2B152,66122,9
2B159,49243,7
2B166,49491,4
2B167,254986,14
2B168,72246,2
2B169,458371,10
2B170,68746,10
2B173,3169,1
2B185,1079614,40
2B188,117967,5
2B201,353711,10
2B205,457361,19
2B207,182172,4
2B220,311430,4
2B224,20803,3
2B229,472949,13
2B230,16728,1
2B236,550449,5
2B239,2084001,86
2B257,95149,4
2B261,120986,5
2B277,180261,2
2B286,29164,3
2B290,291061,6
2B298,215922,15
2B303,1219598,21
2B305,2638,1
2B314,888283,23
2B316,4172,1
2B318,85864,2
2B319,420534,8
2B320,8954146,138
2B327,74340,1
2B329,11881,1
2B333,8640,1
2B342,536000,9
2B343,77736,3
2B346,574682,27
2B361,25962,3
"30001",1237390,62
"30002",4158401,179
"30003",7361363,203
"30004",2573922,134
"30005",1586857,143
"30006",3970044,120
"30007",57515,7
"30008",777847,54
"30010",73360,5
"30011",10146,1
"30012",2313108,115
"30013",1077455,50
"30014",3271363,131
"30018",2353807,156
"30019",497930,37
"30020",2343523,52
"30021",1134386,60
"30022",6183,2
"30023",1027226,85
"30027",1150042,88
"30028",7494146,353
"30029",2081913,163
"30030",1978914,83
"30031",788037,78
"30032",10757429,320
"30033",8958778,268
"30034",8037625,249
"30035",473312,37
"30036",795151,21
"30039",2361619,57
"30041",3037105,112
"30042",957344,71
"30043",414871,20
"30046",1312954,76
"30047",2203072,76
"30048",60916,4
"30049",2999262,123
"30050",927530,47
"30053",2243356,107
"30054",2120877,136
"30055",382295,30
"30056",317447,15
"30057",934406,73
"30058",390813,46
"30059",3338531,85
"30060",557663,16
"30061",495693,31
"30062",5819264,280
"30065",2269527,127
"30066",1441746,95
"30067",1003113,65
"30068",3196984,173
"30069",1834188,139
"30070",1952549,114
"30071",1077542,68
"30072",4289948,228
"30073",2534673,170
"30075",156005,8
"30076",3385923,363
"30081",3018589,204
"30082",797811,68
"30083",1011211,35
"30084",1880132,75
"30085",1196650,57
"30086",1482061,94
"30088",1543110,124
"30089",2596515,69
"30091",1015348,96
"30092",2756443,120
"30093",385863,21
"30095",2107326,138
"30096",4139430,285
"30098",680638,48
"30100",1251417,59
"30101",80325,5
"30102",729025,72
"30103",6818565,307
"30104",895684,51
"30106",951027,71
"30107",3941673,187
"30109",641473,51
"30110",695640,21
"30111",887535,59
"30112",1273008,74
"30113",91431,8
"30114",4051020,229
"30115",340368,22
"30116",6099199,288
"30117",145748,10
"30119",362398,29
"30121",1461649,93
"30122",1345249,78
"30123",2158389,108
"30124",389972,43
"30125",2100149,51
"30126",2730389,137
"30127",2350886,171
"30128",4742607,198
"30129",10084,1
"30131",865675,60
"30133",4985141,63
"30134",491471,36
"30135",5239228,225
"30136",1096245,56
"30138",976565,65
"30141",13011468,608
"30143",758258,69
"30144",716990,54
"30145",2348093,85
"30146",2398019,132
"30147",3493598,177
"30148",1266606,54
"30149",3476050,133
"30150",657614,25
"30151",46414,5
"30152",56382,10
"30155",5339907,153
"30156",1030572,48
"30158",973583,86
"30160",925396,36
"30161",254147,16
"30162",1877693,104
"30163",731724,54
"30165",249208,18
"30166",4192948,92
"30168",5171,1
"30169",608104,19
"30172",390035,36
"30173",425752,31
"30174",1220256,61
"30175",918677,68
"30177",377005,26
"30178",304754,13
"30179",4791235,150
"30180",1493595,53
"30181",701043,61
"30182",1850602,110
"30183",2534835,135
"30184",1617713,93
"30185",744129,26
"30186",890191,51
"30187",470536,26
"30188",657747,55
"30189",5967850,135
"30191",2784864,100
"30192",869688,43
"30193",101391,5
"30196",1061148,125
"30197",457693,28
"30200",1819013,188
"30202",3460008,151
"30204",66357,5
"30205",1273292,142
"30206",4751,2
"30207",2653056,158
"30208",638261,19
"30209",6637906,402
"30210",960912,36
"30211",4500240,159
"30212",1225636,57
"30214",3247737,175
"30215",23846,3
"30217",4315409,338
"30218",218024,11
"30220",1205,1
"30221",7172316,286
"30222",1278123,65
"30223",292429,16
"30224",1911006,47
"30225",11104920,669
"30226",3285229,205
"30227",226511,14
"30228",5934782,170
"30230",1191409,154
"30232",1215518,88
"30233",1276082,46
"30234",1753065,77
"30235",601078,42
"30236",4208,1
"30240",2589775,170
"30241",2433797,64
"30242",537917,44
"30243",1129674,65
"30244",882694,69
"30245",2108949,100
"30247",391042,17
"30248",2140981,91
"30249",523398,24
"30250",299667,48
"30251",3193172,141
"30252",52598,3
"30254",3066736,180
"30255",2474592,99
"30256",2661684,222
"30257",1073258,46
"30258",16635500,337
"30259",685768,36
"30260",3766970,168
"30261",690907,59
"30262",508650,22
"30263",1332933,81
"30264",1917936,198
"30265",1479064,61
"30266",921519,51
"30267",3478504,192
"30269",2777,2
"30270",7248,3
"30271",133223,9
"30272",2563,1
"30273",1734061,126
"30275",760918,70
"30276",7109223,179
"30277",1937448,126
"30278",6181272,272
"30279",630772,38
"30281",1549326,98
"30282",2626700,181
"30283",1633,1
"30285",6207193,261
"30286",1325687,84
"30287",3502425,149
"30288",1462185,124
"30289",2613165,104
"30290",4286090,235
"30292",2137093,162
"30293",366393,39
"30294",131047,9
"30295",1883199,99
"30299",1025875,49
"30300",920700,66
"30301",36273,3
"30302",6146781,268
"30303",127755,8
"30304",102082,7
"30305",27512,6
"30306",1837748,102
"30308",2482469,70
"30309",1208615,75
"30311",603634,31
"30312",961619,56
"30313",788846,50
"30314",1531415,68
"30315",3782905,261
"30317",1160800,66
"30318",613358,36
"30319",1004389,52
"30320",78874,4
"30321",1401846,53
"30324",1997703,157
"30326",9173961,448
"30328",3687271,218
"30329",35962,7
"30330",2462205,155
"30331",7096804,393
"30333",504607,15
"30334",1578171,52
"30336",1317831,52
"30337",1138070,79
"30338",25188,2
"30340",1582877,108
"30341",20213247,527
"30342",4278300,259
"30343",903574,86
"30344",1030251,32
"30346",1556743,107
"30347",1742869,39
"30348",1410975,67
"30349",813693,49
"30350",10982,3
"30351",166064,11
"30352",1136596,57
"30354",795409,46
"30355",1612423,56
"30356",431746,22
"31008",3267,1
"31026",3062,2
"31027",1779,1
"31033",1932,1
"31043",5955,2
"31050",1701,1
"31051",4423,1
"31052",194991,8
"31066",1915,1
"31077",7726,2
"31079",489789,19
"31080",3341,1
"31091",7511,1
"31093",48922,2
"31096",8445,3
"31100",5959,1
"31102",1259,1
"31113",1124,1
"31118",763966,35
"31130",2654,1
"31143",1373,1
"31145",1689,1
"31151",2245,1
"31162",1706,1
"31165",80405,3
"31166",3452,1
"31168",1970,1
"31179",4527,2
"31189",2340,1
"31192",5773,2
"31193",1615,1
"31201",2588,1
"31202",8430072,270
"31226",1827,1
"31231",3582,1
"31232",6988,2
"31234",9943,2
"31237",1575,1
"31238",1270,1
"31240",3728,1
"31265",4030,1
"31266",22479,1
"31274",1038,1
"31276",4901,1
"31281",8668,2
"31285",5973,2
"31286",103587,5
"31287",38169,4
"31291",45717,2
"31312",2943,1
"31322",7738,1
"31324",2298,1
"31332",2478,1
"31336",2208,1
"31341",27918,2
"31347",2985,1
"31349",6526,1
"31352",3286,1
"31357",3155,1
"31363",1308,1
"31374",3543,1
"31383",80681,12
"31385",7490,2
"31387",3462,1
"31390",4297,1
"31395",31950,1
"31397",2458,1
"31398",2961,2
"31399",42656,1
"31408",3042,1
"31413",25038,3
"31414",1088,1
"31415",2803,1
"31416",23020,1
"31419",2386,1
"31435",7783,1
"31443",7693,2
"31448",5894,1
"31451",4097,1
"31454",4668,2
"31461",3303,1
"31468",1104,1
"31472",1294,1
"31476",62172,3
"31478",3582,1
"31479",2296,1
"31483",3286,1
"31487",1340,1
"31489",2012,1
"31490",3849,1
"31492",13984,1
"31494",3892,1
"31502",8212,2
"31510",1960,1
"31513",4014,2
"31515",1965,1
"31517",1433,1
"31520",1137,1
"31527",4196,1
"31539",5983,2
"31550",11786,4
"31555",77101,3
"31563",1561701,103
"31564",1278,1
"31581",779380,53
"31583",858478,32
"31584",629874,29
"31585",6640,2
"31586",9252,4
"31587",321892,8
"31589",2365,1
"32001",1340362,48
"32002",2558,1
"32004",25478,2
"32005",1269169,39
"32010",2516,1
"32012",7740,2
"32013",74093,7
"32014",2043,1
"32016",2946,1
"32017",618019,19
"32020",11209,3
"32021",7533,2
"32022",1953536,49
"32023",1145,1
"32024",184701,5
"32025",3019247,45
"32027",1455,1
"32029",4644,1
"32030",2255,1
"32031",998229,23
"32032",244633,8
"32035",791800,25
"32036",652220,26
"32037",422812,11
"32043",139867,4
"32044",197463,8
"32045",1006,1
"32046",42960,3
"32047",132122,3
"32049",1072,1
"32050",1628,1
"32052",663352,21
"32054",31666,2
"32055",1219,1
"32057",130384,2
"32059",181016,4
"32062",2216713,39
"32063",1635848,54
"32064",3227489,63
"32065",2367,1
"32066",1930,1
"32069",2373,1
"32071",14003,1
"32073",861542,22
"32075",1543316,40
"32076",7759,3
"32077",4081,2
"32079",7009422,219
"32080",132263,2
"32081",304208,10
"32083",1054,1
"32087",1124460,29
"32088",693399,22
"32089",17044,2
"32091",6046,1
"32093",658123,32
"32094",1656278,51
"32095",1278458,41
"32096",5266137,128
"32100",2284402,52
"32102",147597,5
"32107",7042073,185
"32108",614403,17
"32109",517678,31
"32110",5222885,121
"32111",2213,1
"32112",2997,1
"32113",1974522,48
"32114",1724,1
"32115",1007339,35
"32119",14129693,273
"32120",5938,2
"32121",5515,1
"32122",1261,1
"32123",18259,9
"32125",723353,20
"32127",3184567,75
"32130",3297,1
"32131",2963,1
"32132",322570,17
"32133",2842341,73
"32134",4162,1
"32135",478065,27
"32138",10230,4
"32142",72339,7
"32143",390199,20
"32144",52681,3
"32146",8851,2
"32147",1685,1
"32149",7921890,181
"32150",5770,2
"32152",12025,4
"32155",494460,26
"32158",3481,2
"32159",10186,4
"32160",16008,6
"32162",136607,8
"32163",6918,2
"32164",2091,1
"32165",18493,6
"32166",315314,14
"32167",2913,1
"32169",1471,1
"32170",1194364,51
"32172",5065,2
"32173",3770,1
"32174",54802,5
"32175",115423,13
"32176",2270,1
"32178",1102931,31
"32180",5693699,138
"32181",3220,1
"32182",6131,2
"32184",4228,1
"32185",1998,1
"32189",632508,26
"32190",3378142,93
"32191",611988,20
"32192",226112,14
"32193",2182611,45
"32194",395196,10
"32196",531483,18
"32197",5364882,113
"32199",417817,22
"32202",1559873,46
"32203",2727125,59
"32204",450460,12
"32205",1233,1
"32206",14542,5
"32207",1183,1
"32208",931018,22
"32209",989081,49
"32210",1119,1
"32211",2648684,52
"32212",3485,2
"32213",8059,4
"32214",461468,18
"32215",3480,1
"32216",2864,1
"32217",10785,1
"32218",376382,19
"32219",207665,8
"32220",192074,11
"32221",11523,3
"32222",305842,10
"32224",450346,9
"32226",5521,3
"32227",4557251,95
"32228",1685,1
"32229",3208,1
"32230",800275,20
"32231",147867,5
"32233",1070,1
"32235",436551,17
"32236",313851,12
"32239",83113,4
"32241",119333,7
"32243",4425237,105
"32244",604980,22
"32245",1902993,61
"32246",1436522,45
"32247",6236,2
"32249",7730,3
"32252",2569,1
"32253",28087,4
"32258",223738,2
"32263",4495,1
"32264",838360,24
"32266",1286,1
"32268",6099,1
"32269",9175,2
"32271",141856,8
"32272",2769,1
"32274",327607,13
"32276",2350,1
"32279",8124,3
"32280",1757,1
"32281",4644,1
"32282",1878,1
"32285",11230,3
"32286",457798,12
"32287",5363,1
"32288",1632,1
"32289",1169,1
"32290",12961508,313
"32291",381038,17
"32292",1761293,39
"32294",422946,19
"32295",2412,1
"32296",1151977,23
"32297",10250,5
"32299",1156688,28
"32303",1743,1
"32305",3261837,82
"32306",10559,2
"32307",1298,1
"32308",1531,1
"32310",90602,5
"32311",3361,1
"32312",4086,1
"32313",22337,1
"32315",119631,8
"32317",105282,6
"32319",62387,5
"32320",15215,3
"32321",2028,1
"32323",1559,1
"32325",702217,29
"32328",12680,2
"32329",144392,8
"32331",1160,1
"32332",264684,13
"32333",48259,3
"32335",1505,1
"32336",7384,3
"32337",30674,1
"32338",2292765,61
"32339",1553,1
"32340",2123154,46
"32341",674280,24
"32343",40717,4
"32344",2337156,57
"32345",85521,5
"32346",295643,10
"32348",353258,16
"32350",221821,4
"32351",1753827,38
"32352",6487,1
"32353",1659,1
"32354",473163,22
"32355",1972,1
"32359",6012,2
"32360",1236,1
"32362",210387,3
"32363",9787,3
"32365",6432,2
"32368",373007,9
"32369",3406908,80
"32370",7368,1
"32373",5308,1
"32376",68343,2
"32379",1826,1
"32380",264867,8
"32382",132628,4
"32383",1232,1
"32385",2200,1
"32387",2280,1
"32388",3053,1
"32389",5877,1
"32390",1296256,42
"32391",7698,1
"32396",19594,3
"32398",1594949,63
"32400",692547,19
"32402",225421,11
"32403",149462,6
"32404",1524908,44
"32406",2855,2
"32408",1764111,41
"32410",7592,2
"32412",3488,2
"32414",1603066,44
"32415",1400,1
"32416",1862,1
"32417",96728,8
"32419",2272,1
"32422",9927,1
"32423",495542,14
"32425",3195,1
"32426",4916,2
"32428",2063,1
"32433",5122,1
"32434",506787,30
"32437",1226396,28
"32440",6062,1
"32443",436764,15
"32445",86155,6
"32446",1207,1
"32448",6668,1
"32449",557807,24
"32450",65258,4
"32451",6081,2
"32455",4241,1
"32457",2794,1
"32458",607724,15
"32459",2179763,52
"32460",48299,4
"32461",162247,8
"32462",1204731,41
"32463",3933901,134
"32465",1204,1
"32466",1507,1
"32467",3685,2
"33001",1249687,41
"33002",124524,8
"33003",416674,21
"33004",389739,16
"33006",3005219,141
"33007",1720712,57
"33008",7266591,140
"33010",2138746,30
"33012",3930174,148
"33013",355965,13
"33014",2469022,116
"33015",3339793,109
"33016",562962,29
"33018",4534882,154
"33020",2807392,60
"33021",95114,3
"33022",1569691,68
"33023",323969,11
"33024",907455,27
"33025",2410349,51
"33028",2881864,71
"33030",6216480,250
"33032",312524,11
"33033",1739066,47
"33034",494479,26
"33035",1381911,77
"33036",28512,4
"33037",714141,36
"33038",8940045,299
"33040",989969,41
"33043",870034,19
"33044",250813,10
"33045",2422538,112
"33047",7393987,246
"33048",55157,4
"33049",3149828,69
"33050",268751,9
"33052",73565,4
"33054",49893,3
"33055",7408786,192
"33056",1216146,31
"33057",12012139,177
"33058",967680,33
"33059",828949,24
"33060",3093058,171
"33061",321879,7
"33062",672032,30
"33064",727073,26
"33065",77052,2
"33067",5587690,192
"33071",444536,25
"33072",5694,2
"33073",2245119,89
"33074",16287,3
"33076",1589579,74
"33077",113430,2
"33078",1282204,42
"33079",728027,19
"33080",1310393,41
"33081",1970347,51
"33082",490385,18
"33083",470882,18
"33084",963635,40
"33085",1187319,41
"33086",2380886,59
"33087",2519397,45
"33088",18117,1
"33089",1204709,51
"33090",515870,12
"33093",7058545,154
"33094",4782244,126
"33096",16991,2
"33098",2049804,68
"33099",736759,21
"33100",5986820,206
"33101",2285983,116
"33102",1054958,43
"33104",255423,7
"33105",3755881,46
"33106",155396,9
"33108",1680571,69
"33109",1353882,39
"33111",1360970,48
"33112",2674446,50
"33114",353181,20
"33116",202919,5
"33117",6168352,120
"33118",1100114,38
"33120",1206754,73
"33121",1327462,22
"33122",9772,1
"33123",2987214,81
"33125",3263824,93
"33126",1116595,42
"33127",479904,17
"33128",6669701,175
"33129",2513079,36
"33130",733485,12
"33131",1266147,34
"33132",532164,23
"33133",2440044,54
"33134",2560165,113
"33135",724752,19
"33136",947856,35
"33137",191664,7
"33138",240944,11
"33139",758630,20
"33140",900828,38
"33141",645822,25
"33142",1421140,51
"33143",1141137,33
"33145",223251,11
"33146",6192601,162
"33147",2397486,53
"33148",202431,6
"33149",1588609,49
"33150",2248812,57
"33151",825004,52
"33152",2010973,61
"33153",3494486,97
"33154",20938,2
"33156",2443861,53
"33157",1745985,41
"33158",1450715,31
"33159",136383,8
"33160",3025482,68
"33161",1338041,37
"33162",4845,2
"33163",4623771,71
"33164",2514731,101
"33166",597044,21
"33168",1937208,59
"33170",165934,8
"33171",1994264,44
"33172",1607522,63
"33173",2589790,83
"33174",3736596,141
"33175",5592179,78
"33176",2016180,103
"33177",1565592,91
"33178",9299,1
"33179",4286520,104
"33180",4474,1
"33181",2893774,115
"33182",1789517,77
"33183",589213,27
"33184",830576,53
"33185",5220060,161
"33186",4266054,111
"33187",863897,34
"33189",3211480,56
"33191",747267,45
"33192",151977,9
"33194",3490438,81
"33195",801984,27
"33196",1982532,35
"33198",309326,18
"33201",2975642,63
"33204",201199,8
"33205",3483422,190
"33206",191770,17
"33207",326273,23
"33208",5199958,139
"33209",2897098,72
"33210",2865194,73
"33211",1541848,73
"33212",68403,3
"33213",1430619,64
"33215",2421675,36
"33218",170689,16
"33219",2313384,91
"33220",2689008,51
"33221",605046,35
"33222",5484494,197
"33223",3351745,44
"33224",683970,7
"33225",1524181,98
"33226",3666409,100
"33227",1787319,68
"33228",3108388,110
"33230",507923,21
"33231",1381602,49
"33233",805694,20
"33234",220473,16
"33237",59194,9
"33238",6601321,206
"33239",6838,3
"33240",1442536,61
"33241",895923,23
"33242",8325822,166
"33243",4542648,187
"33244",6126,2
"33245",1603077,40
"33246",2026227,44
"33247",1247446,38
"33248",6744306,285
"33250",2252992,36
"33252",680913,16
"33253",4382918,175
"33254",124592,7
"33256",2343575,71
"33257",2001090,56
"33258",2851517,50
"33259",4039195,168
"33261",13828704,435
"33262",3905104,113
"33263",104823,5
"33264",1697748,90
"33266",144771,7
"33268",6611821,241
"33269",7244175,131
"33272",1105068,34
"33274",5168600,128
"33275",732781,14
"33276",7465,3
"33277",6682077,119
"33278",3676762,59
"33279",2321591,58
"33280",1911676,80
"33281",454080,20
"33282",4454384,113
"33283",551324,13
"33285",2543210,70
"33287",624745,17
"33288",2060104,90
"33289",805975,31
"33290",16449300,519
"33291",195069,13
"33292",3006175,46
"33293",1598485,64
"33294",2233295,51
"33295",467624,27
"33296",5201744,120
"33297",5582776,175
"33298",4304578,129
"33299",5380640,124
"33301",4681113,120
"33302",5159438,136
"33303",3507241,140
"33304",404220,21
"33308",1357514,26
"33309",3057243,151
"33311",655881,29
"33312",643146,18
"33314",12074978,331
"33315",284241,16
"33316",16917059,332
"33317",2843416,76
"33318",878835,46
"33319",3079750,76
"33320",2921257,113
"33321",1322430,47
"33322",796754,30
"33323",2999109,105
"33324",4113787,111
"33325",2860572,108
"33326",1415257,62
"33327",2369126,95
"33328",4641216,121
"33330",935670,28
"33331",356668,9
"33332",250788,16
"33334",4652366,233
"33335",225273,7
"33337",4878882,226
"33339",1978709,77
"33341",4239867,122
"33342",9202590,395
"33343",1823445,70
"33344",3627589,88
"33345",1208272,26
"33346",33356,3
"33347",1068883,52
"33348",2276697,93
"33349",1343602,46
"33350",2013632,56
"33351",4211777,155
"33352",1275370,33
"33353",4443206,67
"33354",4304928,85
"33355",4308672,119
"33356",866602,44
"33357",981084,15
"33358",1679994,48
"33359",1688565,46
"33360",2164609,71
"33361",7038024,134
"33362",60674,7
"33363",2300250,68
"33364",1850495,77
"33365",1631106,66
"33366",2851569,120
"33367",4814055,144
"33369",4284383,121
"33370",2464169,85
"33372",3367599,51
"33373",163494,7
"33374",3032405,103
"33375",1831900,90
"33377",1333651,39
"33378",6469756,169
"33379",3086809,49
"33380",9692500,309
"33381",1161871,62
"33382",3498897,149
"33383",3656962,100
"33384",5061864,193
"33385",1035302,35
"33386",1781995,68
"33387",1842134,59
"33388",3400887,154
"33389",4436458,197
"33390",2205342,79
"33392",3714919,148
"33393",1994404,108
"33394",18859727,627
"33395",11106402,433
"33396",5496878,125
"33397",1560776,50
"33398",2246272,32
"33399",3309571,64
"33400",5848993,123
"33401",1294705,52
"33403",4352201,67
"33404",2021387,50
"33405",1427688,47
"33406",2728287,136
"33407",2312715,86
"33408",1029596,33
"33411",2443204,87
"33412",3316450,138
"33413",4477379,130
"33414",615551,48
"33415",2071834,92
"33416",2547485,98
"33418",2044908,56
"33419",2306226,28
"33420",3179579,65
"33421",1980550,54
"33423",8379820,173
"33424",5567888,100
"33425",718257,49
"33426",2254148,125
"33427",3753606,54
"33428",696029,14
"33431",1310979,25
"33432",171036,5
"33433",3128555,157
"33434",489745,13
"33435",3022,1
"33437",5173884,180
"33438",2861731,92
"33439",3203316,138
"33440",4449748,81
"33441",1724223,66
"33442",751014,34
"33443",1908593,42
"33444",3062272,111
"33445",2071181,72
"33446",4209624,58
"33447",1665244,50
"33448",1779246,47
"33451",1802049,55
"33452",156459,6
"33453",1732234,50
"33454",1188791,45
"33456",4648848,137
"33457",460073,22
"33458",4047563,139
"33459",3347468,69
"33460",3358133,95
"33461",2873111,95
"33462",1285775,34
"33463",2585519,127
"33464",2968853,70
"33465",2658327,71
"33466",2585327,101
"33467",5834333,117
"33468",6661533,133
"33470",1375226,84
"33471",3565544,156
"33472",748790,29
"33473",2023511,77
"33474",693297,31
"33475",1464396,67
"33476",6592270,340
"33477",1009885,22
"33478",63867,7
"33479",1368564,29
"33480",9512095,307
"33481",947046,26
"33482",4150629,71
"33483",2456616,94
"33485",3556910,166
"33486",1284418,56
"33487",518582,20
"33488",3427586,106
"33489",1904249,63
"33490",1454,1
"33491",2342360,77
"33492",208944,13
"33493",3183983,148
"33496",1856832,50
"33499",2694484,91
"33500",1684850,74
"33502",286186,10
"33504",3404495,108
"33505",4049864,150
"33506",15099848,180
"33507",6952,2
"33508",233504,8
"33509",682990,22
"33510",1224874,59
"33512",111139,7
"33515",5124620,120
"33516",4530220,50
"33517",4308632,130
"33518",1483160,55
"33519",311970,11
"33520",1637448,33
"33522",271099,25
"33523",9105446,156
"33524",479676,25
"33525",4178561,125
"33526",1836370,64
"33530",3661089,112
"33531",1300043,34
"33532",226356,17
"33533",747905,26
"33534",624911,20
"33535",1186310,31
"33538",4308046,143
"33539",4795413,120
"33541",1098627,41
"33542",2428392,89
"33543",1383282,37
"33545",4369229,127
"33546",2522392,119
"33548",5764355,216
"33549",891716,36
"33550",1131501,64
"33551",1828229,70
"33552",667525,49
"33553",517826,22
"33554",1398870,48
"34001",4454354,228
"34002",1906470,96
"34003",7154090,279
"34004",2210209,137
"34005",125268,13
"34006",2980487,254
"34007",3385700,235
"34008",159785,15
"34009",9655686,558
"34010",3920373,345
"34011",859415,65
"34012",516386,53
"34013",5051919,389
"34014",2730097,156
"34015",1445580,132
"34016",1260001,113
"34017",2499546,160
"34018",3910832,281
"34020",2775748,253
"34021",1951649,121
"34022",399324,35
"34023",9687,2
"34024",36272,3
"34025",2736033,174
"34026",2003812,141
"34027",1209122,69
"34028",742632,54
"34029",1951050,127
"34030",1450452,147
"34031",7762507,342
"34032",16356941,706
"34033",1487288,87
"34035",716045,52
"34036",3210860,300
"34037",2107454,109
"34038",166002,20
"34039",49960,9
"34040",11718,1
"34041",1980071,92
"34042",415550,32
"34043",587614,46
"34044",4404833,378
"34045",2732976,303
"34047",1391747,101
"34048",1947205,104
"34050",123731,10
"34051",2221384,113
"34052",18367941,850
"34053",6671,1
"34054",157335,17
"34056",7938101,494
"34057",840886,39
"34058",2239650,123
"34059",2563820,214
"34060",259529,10
"34061",4283355,316
"34062",2506886,210
"34063",10648913,609
"34065",2598002,241
"34066",479837,24
"34067",70891,9
"34068",1844695,82
"34069",12269514,800
"34070",2678877,230
"34072",18662,2
"34073",3729537,165
"34074",7817416,579
"34075",5172545,353
"34076",2509532,177
"34077",303131,16
"34078",2844088,200
"34079",3005891,214
"34080",43683,6
"34081",2808506,142
"34082",717684,51
"34084",6831871,414
"34085",1313703,82
"34087",1619697,131
"34088",2589003,179
"34089",2108599,157
"34090",437049,21
"34092",7443018,572
"34094",2502500,136
"34095",2410504,97
"34096",2304280,182
"34097",1894374,254
"34099",20668,1
"34100",79148,16
"34101",17835869,679
"34102",1647867,101
"34103",6073842,398
"34104",701870,72
"34105",1287844,131
"34106",183634,27
"34108",5913395,295
"34109",2329288,240
"34110",1743476,131
"34111",4551,2
"34112",1064666,78
"34113",961930,76
"34114",5487815,472
"34116",206520,12
"34118",1246149,86
"34119",269551,38
"34120",72467,3
"34121",103092,11
"34122",1068446,68
"34123",657669,29
"34124",216228,28
"34125",1865824,136
"34126",218022,14
"34127",1893708,95
"34128",179336,15
"34129",967650,38
"34130",5722901,413
"34131",1279451,83
"34132",447050,63
"34133",104307,8
"34134",1360349,80
"34135",5900975,420
"34136",1681594,77
"34137",746938,57
"34138",919014,59
"34139",4089656,216
"34140",335989,24
"34141",8892524,454
"34142",273564,28
"34143",1128449,88
"34144",579010,56
"34145",1698366,80
"34146",1927327,101
"34147",9474567,642
"34148",2869306,221
"34149",2048803,119
"34150",7507140,419
"34151",1254836,63
"34152",1117907,75
"34153",1347762,96
"34154",3590897,213
"34155",4760267,182
"34156",723595,31
"34157",8216391,370
"34158",1273751,120
"34159",659806,46
"34160",516398,82
"34161",3814017,139
"34162",13741234,781
"34163",1486700,69
"34164",2864213,209
"34165",1760767,127
"34166",8743182,359
"34167",2641872,110
"34168",489117,49
"34169",325419,27
"34170",1869662,160
"34171",539815,39
"34172",1114179,71
"34173",4456589,358
"34174",776280,30
"34175",369769,26
"34176",947172,51
"34177",300304,18
"34178",10611305,709
"34179",1192045,129
"34180",2532530,172
"34181",1647822,121
"34182",1182205,86
"34183",9353031,492
"34184",3030043,166
"34185",876767,56
"34186",1273301,122
"34187",72016,7
"34188",398574,39
"34189",11393244,566
"34190",2104149,174
"34191",2742093,157
"34194",3965991,285
"34195",3685,1
"34196",518343,76
"34197",1844734,146
"34198",19649,1
"34199",9174901,511
"34200",337962,28
"34201",1491601,155
"34202",2698543,183
"34203",5145111,257
"34204",2188687,206
"34206",2141316,135
"34207",6509611,244
"34208",2806480,259
"34209",2711898,166
"34210",6226421,469
"34211",276059,22
"34212",154458,27
"34213",2344085,142
"34214",4935988,309
"34215",522621,40
"34216",75493,17
"34217",526896,39
"34218",3459435,271
"34219",15520,2
"34220",950540,88
"34221",768654,76
"34222",1555331,90
"34223",2752122,164
"34224",6913312,389
"34225",12290354,778
"34226",10227074,819
"34227",1732669,107
"34232",4001789,388
"34234",2212453,158
"34236",10804,1
"34237",5212725,313
"34238",194968,21
"34239",6340181,360
"34240",3131843,150
"34241",2589812,266
"34242",1703493,133
"34243",222952,18
"34244",512326,21
"34245",3108501,257
"34246",5657160,350
"34247",273335,20
"34248",629090,41
"34249",2248864,112
"34250",12429,1
"34251",19905,3
"34254",1741028,121
"34255",546845,43
"34256",2663572,195
"34258",3545219,216
"34259",1489826,116
"34262",1500755,119
"34263",730574,55
"34264",248273,28
"34265",233671,21
"34266",1281037,94
"34267",2914910,281
"34268",2326150,192
"34269",2334448,137
"34270",481416,29
"34271",170309,26
"34272",243431,17
"34273",4633,2
"34274",215905,22
"34276",1942256,116
"34279",1172178,130
"34280",107615,7
"34281",6253750,612
"34282",202056,28
"34285",4645452,381
"34286",301859,37
"34287",2427902,138
"34288",1082610,58
"34289",6863456,283
"34290",13748,2
"34291",1259,1
"34292",240234,33
"34294",919995,51
"34295",535568,41
"34296",636459,55
"34297",1944179,111
"34298",4293575,149
"34299",5839471,266
"34300",18472657,845
"34301",2093626,29
"34302",7489484,380
"34304",288217,42
"34306",9613,1
"34307",687552,51
"34308",286422,45
"34309",815635,60
"34310",4473874,222
"34311",5954524,357
"34312",1277402,107
"34313",1695352,138
"34314",918581,51
"34315",877551,37
"34316",237678,33
"34317",3868,1
"34318",2590205,194
"34319",406853,63
"34320",861056,44
"34321",256796,16
"34322",4243798,241
"34323",105836,11
"34325",2531261,159
"34327",632397,55
"34328",3791147,272
"34329",6500356,252
"34332",6447454,189
"34333",2209173,90
"34334",893889,83
"34335",666591,61
"34336",3934853,160
"34337",1067037,55
"34338",298866,10
"34339",1535613,156
"34340",295680,23
"34341",7397326,514
"34342",95014,8
"34343",60546,4
"35006",2690,1
"35009",5754,1
"35089",117303,2
"35119",7441,2
"35139",25915,1
"35176",1725,1
"35263",4638,1
"35284",40766,1
"35304",2143,1
"35354",1006,1
"36010",69714,4
"36011",1729,1
"36018",1186,1
"36025",1416,1
"36030",8525,2
"36032",18972,3
"36034",155869,15
"36035",2514,1
"36051",1742,1
"36065",348961,18
"36073",1312,1
"36077",381042,17
"36082",4044,1
"36096",4639,1
"36103",15279,2
"36107",2302216,179
"36109",3419,1
"36114",2791,1
"36115",1072,1
"36117",1448,1
"36137",1260,1
"36138",14973,3
"36139",1061,1
"36145",1177,1
"36148",16361,2
"36154",1252,1
"36155",3831,2
"36165",5792,3
"36168",2329,2
"36171",2047475,58
"36176",2973,1
"36177",1041,1
"36196",2052,1
"36199",8140,2
"36200",1087,1
"36202",3620,1
"36216",1710,1
"36220",2265,1
"36223",2832,1
"36227",71864,4
"36228",3631,1
"36233",803363,51
"36235",78090,6
"36237",1668,1
"36241",21581,4
"36244",247449,20
"37003",414740,31
"37004",283710,26
"37008",131571,13
"37011",356954,20
"37012",327948,27
"37014",554580,35
"37015",1894,1
"37021",14974,1
"37022",2772313,195
"37023",15201,3
"37024",2851793,135
"37027",827342,72
"37028",7341,1
"37031",3577216,269
"37033",8039,3
"37034",10681,2
"37039",6946,1
"37040",285438,17
"37041",26637,2
"37042",124726,16
"37043",1221003,42
"37048",4907,3
"37049",7542,1
"37050",19261,2
"37051",15911,4
"37052",3937176,205
"37058",354921,32
"37060",1163213,82
"37061",2331,1
"37062",2046,1
"37064",3999,1
"37065",17606,4
"37067",423456,26
"37068",3070,1
"37070",150219,8
"37071",31858,5
"37072",4714720,296
"37073",6096,1
"37074",442879,57
"37076",1019,1
"37077",148301,10
"37079",1604543,99
"37087",6778,2
"37088",40794,5
"37089",7204302,285
"37090",87538,4
"37091",343746,30
"37093",752602,37
"37095",13441,1
"37096",567464,38
"37098",3929,3
"37100",171308,17
"37101",1623,1
"37104",423663,22
"37105",13067,3
"37109",45529,2
"37110",1790670,91
"37111",103737,6
"37112",3035,1
"37113",1043,1
"37118",211690,23
"37119",63371,5
"37121",4404,2
"37122",35229,2
"37123",1328,1
"37124",7325,1
"37125",88788,5
"37126",115482,10
"37128",257700,42
"37129",1471048,76
"37131",1690317,82
"37132",8812,3
"37138",829177,36
"37139",50615,3
"37141",45705,3
"37144",66092,7
"37145",1992,1
"37147",1347,1
"37156",2855441,215
"37161",1059455,68
"37163",972478,98
"37170",4923,2
"37171",3386040,130
"37178",3545817,138
"37179",507114,34
"37180",34733,8
"37184",4144,1
"37185",617923,31
"37187",1769,1
"37189",1567,1
"37191",226217,6
"37193",5058584,249
"37194",1580494,88
"37196",1788,1
"37197",56995,6
"37199",7277,2
"37200",68815,11
"37201",722381,58
"37202",706055,51
"37203",3343827,137
"37205",21650,2
"37207",7706,1
"37208",34282,4
"37210",120476,7
"37216",4005,1
"37220",149682,10
"37221",5351,2
"37222",5017,1
"37225",2508071,183
"37226",57310,9
"37228",11236773,777
"37230",273677,16
"37232",1994484,104
"37236",21988,6
"37242",1824233,134
"37244",432607,39
"37246",6203,2
"37247",2721,1
"37248",33746,5
"37252",78139,1
"37253",11195,3
"37255",56429,5
"37256",124491,9
"37258",90578,9
"37260",104647,16
"37261",38088,2
"37264",118203,8
"37270",5461538,228
"37280",89404,1
"37281",4813613,245
"37282",9615,4
"38004",2612,1
"38017",48191,6
"38018",15239,2
"38022",6973,3
"38027",9066,2
"38029",1710,1
"38032",5565,3
"38039",79920,20
"38041",2657,2
"38042",3586,1
"38048",2009,1
"38059",2076,1
"38061",13490,5
"38062",2104,1
"38072",38221,3
"38075",1097771,146
"38076",4645,2
"38084",1115,1
"38087",84372,7
"38094",2459,1
"38101",1744,1
"38104",2909,1
"38107",1367,1
"38114",43569,8
"38124",1220,1
"38131",3211,1
"38135",2437,1
"38140",4647,1
"38144",2413,2
"38148",5743,2
"38157",5993,2
"38161",1395,1
"38162",3126,1
"38180",3189,2
"38182",1564,1
"38185",4265,1
"38194",2906,1
"38204",1030,1
"38209",9832,1
"38215",2754,1
"38226",10802,3
"38229",6008,1
"38245",16697,1
"38261",1883,1
"38263",1411,1
"38276",2137,1
"38279",3232,1
"38291",1399,1
"38292",1140,1
"38295",2124,1
"38310",1347,1
"38311",1075,1
"38314",30457,3
"38321",45328,16
"38335",2453,2
"38336",1149,1
"38339",1184,1
"38340",1915,1
"38342",60854,8
"38344",26691,2
"38346",1178,1
"38348",1128,1
"38356",10238,1
"38359",2792,2
"38370",7329,3
"38373",11150,2
"38374",162447,19
"38378",87902,16
"38384",1639,1
"38389",4288,3
"38393",2500,1
"38394",999,1
"38397",46748,12
"38399",5938,3
"38400",20924,4
"38408",1082,1
"38415",6568,2
"38422",1378,1
"38425",148787,15
"38431",23063,5
"38440",1585,1
"38448",28140,9
"38450",1821,1
"38454",8272,2
"38455",128381,13
"38457",1371,1
"38458",10415,2
"38464",1031,1
"38466",33096,6
"38467",3959,2
"38468",9166,3
"38474",1995,1
"38483",58831,7
"38487",436452,36
"38501",1744,1
"38503",9168,4
"38511",17353,4
"38516",1673,1
"38535",5574,2
"38544",36894,5
"38546",29288,7
"38555",2694,2
"38563",1914,1
"38566",2959,1
"39002",137242,7
"39006",71159,10
"39013",6375126,269
"39017",454362,38
"39019",190941,21
"39021",66250,11
"39025",53481,10
"39028",54597,9
"39041",43205,5
"39043",232118,21
"39049",70179,13
"39073",57261,8
"39074",1224,1
"39081",392839,35
"39088",141334,8
"39095",179838,22
"39103",7070,1
"39114",539480,60
"39145",62449,5
"39164",9216,1
"39176",76626,11
"39185",5501,3
"39192",3221,1
"39199",824050,54
"39217",851893,64
"39241",11651,1
"39244",29763,5
"39251",310357,35
"39255",11738,2
"39263",223890,26
"39288",449486,56
"39300",20386,1
"39304",21798,4
"39310",244426,15
"39315",44574,9
"39319",132660,4
"39320",119325,12
"39321",430436,46
"39325",76682,16
"39330",8823,2
"39334",1560,1
"39337",259278,9
"39342",33145,4
"39348",74979,8
"39349",55240,7
"39354",1482,1
"39355",1244095,67
"39362",6904,2
"39370",43800,6
"39388",233147,27
"39392",115580,9
"39404",104731,17
"39407",489132,24
"39411",65137,12
"39421",56805,5
"39422",112933,11
"39434",926133,64
"39439",21146,4
"39446",1341669,86
"39447",180196,22
"39467",328023,26
"39471",277396,29
"39479",173027,7
"39480",84376,7
"39486",2655,1
"39489",142281,18
"39500",118259,13
"39508",1390,1
"39533",162958,24
"39535",1513,1
"39537",1316,1
"39539",218400,18
"39552",131283,26
"39553",179236,22
"39567",35957,2
"39572",426374,32
"39576",468749,53
"39582",1082801,99
"40001",142155,6
"40002",7417,1
"40003",2616,1
"40005",11527,3
"40013",545248,24
"40016",20252,3
"40022",241268,19
"40024",13296,1
"40027",1315,1
"40029",28907,2
"40034",7231,2
"40035",205606,13
"40038",114981,7
"40039",599533,19
"40046",2073,1
"40052",737719,27
"40053",1069611,1
"40057",87368,5
"40059",7768,1
"40065",52866,5
"40070",11843,2
"40072",275757,13
"40073",4914,1
"40074",1050,1
"40078",83625,7
"40079",1733,1
"40080",7453,1
"40082",233784,10
"40083",208425,16
"40087",169424,2
"40091",164508,10
"40097",380807,19
"40098",33494,3
"40099",21826,1
"40100",1294019,56
"40102",206641,7
"40109",1986,1
"40110",344853,16
"40118",96361,7
"40125",25313,2
"40127",1538620,50
"40129",1540,1
"40131",2288993,63
"40132",5864,1
"40137",262375,5
"40138",2394,1
"40140",1213125,38
"40141",4105,1
"40144",3457,1
"40148",9011,1
"40158",10975,1
"40172",2603,1
"40174",27173,3
"40176",352595,9
"40181",112375,8
"40185",273690,12
"40188",52585,3
"40191",12906,3
"40193",132638,6
"40195",36935,1
"40196",17223,2
"40199",137504,9
"40201",21666,1
"40204",4137,1
"40214",10013,1
"40218",4943807,87
"40219",220506,14
"40220",221873,6
"40221",1322056,32
"40224",1752,1
"40226",19553,2
"40233",177914,10
"40235",71932,5
"40238",71433,9
"40239",523137,20
"40247",2174,1
"40248",1655,1
"40249",20407,2
"40253",18463,3
"40259",4442,2
"40261",44263,1
"40265",510699,14
"40267",270617,15
"40269",11544,2
"40270",465843,41
"40271",4289,2
"40275",1760,1
"40284",195052,1
"40286",1800,1
"40289",65552,8
"40298",9966,3
"40299",2931,1
"40305",54211,5
"40309",2825,2
"40313",1233,1
"40318",38861,1
"40321",30965,4
"40325",766348,35
"40326",8198,3
"40330",14964,7
"40331",193784,8
"40333",7002,1
"41002",2013720,105
"41010",101543,8
"41016",274686,17
"41029",129731,23
"41031",309337,22
"41034",144506,3
"41042",1596178,83
"41043",1288226,90
"41045",146486,9
"41049",2694306,145
"41050",1167065,61
"41051",421871,27
"41052",161236,16
"41054",620788,34
"41055",162148,5
"41059",2872675,172
"41061",441627,28
"41062",2447312,119
"41063",1066913,75
"41067",1473331,74
"41068",3432,1
"41070",8510,3
"41080",1368136,53
"41086",4551,2
"41094",475526,29
"41102",329779,28
"41104",1287657,66
"41120",191493,17
"41124",5675,1
"41126",2588292,161
"41127",7981,1
"41129",100266,3
"41131",474953,24
"41132",942746,54
"41137",1774006,61
"41139",1793273,76
"41142",2448,1
"41144",263536,13
"41145",446150,24
"41146",2490718,140
"41147",230486,20
"41148",283636,11
"41149",105375,11
"41150",376143,30
"41151",633836,47
"41155",124408,5
"41158",443415,25
"41164",2253825,108
"41166",2962813,110
"41167",830308,51
"41180",326780,29
"41181",3079068,159
"41189",495107,17
"41190",7228,1
"41195",62666,6
"41198",1572794,125
"41201",2087,1
"41204",406658,20
"41211",3844029,172
"41217",1130920,82
"41220",12936,1
"41225",25176,2
"41229",3624134,249
"41233",805180,46
"41234",2355,1
"41237",1728676,106
"41239",767498,59
"41242",233544,19
"41247",1355719,79
"41258",2973771,193
"41259",954967,34
"41262",41433,4
"41265",31431,4
"41266",76963,6
"41269",242692,16
"41279",13076,4
"41293",129967,6
"41294",513393,42
"41295",116775,17
"42003",300218,34
"42009",6938,2
"42018",116474,25
"42019",92130,13
"42021",14348,3
"42030",55107,3
"42032",5567,2
"42046",148873,17
"42051",6477,2
"42053",4175,2
"42056",2907174,244
"42064",6657,3
"42087",6005,2
"42117",2880,1
"42119",110749,7
"42120",187025,17
"42122",7317,3
"42124",18631,6
"42129",196357,33
"42132",1363128,142
"42134",451230,37
"42136",124324,14
"42137",1946,1
"42145",1292,1
"42147",1183,1
"42150",4015,1
"42159",19476,1
"42168",87559,16
"42179",61258,10
"42182",398659,29
"42191",5037,3
"42197",95047,8
"42198",26976,6
"42199",392936,39
"42201",4559,1
"42207",2951,2
"42225",11884,6
"42228",70933,11
"42232",43258,8
"42233",275690,30
"42239",144602,15
"42256",11981,6
"42265",413947,53
"42272",543953,50
"42283",2142,1
"42285",48648,7
"42290",1524,1
"42307",77405,11
"42313",131598,11
"42324",3531,1
"42327",255174,27
"42331",493109,42
"42332",5145,1
"43011",1491,1
"43016",1724,1
"43033",1832,1
"43055",4899,2
"43079",3233,1
"43096",3043,1
"43117",2051,1
"43136",1588,1
"43170",5092,2
"43195",2721,2
"43264",10691,1
"44001",2457,1
"44002",1035517,48
"44003",338336,24
"44005",202996,15
"44007",17922,2
"44009",250274,11
"44012",7384,2
"44014",255794,16
"44016",201571,21
"44018",1042031,46
"44020",7024,1
"44021",356108,21
"44022",1886,1
"44023",5899,1
"44024",270789,16
"44026",142127,15
"44028",214210,14
"44029",2622362,176
"44031",16674,1
"44032",2717432,191
"44037",3909574,243
"44041",163647,9
"44043",1775105,113
"44045",22083,2
"44048",28726,4
"44055",2410,1
"44063",92995,16
"44064",3571504,276
"44066",4946,1
"44067",16360,3
"44069",2328,1
"44070",3514725,189
"44071",1050352,84
"44073",8695,1
"44077",5761,1
"44079",5314195,429
"44081",501584,41
"44082",122550,6
"44083",1559540,83
"44084",8605506,505
"44087",7658,1
"44088",5951829,469
"44094",77512,6
"44096",3661,2
"44100",3637610,214
"44102",58859,8
"44104",35386,4
"44106",141842,8
"44108",5748155,384
"44110",6376,1
"44115",329283,31
"44117",2959992,243
"44118",7738,2
"44119",191761,6
"44126",1632,1
"44127",8076,2
"44130",383340,44
"44131",39837,5
"44133",577397,52
"44140",2612306,145
"44141",484879,47
"44142",645272,34
"44144",8624,1
"44145",7382,2
"44149",4860,1
"44150",289780,17
"44152",2607,1
"44155",222089,19
"44156",3326656,127
"44157",3590,1
"44158",3860,2
"44159",2684716,146
"44163",480449,25
"44164",33812,1
"44165",218982,18
"44169",1479088,108
"44171",708022,38
"44172",24427,3
"44173",1445192,102
"44174",12802,3
"44178",609845,57
"44180",10008,3
"44182",2492,1
"44186",220857,18
"44187",2714,1
"44188",2396313,139
"44192",2114,1
"44193",18343,1
"44194",1663,1
"44198",4758,3
"44202",7229,2
"44204",29540,5
"44208",2882,1
"44209",2019,1
"44212",13581309,790
"44213",5099,1
"44215",4202072,253
"44216",334257,22
"44220",2259,1
"45006",22917,1
"45019",14265,2
"45029",215615,32
"45040",207196,12
"45042",5462,1
"45089",4459,1
"45098",239030,17
"45155",127625,5
"45174",47873,3
"45182",39636,6
"45196",101991,9
"45204",176632,19
"45234",17565,1
"45238",80121,4
"45271",6303,2
"45272",5156,1
"45282",92180,12
"45284",2101,1
"45309",1344,1
"46001",2425066,153
"46003",2534,1
"46005",2134896,53
"46006",3918,1
"46007",5928,2
"46010",19945,1
"46017",3091,2
"46022",821118,60
"46023",364355,20
"46026",4887,1
"46027",2343,1
"46028",2190,2
"46030",6585,1
"46031",3736,1
"46033",2468263,150
"46034",2226,1
"46037",97988,6
"46038",24727,3
"46039",4378,2
"46040",3100,2
"46042",343160,36
"46044",1201771,68
"46045",4499,2
"46050",435339,45
"46058",48964,3
"46059",20350,2
"46060",854563,61
"46061",10862,1
"46062",38685,2
"46063",354765,26
"46064",20825,4
"46065",3099,2
"46068",2522,2
"46069",3405,1
"46070",631665,11
"46073",6869,2
"46074",2527,1
"46076",83658,2
"46078",3408,1
"46080",14318,1
"46082",1869,1
"46083",4542,2
"46087",1144,1
"46088",947496,81
"46089",1488170,63
"46090",2656,2
"46091",2559,1
"46092",7790,1
"46102",69463,4
"46103",734643,50
"46105",238528,17
"46107",1520258,52
"46109",4426,1
"46113",8936,2
"46114",1451,1
"46116",1051,1
"46117",1184,1
"46118",1886,1
"46119",10134,4
"46121",6677,2
"46124",450702,33
"46126",55276,4
"46127",30014,6
"46128",5805,1
"46129",7142,3
"46130",898270,36
"46131",4011,1
"46134",11697,1
"46136",53243,4
"46137",264899,26
"46138",2826,2
"46140",5044,1
"46142",1516295,57
"46144",23063,4
"46145",1998,1
"46147",479204,27
"46148",22854,5
"46149",166336,15
"46156",126635,7
"46159",25038,6
"46172",5760,1
"46173",6521,2
"46178",8721,3
"46182",2786563,172
"46183",1761,1
"46184",5275,1
"46185",36455,2
"46187",640451,29
"46188",26434,3
"46190",12282,1
"46191",1057984,28
"46192",6577,1
"46193",11292,1
"46196",7505,3
"46197",108981,7
"46199",40294,5
"46201",168093,11
"46202",43587,4
"46205",2785,1
"46211",89032,11
"46214",2480825,88
"46216",3760,1
"46218",866273,28
"46219",1283,1
"46220",6353,2
"46222",50921,5
"46224",674051,43
"46225",3256026,135
"46227",3847,1
"46228",19662,5
"46231",2743770,96
"46232",4241,2
"46240",125838,14
"46247",8542,2
"46251",2413,1
"46252",1220,1
"46253",1639,1
"46254",8594,3
"46256",8126,3
"46258",9389,1
"46259",3302,1
"46262",103456,15
"46263",1111176,46
"46265",2367,1
"46268",68673,6
"46270",7353,1
"46273",4882,2
"46277",21346,4
"46281",1655,1
"46284",12703,3
"46290",2693,1
"46293",1818,1
"46294",2113,1
"46295",4854,2
"46296",1995193,186
"46297",20245,5
"46301",925279,53
"46305",535679,42
"46307",1385530,50
"46308",3072,2
"46309",6842,2
"46313",3331,1
"46315",1059,1
"46316",1339,1
"46321",729963,42
"46322",1484824,133
"46328",1809,1
"46329",5775,1
"46330",1630,1
"46333",3349,1
"46334",3818,1
"46335",1453964,103
"46336",3466263,88
"46340",1378,1
"47003",11032,1
"47004",65384,7
"47005",8278,2
"47008",553983,11
"47009",3523,1
"47010",7188,2
"47011",97231,8
"47012",206368,9
"47015",342800,14
"47016",63574,6
"47017",40121,2
"47018",158033,8
"47020",424088,15
"47021",330322,8
"47022",87039,8
"47023",42796,3
"47024",318527,24
"47026",12452,4
"47028",3609,1
"47029",9917,3
"47030",1432,1
"47036",187275,7
"47037",2502,1
"47038",7937,3
"47040",2825,1
"47041",774116,30
"47042",8943,2
"47043",4235563,169
"47044",3811,1
"47045",259402,11
"47046",17578,5
"47047",34903,2
"47048",224402,6
"47049",338200,14
"47050",1550,1
"47051",3455,2
"47052",2287,1
"47054",11716,3
"47055",1115,1
"47056",292391,15
"47059",3807,1
"47061",7060,3
"47063",3050,1
"47065",11548,3
"47066",22676,5
"47067",175887,8
"47068",3411653,128
"47069",15093,3
"47071",14992,4
"47072",17348,2
"47073",10386,2
"47074",1477,1
"47076",35760,1
"47077",2400,1
"47078",394972,16
"47081",223584,8
"47082",43091,4
"47086",1040893,28
"47087",3480,1
"47088",398186,13
"47089",1653398,47
"47090",680393,28
"47091",5671,1
"47092",4164,2
"47097",1360235,44
"47098",19847,2
"47099",36070,3
"47100",6773,2
"47101",3110,1
"47102",2848,1
"47103",210561,11
"47104",49029,5
"47106",3814,1
"47107",3303,1
"47109",6968,3
"47110",7397,2
"47112",1520,1
"47114",9660,1
"47115",138735,8
"47117",6767,2
"47121",10033,2
"47122",1795,1
"47123",1880,1
"47124",1890,1
"47125",4705,2
"47126",98648,6
"47127",5037,1
"47130",1026,1
"47131",509241,28
"47133",12189,3
"47134",2259720,48
"47137",189102,6
"47138",9158,2
"47139",26017,2
"47140",7426,1
"47141",121704,6
"47143",1524456,48
"47144",8078,5
"47145",86889,5
"47147",2817,1
"47148",308029,7
"47151",2381012,102
"47154",1004,1
"47155",16690,2
"47156",1113032,41
"47157",834454,42
"47158",4888,1
"47159",2661,1
"47160",174574,9
"47161",2472,1
"47162",4650,2
"47163",213490,16
"47165",772467,29
"47167",850139,26
"47169",235349,12
"47170",40165,5
"47171",4377,2
"47172",125639,6
"47173",1837,1
"47174",229329,10
"47175",79162,6
"47176",2231572,60
"47177",2997,1
"47180",669981,36
"47181",37669,3
"47182",2335,1
"47183",1884,1
"47186",1367777,41
"47187",83092,4
"47188",2721,1
"47189",5909,2
"47190",75036,7
"47191",235601,10
"47192",4070,1
"47195",1272963,33
"47197",10069,1
"47198",6834,1
"47199",871302,26
"47200",4257,1
"47203",7372,2
"47204",5935,2
"47206",5553,2
"47207",100806,3
"47209",2847,1
"47210",27941,6
"47211",679419,17
"47213",5946,3
"47214",63128,5
"47215",32901,3
"47217",5620,1
"47218",1047,1
"47220",20294,3
"47221",127237,2
"47222",3450,1
"47224",309017,14
"47226",1342,1
"47227",2930,1
"47228",1243,1
"47229",1584841,51
"47230",120592,5
"47233",530127,27
"47235",3593,2
"47236",461662,18
"47238",419458,14
"47239",30294,5
"47240",3432,1
"47241",4494,1
"47244",3187,1
"47246",9387,3
"47247",1565841,56
"47251",531858,21
"47252",221608,13
"47253",22449,2
"47255",1417,1
"47256",3095,1
"47257",72889,5
"47258",3893847,65
"47259",175317,6
"47260",3422,1
"47264",40931,5
"47266",1024573,22
"47267",990836,32
"47275",3331,1
"47276",4452,2
"47277",288259,11
"47278",2781866,69
"47281",6281,2
"47282",6184,1
"47284",1134,1
"47285",152512,8
"47287",9341,1
"47288",11510,3
"47290",165328,11
"47291",11015,4
"47292",61887,5
"47293",1721,1
"47294",2327715,73
"47299",2519,1
"47301",30960,4
"47302",224222,11
"47303",1051143,42
"47305",85759,3
"47307",363877,22
"47310",32549,7
"47312",16687,4
"47315",1321,1
"47316",1466,1
"47317",5341,3
"47318",1593609,39
"47320",115850,6
"47321",3270134,101
"47323",17557,5
"47326",395865,17
"47327",1615348,55
"47328",8862,3
"48075",55407,9
"48098",6172,1
"48146",51814,7
"49002",180784,27
"49003",896416,42
"49007",7115,3
"49009",3280,2
"49011",323921,20
"49012",977597,48
"49015",3131,1
"49018",13552,4
"49021",7661,4
"49022",3335722,157
"49023",27809,6
"49029",1460508,83
"49030",7886,3
"49035",145521,12
"49041",746913,69
"49048",5077,2
"49050",11633142,462
"49053",1856432,68
"49057",621516,35
"49060",6903824,351
"49061",4333,1
"49063",1827969,137
"49068",68736,5
"49080",95993,4
"49082",2563250,188
"49086",13897486,585
"49089",2789,1
"49092",2719600,156
"49099",5075,3
"49100",1233154,74
"49102",2024435,61
"49107",11926,2
"49109",2132,1
"49110",1153,1
"49112",1084289,67
"49113",569121,30
"49120",363238,17
"49121",113610,15
"49123",627887,35
"49125",17630706,908
"49126",8229884,617
"49127",2179,2
"49129",3367,2
"49131",849342,51
"49132",1099,1
"49138",28856,3
"49140",119327,8
"49160",197551,12
"49163",216737,8
"49167",6154334,212
"49174",152555,5
"49180",42497,12
"49182",199973,8
"49183",3566,1
"49194",56985,6
"49200",1243,1
"49211",1559006,70
"49215",4463272,189
"49218",1157792,88
"49219",1870793,96
"49220",1130,1
"49222",1365056,59
"49223",751667,36
"49224",10116,3
"49228",10932,7
"49235",2072857,79
"49236",1248389,37
"49244",3017838,207
"49246",1069,1
"49247",105322,6
"49253",4812247,260
"49259",4821006,224
"49260",2157,1
"49261",1492987,85
"49262",47028,5
"49267",1913,1
"49269",1501,1
"49272",23222,2
"49278",80076,10
"49283",19641,4
"49284",4203,2
"49291",436419,25
"49292",11530671,563
"49301",5384918,451
"49302",1555361,52
"49307",21861,9
"49308",882756,35
"49310",12474,3
"49311",36640,7
"49323",3490,1
"49326",2766,1
"49328",5212120,323
"49329",1634966,115
"49330",2136,1
"49331",3496,2
"49332",2134,1
"49336",1886,1
"49338",1028169,63
"49341",1957979,123
"49345",22298762,1199
"49347",9987,4
"49358",1569338,99
"49359",1770549,57
"49361",53602,9
"49362",1413622,95
"49364",6572164,334
"49367",34637,1
"49369",13149,5
"49370",3567,2
"49373",16697146,670
"49374",20956,3
"49377",24410,2
"49378",24810,7
"50031",5933,1
"50034",3491,1
"50092",1990,1
"50101",11521,2
"50138",3022,1
"50216",3795,1
"50237",33128,2
"50267",10999,1
"50272",3137,1
"50281",2478,1
"50384",4510,1
"50412",2997,1
"50431",8656,1
"50475",20976,1
"50492",13700,1
"50532",2375,1
"50543",7320,1
"50550",2845,1
"50588",21289,3
"50596",20604,1
"50613",4562,1
"51002",764375,49
"51005",592217,87
"51007",3778555,429
"51014",213223,16
"51020",45648,2
"51028",2253198,143
"51029",2603866,164
"51030",7548269,445
"51036",2547276,234
"51038",787082,39
"51039",355068,34
"51040",854112,102
"51042",476757,41
"51044",276714,19
"51045",391975,41
"51048",851760,62
"51049",2075840,312
"51050",409469,48
"51052",978647,78
"51056",1831312,138
"51058",39576,2
"51061",602116,93
"51069",49011,11
"51072",451486,29
"51073",139929,9
"51076",2384212,140
"51079",3624422,314
"51081",289859,14
"51085",1289394,103
"51086",2719,1
"51087",33908,1
"51088",431507,62
"51089",748135,78
"51090",77278,13
"51092",1348291,144
"51093",735939,52
"51102",148517,30
"51103",845278,117
"51105",785656,81
"51109",10979,2
"51111",570400,47
"51112",2010491,132
"51119",694319,50
"51120",31457,3
"51121",339646,26
"51122",116998,13
"51124",342279,8
"51136",2306273,120
"51140",807304,60
"51142",1211281,74
"51145",561732,52
"51152",1283912,77
"51153",5130550,312
"51157",291256,52
"51158",262721,36
"51163",760618,118
"51168",2981,1
"51171",548732,81
"51172",68479,4
"51173",672121,37
"51177",731750,57
"51181",134893,22
"51186",194315,30
"51188",435921,23
"51190",103224,8
"51192",357871,58
"51194",359958,28
"51195",213523,15
"51196",3412255,167
"51198",332596,35
"51199",1291057,53
"51200",1671442,166
"51201",332299,17
"51202",1748521,114
"51204",3951279,179
"51210",1761172,108
"51217",3269901,276
"51218",317542,40
"51225",1359781,165
"51230",2331517,227
"51238",888034,77
"51239",95458,13
"51241",45935,1
"51242",42053,1
"51245",706106,88
"51247",1093643,115
"51248",48504,1
"51249",1835129,115
"51252",2251014,119
"51254",1182826,171
"51256",290850,19
"51262",218705,1
"51266",195418,8
"51267",306223,35
"51270",1139,1
"51273",247643,35
"51275",185738,23
"51281",1778285,147
"51282",178392,19
"51287",2799049,187
"51291",980177,120
"51294",276826,51
"51298",141966,16
"51305",341487,56
"51308",10149,5
"51309",405734,10
"51310",872074,40
"51314",468709,32
"51320",1373856,76
"51321",150922,18
"51325",311184,19
"51327",676413,76
"51328",57247,7
"51333",3163536,114
"51338",2766776,147
"51339",9822,1
"51342",1822768,127
"51344",1875303,137
"51346",3749677,192
"51348",402441,28
"51362",410800,48
"51363",61815,8
"51364",248670,28
"51365",459537,30
"51367",4222029,236
"51374",64068,7
"51375",396383,14
"51376",1038790,65
"51378",980724,55
"51379",217545,17
"51384",197351,26
"51387",134338,10
"51390",1201346,90
"51392",1006448,61
"51393",59927,2
"51396",807314,55
"51398",95929,6
"51403",1608147,298
"51404",10143,2
"51410",1337462,74
"51413",853521,61
"51414",500336,26
"51416",408929,14
"51418",78524,3
"51420",1611,1
"51421",162285,14
"51422",781152,57
"51425",1886834,169
"51429",843396,116
"51431",1152115,74
"51437",304725,17
"51444",519620,60
"51445",197291,21
"51448",1352610,187
"51450",153040,6
"51454",501363,21
"51457",3575940,177
"51461",3086329,106
"51465",728651,38
"51466",94298,4
"51468",140680,26
"51471",1463688,201
"51472",118890,10
"51479",354118,55
"51480",621712,44
"51482",1662,1
"51484",27154,10
"51496",312388,24
"51518",555987,40
"51523",423501,55
"51526",732549,102
"51527",865225,88
"51532",1604085,166
"51534",764778,67
"51535",1929956,207
"51536",899111,54
"51552",2278,2
"51558",320744,38
"51562",1468776,37
"51563",371062,72
"51564",2689433,149
"51568",461406,80
"51576",495215,34
"51577",93627,7
"51580",2706769,162
"51581",269947,17
"51582",1831865,122
"51584",375607,44
"51585",3392114,203
"51586",392575,69
"51588",7035,2
"51589",336234,22
"51591",333838,50
"51592",2377924,125
"51597",1047287,66
"51599",302448,66
"51601",432031,31
"51602",155254,17
"51605",1783531,72
"51609",3494950,214
"51611",930959,149
"51612",9561087,520
"51613",4140586,189
"51614",3972201,181
"51622",1870732,115
"51624",58075,1
"51627",1002656,44
"51629",1298718,76
"51631",280624,18
"51633",128933,17
"51636",2406047,192
"51639",3807,1
"51641",1185278,170
"51643",1489550,87
"51644",1452395,66
"51645",709871,66
"51647",581964,60
"51657",809758,144
"52009",12214,4
"52015",1323,1
"52060",3917,1
"52069",2178,1
"52083",6071,1
"52093",1021,1
"52103",4066,1
"52136",96367,5
"52140",402224,21
"52189",27892,1
"52230",37558,2
"52264",38214,2
"52357",23006,2
"52398",21957,1
"52405",90112,7
"52406",3114,1
"52411",1380,1
"52425",25315,4
"52426",363670,34
"52437",1816,1
"52456",3200,1
"52484",5504,1
"52511",1724,1
"53057",6067,1
"53184",6057,1
"53218",1037,1
"54010",2294,1
"54012",5844,1
"54013",1560,1
"54022",16799,1
"54080",51919,8
"54102",292523,26
"54105",307332,34
"54111",6867,2
"54120",16132,4
"54162",28593,4
"54197",2142,1
"54229",3897,1
"54279",7399,1
"54327",313933,38
"54339",8724,2
"54380",2522,1
"54414",166090,7
"54415",68157,13
"54423",3391,2
"55093",27191,4
"55121",57634,8
"55228",32994,2
"55243",74734,8
"55258",3196,2
"55330",7881,2
"55353",1352,1
"55462",50484,2
"55551",251049,17
"56067",10446,1
"56081",7451,1
"56089",24208,1
"56100",41972,1
"56102",74006,1
"56110",12991,3
"56123",6101,1
"56143",1369,1
"56170",11723,2
"56240",62245,2
"56251",57613,5
"57021",139717,11
"57026",5127,2
"57032",4986,1
"57039",5938,2
"57148",11187,1
"57152",145820,20
"57212",40510,3
"57352",22148,2
"57385",13565,4
"57396",17326,3
"57416",36529,5
"57445",36952,3
"57448",5576,2
"57515",28646,3
"57615",5332,1
"57642",43412,4
"57650",318798,22
"57701",33778,5
"57712",90788,7
"58002",71205,5
"58003",271341,23
"58005",26811,1
"58010",28069,2
"58016",139482,12
"58037",40881,3
"58041",61749,3
"58045",195712,22
"58061",192820,18
"58067",8752,1
"58086",384574,20
"58104",1972,1
"58106",140478,12
"58112",1587,1
"58122",121201,10
"58129",8263,1
"58141",20512,1
"58144",184495,4
"58145",8793,1
"58157",102041,4
"58164",133491,5
"58165",26729,2
"58168",2747,1
"58176",1849,1
"58180",128786,5
"58185",637554,25
"58187",65012,6
"58188",37476,4
"58190",1521,1
"58193",50684,7
"58205",258291,10
"58207",3766,1
"58210",25891,2
"58213",245281,21
"58215",3435180,182
"58226",31834,5
"58228",5354146,252
"58235",113115,10
"58248",82293,6
"58251",125620,7
"58256",1642426,79
"58261",869328,58
"58263",1255,1
"58264",6730,2
"58265",16778,3
"58281",64443,2
"58286",45017,5
"58295",4307407,210
"58312",30612,4
"59047",14955,1
"59081",18132,1
"59176",11535,1
"59275",8747,1
"59445",39957,3
"60126",2007,1
"60548",5700,1
"61007",1623,1
"61043",1835,1
"61113",3627,1
"61150",1172,1
"61260",3639,1
"61341",2088,1
"62068",10204,3
"62169",14735,1
"62205",12983,1
"62220",10498,2
"62322",11470,1
"62356",15092,1
"62552",22188,1
"62567",9821,1
"62609",14061,1
"62680",42570,1
"63005",10182,5
"63012",1036,1
"63013",10036,5
"63021",55488,6
"63029",10864,2
"63033",6148,2
"63034",40202,2
"63035",18269,4
"63040",92835,10
"63042",53935,12
"63046",360332,31
"63051",4520,2
"63059",1107,1
"63063",36667,9
"63073",39212,4
"63074",108489,8
"63080",45282,3
"63084",22622,6
"63090",1019,1
"63096",23357,4
"63099",442724,64
"63103",5263,3
"63106",113696,14
"63109",20249,3
"63113",17271,3
"63114",4305,1
"63120",74130,12
"63124",42373,5
"63126",72928,9
"63128",2019,1
"63131",4723,1
"63136",3172,1
"63146",14221,6
"63150",1250,1
"63151",6675,3
"63160",19356,2
"63167",17078,5
"63168",36945,10
"63184",1537,1
"63188",27604,6
"63193",30142,5
"63194",2278,1
"63200",1371,1
"63201",2492,1
"63203",3471,2
"63208",1650,1
"63210",42625,3
"63213",68164,7
"63214",147384,20
"63215",1454,1
"63224",67238,8
"63226",127667,11
"63227",1883,1
"63229",52193,9
"63241",19417,5
"63250",159252,8
"63254",6749,2
"63261",8487,2
"63262",49007,7
"63272",48763,5
"63280",10027,4
"63282",96850,8
"63284",21238,5
"63288",29739,5
"63297",53028,4
"63300",40668,4
"63302",221357,26
"63306",23605,2
"63307",29559,4
"63317",1428,1
"63325",6311,2
"63327",10577,2
"63333",3463,2
"63342",16233,4
"63343",1891,1
"63350",153426,21
"63352",5120,2
"63357",38472,3
"63364",3405,1
"63368",59031,11
"63372",1814,1
"63378",38997,8
"63379",1362,1
"63390",2101,1
"63392",1141,1
"63395",10692,2
"63396",3128,1
"63404",20552,2
"63406",2619,2
"63411",6560,1
"63413",109555,15
"63417",24066,4
"63420",13169,4
"63445",77065,7
"63453",133273,9
"63455",85422,10
"63456",2691,1
"63457",65059,12
"63463",4810,2
"63470",26988,9
"64004",2479,1
"64005",279689,18
"64008",1871,1
"64011",16981,2
"64012",3347,1
"64014",2524,1
"64026",31911,3
"64037",122284,13
"64042",3702,1
"64043",5923,1
"64051",1143,1
"64052",117625,8
"64056",728091,40
"64057",1055,1
"64058",2340,2
"64060",132185,8
"64066",185567,14
"64071",1108,1
"64072",608496,56
"64074",49168,5
"64079",566901,26
"64080",1250,1
"64081",1323,1
"64084",1571136,51
"64086",2446,2
"64087",13234,1
"64094",6892,2
"64108",1005559,70
"64112",6745,2
"64118",256932,13
"64124",6564,1
"64132",12382,1
"64135",1453,1
"64139",110714,9
"64147",1248,1
"64150",6608,3
"64154",17093,1
"64155",25372,3
"64158",115892,4
"64159",197565,12
"64165",618357,38
"64172",2513,1
"64180",186976,13
"64181",2731,1
"64182",48027,5
"64184",2412,1
"64190",1977,1
"64192",307754,11
"64193",336458,10
"64196",859876,51
"64197",600095,33
"64198",28839,1
"64199",158308,9
"64202",24437,2
"64210",9620,1
"64213",23032,2
"64219",47171,3
"64228",2447,1
"64229",3219,2
"64230",948930,63
"64236",266307,10
"64237",32624,2
"64250",1077,1
"64254",28553,4
"64257",2657,1
"64259",2525,1
"64271",7304,3
"64274",460478,33
"64275",649328,42
"64277",2477,1
"64279",4327,1
"64283",71819,8
"64284",1311164,53
"64289",2329,1
"64299",109512,8
"64301",8733,2
"64305",108289,12
"64306",513262,32
"64307",1459,1
"64314",5388,4
"64315",140651,5
"64322",14962,4
"64323",245291,11
"64324",1405471,102
"64325",352620,26
"64327",28300,2
"64337",8618,1
"64349",6274,3
"64356",4904,1
"64359",994907,58
"64362",2854,1
"64363",1556,1
"64365",29033,2
"64366",17719,2
"64371",16162,1
"64380",1785,1
"64382",1990,1
"64390",350213,14
"64392",21083,2
"64393",6110359,341
"64394",186724,7
"64396",2566,1
"64398",4082,2
"64401",278485,10
"64410",2832,1
"64411",2069,1
"64423",48945,2
"64424",2837,1
"64425",3430,2
"64430",18861,3
"64435",2742,2
"64436",104110,7
"64440",2543,1
"64442",325249,33
"64455",247839,18
"64461",23857,4
"64462",4154,1
"64469",1040,1
"64477",1013670,54
"64478",615866,43
"64484",141098,5
"64485",1355,1
"64486",1312,1
"64487",4233,2
"64488",3925,1
"64489",1720,1
"64490",14556,1
"64495",11936,2
"64499",291867,22
"64500",3743,1
"64504",1420,1
"64505",1270,1
"64508",1142,1
"64517",48399,5
"64527",2878,1
"64528",3166,2
"64532",84823,3
"64534",48220,7
"64535",2148,1
"64538",1690,1
"64540",1690,1
"64551",1860,1
"64552",116431,12
"65007",2921,1
"65015",3014,1
"65016",5632,2
"65019",3230,2
"65028",2458,1
"65044",2467,1
"65047",3680,2
"65052",1209,1
"65072",9773,1
"65080",1311,1
"65083",1163,1
"65084",3094,1
"65090",1519,1
"65095",8338,5
"65101",2664,1
"65125",4296,2
"65128",1083,1
"65130",1232790,46
"65131",1792,1
"65133",2416,1
"65134",2502,1
"65135",1620,1
"65143",5536,1
"65147",4572,2
"65151",2121,1
"65183",2621,2
"65187",1694,1
"65204",1754,1
"65215",48234,5
"65221",1567,1
"65226",1353,1
"65235",5081,3
"65242",3335,2
"65254",10012,1
"65259",4676,2
"65264",122972,8
"65273",2611,1
"65284",9703,5
"65288",2655,1
"65293",6074,2
"65296",1321617,67
"65299",3394,1
"65308",1728,1
"65310",3079,2
"65314",5692,2
"65316",2120,1
"65331",1956,1
"65333",1250,1
"65337",5408,3
"65341",1100,1
"65350",3208,2
"65353",4894,2
"65367",3552,1
"65369",1061,1
"65376",1417,1
"65377",1708,1
"65387",1744813,61
"65392",5733,3
"65397",3426,2
"65410",2001,1
"65412",3802,2
"65429",11679,2
"65430",2917,1
"65432",664371,14
"65437",1720,1
"65448",4698,3
"65451",2325,1
"65452",2761,1
"65460",5352,1
"65461",2557,1
"65462",4910,2
"66002",484137,15
"66006",260784,32
"66007",60146,6
"66008",1163914,70
"66011",2501813,113
"66012",958997,57
"66014",6896420,444
"66015",2574773,104
"66016",4819445,635
"66019",2087660,149
"66021",76524,7
"66024",300607,31
"66026",2483731,92
"66028",2375939,105
"66030",3948266,263
"66033",773505,42
"66037",2878078,105
"66038",661530,36
"66039",1209663,149
"66041",1715908,106
"66042",2588823,174
"66044",209790,19
"66046",1972903,126
"66048",386760,62
"66049",387023,33
"66050",2518386,139
"66053",2804990,220
"66055",83336,7
"66056",93533,13
"66058",2443671,171
"66059",59057,3
"66065",1103269,57
"66069",7429849,349
"66070",243571,32
"66071",2537943,241
"66073",21447,2
"66074",3183,1
"66076",186734,14
"66079",67489,11
"66084",3518060,205
"66085",7606,2
"66088",295128,17
"66089",47300,9
"66092",530595,47
"66093",742676,53
"66096",2043105,207
"66097",1734754,155
"66099",72072,6
"66101",927765,48
"66104",5372,2
"66106",160403,8
"66107",9198733,586
"66108",1781017,139
"66111",394982,40
"66112",915580,50
"66114",513791,10
"66115",1053926,69
"66118",2891468,194
"66121",34663,5
"66126",44522,4
"66127",2281457,223
"66129",661457,53
"66133",513857,16
"66134",3469312,169
"66136",3776752,171
"66138",3062018,230
"66139",4171,2
"66140",4125564,210
"66141",1382627,75
"66143",919207,89
"66144",1875906,71
"66145",4382227,156
"66148",3099366,311
"66149",7639,2
"66152",185735,17
"66158",1754511,143
"66160",31729,5
"66161",5795,2
"66162",88832,15
"66164",5758142,273
"66165",794347,66
"66168",612983,53
"66169",143530,16
"66170",259393,11
"66172",1604403,64
"66173",390357,28
"66174",80799,10
"66175",1358291,60
"66176",2221190,118
"66177",1064109,40
"66178",552091,25
"66180",153293,12
"66182",65763,4
"66184",546691,37
"66185",89894,11
"66186",1169735,51
"66187",6791068,432
"66189",545494,34
"66190",11993942,452
"66195",98292,7
"66196",485203,29
"66198",73705,6
"66199",19464,3
"66201",1186577,91
"66205",11697999,644
"66207",2208176,119
"66208",122666,3
"66210",2379925,92
"66211",846023,64
"66212",1021323,49
"66213",178327,9
"66214",2377624,105
"66215",250621,44
"66216",177339,26
"66217",5880798,226
"66224",50398,2
"66225",566249,44
"66226",1323456,52
"66227",1910080,48
"66228",1277683,56
"66230",118592,19
"66231",2355797,207
"66233",399155,31
"66234",105540,7
"67003",547892,51
"67010",1153936,69
"67016",484120,34
"67018",1553399,70
"67021",1377580,60
"67030",1537899,90
"67031",2009070,179
"67032",603211,63
"67034",133132,18
"67045",592629,79
"67049",2845,2
"67051",1247497,98
"67052",487901,46
"67060",283415,28
"67061",1987,1
"67066",14459,4
"67067",1127,1
"67073",2189494,95
"67074",589678,80
"67077",3466,1
"67080",37397,1
"67081",1297817,67
"67084",4287933,336
"67085",1003368,57
"67094",542085,34
"67101",2087302,122
"67104",5665,2
"67120",1286246,102
"67125",5706692,275
"67127",1071548,66
"67139",37997,1
"67150",411130,35
"67155",1235470,102
"67163",1889,1
"67164",966503,77
"67189",922893,134
"67227",888953,73
"67228",1021,1
"67236",415799,32
"67239",1372821,75
"67240",253863,9
"67245",2484,1
"67253",146893,9
"67256",2822,2
"67258",1774,1
"67272",1375,1
"67282",1081839,66
"67283",1188,1
"67289",1738,1
"67295",1777313,130
"67300",1227949,58
"67313",735525,45
"67328",1141,1
"67335",932600,65
"67337",1821577,192
"67344",82823,13
"67348",2136489,206
"67354",389189,9
"67362",653092,47
"67363",562977,45
"67368",383123,35
"67370",48728,4
"67377",22390,2
"67382",1003,1
"67387",717688,84
"67395",1983,1
"67400",134000,10
"67410",315741,34
"67411",2457901,166
"67416",444606,88
"67423",1346,1
"67428",51975,9
"67429",1023022,46
"67442",931820,51
"67445",3563712,164
"67452",4003,2
"67459",1020,1
"67462",1144,1
"67473",738029,41
"67479",570167,70
"67481",210890,19
"67483",13128,2
"67492",923582,69
"67493",9200,1
"67494",1145,1
"67497",1450,1
"67507",10142,2
"67509",4886,1
"67515",1564,1
"67517",1224245,65
"67525",2094360,70
"67532",5607,2
"67539",10099,5
"67544",1394053,91
"67554",1767871,70
"67557",476414,28
"68004",20681,6
"68005",4769303,133
"68007",1695,1
"68021",5341,3
"68023",1822928,60
"68026",2941067,100
"68028",3813458,122
"68029",501229,26
"68030",636899,36
"68032",240761,46
"68033",1698,1
"68035",5133,1
"68037",3955,1
"68042",5770,4
"68043",5046,1
"68054",1697,1
"68058",136246,20
"68063",47037,10
"68066",3730149,124
"68068",3278,1
"68069",5986,3
"68078",3829886,116
"68081",2020,1
"68084",2804,1
"68087",4756,1
"68097",1119,1
"68100",1369,1
"68101",4660,1
"68110",4492,2
"68111",1500862,81
"68112",1353168,76
"68113",17395,5
"68115",60634,7
"68122",170549,14
"68123",1124146,44
"68126",12095,2
"68134",1754927,56
"68135",1571,1
"68138",1112,1
"68143",13160,1
"68144",2397,1
"68146",265856,32
"68147",2181551,61
"68149",13951,1
"68150",343342,16
"68155",3060881,114
"68159",130968,28
"68161",1675171,61
"68162",5973923,213
"68163",1061,1
"68180",62679,7
"68182",45367,8
"68185",1676,1
"68194",2043,1
"68198",1351,1
"68209",1661406,67
"68224",8321,2
"68232",3723,1
"68237",603833,60
"68241",2455,1
"68244",1226441,31
"68248",3059,1
"68249",1359,1
"68250",1896226,61
"68251",207577,21
"68255",2674607,96
"68266",1990,1
"68269",3444539,120
"68277",2512287,86
"68278",1602,1
"68280",763985,36
"68283",1335,1
"68285",1869803,56
"68287",5117146,165
"68288",1267,1
"68294",3297,2
"68296",3605989,118
"68300",2466,1
"68315",1132882,62
"68318",2511196,89
"68322",446735,26
"68323",4304,1
"68331",1399,1
"68334",129652,12
"68335",1534,1
"68336",15438,1
"68338",3848591,121
"68342",300006,28
"68347",1271,1
"68348",136626,10
"68349",15875,8
"68350",648030,42
"68351",1110,1
"68354",574374,31
"68359",87865,14
"68364",3476981,140
"68365",1735286,95
"68368",626337,43
"68374",3049899,131
"68377",1225,1
"68378",8729,3
"68380",18837,4
"68381",1060052,68
"68382",33657,2
"68383",2049717,68
"68385",381672,27
"69004",347149,17
"69007",2423317,87
"69009",1499892,113
"69012",385239,51
"69013",1217440,44
"69017",1232816,98
"69018",1251697,130
"69019",3221137,146
"69020",89321,11
"69021",51912,7
"69022",28502,6
"69023",2842455,207
"69024",2927932,263
"69026",810310,38
"69028",7780,2
"69032",2058975,115
"69034",5304,2
"69036",2193027,92
"69037",38186,7
"69039",160598,21
"69043",3919,1
"69045",3470069,129
"69046",20883,4
"69047",1046171,97
"69049",99955,12
"69050",981904,81
"69052",208923,17
"69053",3261280,149
"69055",11783,3
"69056",647046,30
"69058",2940308,197
"69061",719619,94
"69064",740628,46
"69065",2405282,127
"69067",18591,2
"69071",1524,1
"69072",51720,4
"69074",2365384,154
"69077",13214,2
"69080",7362,2
"69082",737819,53
"69083",68359,6
"69084",7585735,372
"69086",64902,8
"69090",654918,39
"69091",5330,2
"69092",1611558,85
"69096",64679,17
"69103",4167881,139
"69104",1532258,92
"69105",705736,59
"69106",821952,45
"69108",2614405,128
"69109",2503884,141
"69111",428685,29
"69112",113953,6
"69113",1382116,164
"69114",3628022,262
"69115",81001,9
"69117",21968,2
"69118",6063,2
"69119",7993,2
"69121",298842,20
"69122",1062625,72
"69123",2563,1
"69124",803120,91
"69125",32731,5
"69126",576560,44
"69131",38523,10
"69133",423005,51
"69134",571635,51
"69136",8751,1
"69137",131616,23
"69140",1315275,105
"69141",10820,2
"69145",4274754,169
"69148",190629,17
"69151",2710870,241
"69153",66473,11
"69156",2044993,131
"69157",1246054,90
"69162",5122030,310
"69163",1927,1
"69165",5636883,236
"69167",631534,65
"69172",1456438,108
"69173",1058515,76
"69175",205079,24
"69177",44868,4
"69179",58092,8
"69188",97659,12
"69189",3874,1
"69193",383518,18
"69194",4222,1
"69196",49581,9
"69197",3753770,193
"69198",2939857,132
"69202",5330,1
"69204",5184,1
"69206",1008083,78
"69207",8633,1
"69208",1696785,123
"69212",563392,35
"69215",2069577,120
"69216",107395,16
"69218",4328928,169
"69219",175664,15
"69228",46895,9
"69230",853964,103
"69233",7623,1
"69234",946663,60
"69235",58992,10
"69236",5279,2
"69239",2680603,211
"69241",222572,29
"69242",11761,3
"69245",1128135,103
"69246",1995913,180
"69249",24947,6
"69252",3109,1
"69253",665597,43
"69255",49612,7
"69257",2282396,268
"69258",895228,87
"69261",15127,2
"69265",661482,77
"69267",10583653,386
"69286",5619,1
"69290",1297,1
"69296",2432,1
"70045",18556,3
"70057",1386,1
"70071",2955,2
"70104",62440,3
"70114",1117,1
"70121",7725,2
"70122",236167,14
"70126",3152,1
"70130",126806,15
"70132",49339,2
"70150",8049,2
"70152",51104,1
"70202",1088,1
"70225",2419,1
"70230",3521,1
"70245",10623,4
"70282",267231,23
"70286",79346,3
"70292",21412,4
"70374",35169,5
"70386",69955,2
"70390",38958,3
"70402",28576,1
"70415",12820,4
"70468",2250,2
"70509",27025,1
"70513",2072,1
"70554",10836,3
"71005",455663,35
"71006",12292,2
"71007",12014,1
"71008",1071,1
"71016",3277695,107
"71019",225897,24
"71023",1496,1
"71027",1187,1
"71031",68689,6
"71032",844737,46
"71034",988774,64
"71035",1013733,36
"71036",86123,11
"71037",136809,11
"71039",381409,22
"71042",266062,21
"71051",862459,28
"71052",23914,3
"71054",1911,1
"71057",574876,40
"71058",82620,6
"71066",604349,32
"71067",141479,16
"71069",1244810,70
"71070",1097790,46
"71072",15810,1
"71073",493430,18
"71074",1545664,42
"71075",5703,3
"71078",92972,6
"71079",1058,1
"71080",32250,3
"71084",1018296,66
"71085",972013,44
"71087",138305,11
"71090",3057559,127
"71094",122868,10
"71100",1738670,58
"71101",1401,1
"71105",1245949,72
"71107",6986,2
"71108",1158302,52
"71109",694139,51
"71119",31916,1
"71122",2202145,68
"71124",1565430,59
"71126",507710,25
"71130",184695,21
"71135",2528241,73
"71137",1825,1
"71146",295012,18
"71147",439691,12
"71149",764549,56
"71150",520601,24
"71151",186591,8
"71155",1486,1
"71156",1575773,73
"71157",1024,1
"71159",462415,23
"71164",159842,16
"71169",2055986,71
"71170",49843,6
"71171",183681,13
"71174",519999,21
"71176",1503,1
"71182",293847,4
"71183",431782,39
"71188",52896,3
"71193",189690,16
"71194",2156,1
"71195",289117,12
"71200",36686,5
"71201",345918,16
"71202",349115,21
"71209",2199,1
"71210",3056947,70
"71214",65847,5
"71218",5903,3
"71220",1200,1
"71221",2725911,78
"71226",365785,29
"71235",1090608,69
"71236",3519389,85
"71238",32160,7
"71240",1718,1
"71241",749674,55
"71245",101501,8
"71247",1372551,38
"71249",86890,3
"71250",850157,38
"71254",73734,1
"71258",2017937,136
"71264",14512,3
"71267",3871344,100
"71270",827360,26
"71271",6195,2
"71272",246893,26
"71274",565679,40
"71277",1640,1
"71284",719387,59
"71291",1077,1
"71292",624476,44
"71294",6092212,199
"71299",936575,42
"71302",1636061,44
"71305",1182800,50
"71308",21275,2
"71324",1149384,86
"71325",6315,4
"71328",22692,3
"71330",1301,1
"71337",7167,2
"71338",656515,46
"71343",666401,45
"71345",2557639,92
"71346",1068,1
"71350",1423461,109
"71351",153760,2
"71353",909929,49
"71359",24520,4
"71360",4518291,123
"71362",625947,51
"71369",489542,21
"71371",2284660,119
"71372",2959077,125
"71373",6557,1
"71374",226948,23
"71376",74372,6
"71377",566895,26
"71378",3382718,91
"71382",2922,1
"71383",220984,10
"71385",3335664,104
"71387",2620,1
"71392",917104,69
"71393",1975,1
"71395",2938,1
"71400",73138,10
"71403",531038,29
"71404",1188222,49
"71416",2780333,88
"71417",617895,33
"71423",12252,1
"71425",68742,5
"71426",1293,1
"71430",284635,35
"71431",463587,33
"71433",9434,2
"71434",23893,2
"71442",64496,6
"71443",410643,4
"71447",151547,19
"71448",168130,19
"71455",102083,4
"71459",1541860,52
"71460",794856,37
"71461",20026,5
"71464",868136,38
"71468",49036,1
"71480",1459391,75
"71481",66194,7
"71485",1335299,47
"71487",713288,47
"71494",98145,5
"71495",35159,4
"71496",1276033,45
"71498",222892,15
"71499",2498,1
"71501",58006,2
"71503",696648,25
"71507",205020,13
"71510",5268,1
"71512",79240,6
"71513",112454,6
"71515",5603,3
"71518",869155,77
"71521",7170,2
"71525",960775,51
"71526",2549799,101
"71543",252739,18
"71550",946979,42
"71552",1445,1
"71563",1971,1
"71567",1977968,85
"71572",60293,12
"71574",2933500,113
"71576",4304,2
"71582",126741,19
"71583",1091812,42
"71584",3061412,154
"71591",31680,2
"72022",5516,2
"72027",10058,1
"72052",350220,34
"72068",4993,1
"72071",26101,8
"72077",1691,1
"72103",1316,1
"72115",83204,16
"72134",5900,1
"72153",3599,1
"72154",8122,1
"72160",1636,1
"72161",840036,61
"72173",2801,1
"72176",3455,1
"72183",477986,60
"72185",3345,1
"72191",1380,1
"72221",13809,2
"72228",13663,1
"72252",3536,2
"72262",407821,32
"72295",48103,2
"72311",12116,3
"72325",2198,1
"72364",1680,1
"73007",53761,8
"73008",1450,1
"73010",13581,3
"73017",2475787,203
"73018",283712,17
"73030",3845,1
"73031",3055,1
"73039",16990,2
"73042",606348,70
"73051",1003,1
"73059",177773,32
"73063",50436,8
"73064",2441,1
"73065",8254,2
"73068",14118,3
"73070",1970,1
"73073",19851,6
"73075",16623,2
"73079",1170,1
"73082",11866,2
"73084",1952334,171
"73085",221023,32
"73089",87476,13
"73096",607015,69
"73099",28230,1
"73100",6743,1
"73120",995953,82
"73129",4535,1
"73140",1521750,111
"73141",67373,12
"73147",1399,1
"73149",291242,29
"73151",2855103,291
"73159",203337,18
"73171",523237,29
"73179",1320,1
"73180",203114,32
"73183",420817,57
"73191",1188,1
"73200",16671,2
"73213",4840,2
"73214",2020,1
"73218",409197,55
"73222",107315,18
"73225",227902,24
"73236",78221,5
"73240",25718,2
"73245",219215,29
"73246",3240,1
"73247",714631,93
"73249",210711,28
"73254",1347,1
"73269",5842,2
"73270",1792138,179
"73273",15086,1
"73276",158236,31
"73282",29056,5
"73284",11162,1
"73286",351485,28
"73303",10196,2
"73314",37357,4
"73330",345484,23
"74024",145334,26
"74025",174411,17
"74042",29043,5
"74051",12064,1
"74065",18983,3
"74070",5916,1
"74077",33984,1
"74096",55095,5
"74100",148091,8
"74105",189198,16
"74127",5444,2
"74131",117430,17
"74150",62519,8
"74164",60937,13
"74166",118771,25
"74176",41404,1
"74192",7438,2
"74243",122177,7
"74263",57866,3
"74269",7315,5
"74275",11977,1
"74281",189603,6
"74285",1621,1
"74293",42486,4
"74299",7977,1
"74303",33828,3
"74305",38402,5
"74309",481150,23
"75056",2054,1
"76052",6076,1
"76126",23189,1
"76282",11670,2
"76292",18379,3
"76487",4546,1
"76665",15777,1
"77025",14215,1
"77108",56575,2
"77117",121393,9
"77175",18927,2
"77219",5070,1
"77289",14074,1
"77303",22655,2
"77331",333739,14
"77397",379558,16
"77433",20036,1
"77480",4380,1
"77524",38160,2
"78172",4024,1
"78196",236743,1
"78506",21622,1
"78601",25798,1
"79005",3108,2
"79009",1844,1
"79013",1377,1
"79014",3539812,204
"79015",3365,2
"79016",2766,2
"79018",2156,1
"79023",1524,1
"79031",27265,3
"79047",2010,1
"79048",5697,3
"79049",3770,3
"79055",7200,1
"79056",279655,19
"79058",27645,9
"79061",2915,2
"79063",2548552,109
"79069",6555,3
"79074",1587,1
"79077",1670,1
"79078",8513,3
"79079",3645,2
"79083",15256,4
"79084",2093,1
"79085",5413,2
"79086",7794,5
"79088",1950,1
"79090",5364,3
"79091",1321,1
"79100",6617,4
"79102",2814,1
"79106",1229,1
"79108",340973,32
"79109",1378,1
"79111",4207,3
"79112",3433,2
"79115",3339,1
"79116",5304,2
"79117",1513,1
"79122",1539,1
"79125",12289,4
"79126",7004,3
"79127",5010,3
"79129",1527,1
"79130",4397,3
"79133",1114,1
"79134",3406,2
"79135",4432,3
"79137",17882,2
"79140",15399,7
"79141",3691,2
"79144",1025,1
"79149",1196,1
"79150",1253,1
"79153",1898,1
"79154",5778,2
"79157",2048,1
"79160",1732,1
"79161",2164,2
"79163",2827,1
"79191",5733,3
"79195",64107,5
"79196",186179,31
"79198",3793,1
"79201",9335,5
"79204",2044,1
"79209",1331,1
"79216",13360,5
"79218",1218,1
"79220",1340,1
"79229",5190,2
"79244",14159,2
"79251",10606,2
"79254",5678,2
"79268",1109,1
"79273",23446,10
"79274",4391,1
"79276",2637,2
"79277",222620,12
"79280",1758,1
"79294",1794,1
"79298",21864,6
"79299",12044,4
"79300",339909,17
"79304",1307,1
"79310",1454,1
"79312",2303,1
"79329",217831,21
"79331",88762,8
"79334",2341,2
"79337",1241,1
"79339",1644,1
"79349",2244,1
"79352",3487,1
"79354",1590,1
"79355",14974,6
"80001",2339,1
"80010",53649,1
"80022",2962,1
"80130",2446,1
"80232",12060,1
"80334",9229,1
"80470",4116,1
"80606",1671,1
"80762",12897,1
"81004",23874,3
"81006",3182,1
"81007",201107,11
"81009",732490,17
"81011",3296,1
"81012",827945,47
"81020",128678,10
"81024",6520,1
"81025",2705,1
"81026",277704,15
"81029",203043,8
"81035",5003,1
"81038",1022037,44
"81039",84246,8
"81041",1012061,33
"81042",4401,1
"81043",253338,11
"81044",141429,12
"81045",44850,1
"81046",1722057,59
"81048",39911,4
"81050",2542,1
"81051",5530691,157
"81052",77256,4
"81056",1870593,39
"81059",269136,20
"81061",746661,29
"81063",492463,23
"81064",1504637,70
"81065",6990,4
"81067",2169685,62
"81069",74779,3
"81070",781001,20
"81074",492892,23
"81075",15792,5
"81078",12026,2
"81079",8295,1
"81080",838145,33
"81081",2255,1
"81087",892220,28
"81090",44395,1
"81092",1401,1
"81093",867548,36
"81095",755535,24
"81097",79368,3
"81099",7252276,253
"81100",3734,1
"81102",16578,2
"81104",740573,20
"81105",53066,7
"81106",125538,6
"81108",109551,3
"81110",1264,1
"81111",19015,1
"81112",1036160,53
"81114",2855,1
"81116",12412,1
"81117",8181,1
"81120",2878,1
"81131",1347222,55
"81133",11490,2
"81136",34929,1
"81138",42665,5
"81139",1332,1
"81140",242937,9
"81145",9058235,256
"81146",97324,6
"81148",313440,10
"81149",189960,8
"81150",54267,2
"81152",27831,4
"81156",3667,1
"81166",98641,5
"81171",2080164,76
"81174",1215,1
"81175",9474,2
"81176",701428,24
"81179",2537,1
"81181",1698,1
"81182",3654,2
"81185",1243,1
"81191",220167,6
"81197",817634,41
"81202",457687,19
"81206",4445,2
"81208",216857,10
"81211",19157,5
"81212",1699,1
"81215",11199,2
"81217",274241,10
"81218",17593,3
"81219",19957,7
"81220",2292275,89
"81222",2191,1
"81224",19671,2
"81225",81461,3
"81227",1161,1
"81228",1450,1
"81232",189657,11
"81233",1710,1
"81243",309411,18
"81246",832512,43
"81248",112158,6
"81251",8269,2
"81255",119721,1
"81257",119654,4
"81258",16762,1
"81262",2748,1
"81263",27729,2
"81266",3088,1
"81271",37144,2
"81272",13359,3
"81275",1407,1
"81276",8445,1
"81279",24518,3
"81281",1784,1
"81283",3567943,100
"81286",6662,3
"81289",1986,1
"81290",1498395,61
"81294",1476922,45
"81295",1381,1
"81299",5116,1
"81300",98530,4
"81311",4140,2
"81312",3624,1
"81313",1074658,43
"81315",1707,1
"81316",592955,28
"81319",848819,44
"81320",316554,10
"81322",269077,14
"81326",251329,6
"82001",4274,1
"82002",387903,14
"82004",5863,2
"82005",1862,1
"82007",3830,1
"82008",128182,11
"82009",3243,1
"82010",13435,1
"82011",59311,4
"82013",52149,4
"82014",22609,3
"82016",4601,1
"82020",162658,11
"82021",15398,1
"82022",2307,1
"82023",233022,10
"82024",1389,1
"82025",141586,9
"82026",226812,5
"82027",2836236,120
"82028",90112,9
"82031",7538,2
"82032",32437,1
"82033",18970,6
"82034",3209,2
"82037",5098,2
"82042",242503,31
"82043",37204,4
"82045",41347,2
"82046",11969,2
"82048",94906,11
"82049",431578,17
"82050",666300,36
"82051",332598,16
"82052",3926,1
"82055",2471,1
"82056",4071,1
"82057",419470,36
"82061",74220,5
"82062",2082,1
"82075",422215,9
"82076",26458,7
"82077",7772,3
"82079",2575892,84
"82080",82191,6
"82084",2518,1
"82085",21572,2
"82087",116993,18
"82090",18955,1
"82092",46678,2
"82093",131252,3
"82094",32398,6
"82095",7926,1
"82096",52498,3
"82097",4721,1
"82098",1706,1
"82099",1389,1
"82100",3414,1
"82102",22316,4
"82105",90886,7
"82108",57301,9
"82109",2582,1
"82110",76170,11
"82111",1003,1
"82112",589017,76
"82113",49681,7
"82114",10822,1
"82115",26837,3
"82116",7648,2
"82117",115948,13
"82119",579107,37
"82121",84346,11
"82123",82717,8
"82125",2597,1
"82126",4468,1
"82127",130856,20
"82128",26696,2
"82130",26636,2
"82131",424420,23
"82134",17879,4
"82135",548760,13
"82136",761937,35
"82137",2574,1
"82140",8101,3
"82141",3318,1
"82142",1209047,43
"82144",140204,20
"82146",2365,1
"82148",299410,16
"82149",196157,8
"82154",29127,5
"82155",33467,5
"82156",3516,1
"82158",10987,2
"82160",4049,2
"82161",1755,1
"82164",15833,1
"82165",37599,1
"82167",34561,3
"82168",92468,11
"82170",143384,16
"82172",2966,1
"82173",339443,19
"82174",9053,1
"82175",3692,1
"82176",78706,2
"82177",35215,3
"82179",1478,1
"82180",166390,13
"82181",118352,7
"82182",33125,5
"82183",2178,1
"82184",204233,17
"82186",5753,2
"82188",2033,1
"82189",82511,8
"82190",2821,1
"82192",14929,5
"83002",6257,1
"83004",6572515,436
"83005",101095,5
"83006",1042183,43
"83007",413961,36
"83008",173883,15
"83009",126662,19
"83011",10749,2
"83012",628608,43
"83016",2310117,208
"83018",5759410,368
"83019",3926569,277
"83021",2193780,181
"83023",4939441,321
"83025",4538604,149
"83026",5120816,367
"83027",7826417,446
"83028",978892,56
"83029",18479,5
"83030",266184,20
"83031",8180500,357
"83032",7309822,398
"83033",1690195,110
"83034",98440,10
"83035",7875858,478
"83037",1973603,85
"83038",9483,4
"83039",1045203,67
"83040",473504,19
"83041",20933,5
"83042",4120909,350
"83043",2341511,168
"83045",3384610,278
"83046",5058602,405
"83047",8130819,310
"83048",1832598,100
"83049",8435133,368
"83050",1860667,209
"83051",3322629,294
"83052",522415,32
"83053",620515,50
"83054",766473,26
"83055",415623,34
"83056",1549986,112
"83057",7247037,332
"83058",2097726,156
"83059",842358,37
"83060",708158,60
"83061",649048,38
"83062",368444,28
"83063",1644859,167
"83064",1420418,95
"83065",2611260,165
"83067",7708572,376
"83068",3583081,353
"83069",7811695,298
"83070",94684,12
"83071",10329668,457
"83072",5835023,356
"83073",6413753,345
"83075",613293,68
"83076",18080,3
"83077",255259,23
"83078",141540,16
"83079",1816465,148
"83083",3188581,170
"83085",5640174,236
"83086",2972050,130
"83087",1395057,54
"83088",977104,70
"83089",2650883,77
"83090",249572,27
"83091",13937344,577
"83092",3925274,205
"83094",3044485,340
"83095",2443921,136
"83096",3634049,203
"83097",11656231,460
"83098",305542,27
"83099",1579058,72
"83100",10775833,400
"83101",5275973,435
"83102",288213,6
"83103",16127,4
"83104",2138009,125
"83106",752217,41
"83107",2681458,177
"83108",5571593,184
"83110",779799,73
"83111",303375,30
"83112",3273818,253
"83113",308323,37
"83114",34195,2
"83115",279592,34
"83116",5191574,298
"83117",200125,9
"83118",184130,15
"83119",635144,114
"83120",60673,9
"83121",282360,26
"83123",428885,52
"83124",255809,21
"83125",2383402,146
"83127",248038,12
"83128",157602,7
"83129",121406,14
"83130",705413,38
"83132",779311,17
"83134",3098385,131
"83135",583506,64
"83136",3564397,233
"83137",10196,3
"83138",314406,13
"83139",45742,5
"83140",4678818,289
"83141",561485,30
"83143",1603524,138
"83145",236528,24
"83146",153484,19
"83148",8087182,407
"83149",1076799,65
"83150",99476,6
"83151",22353,4
"83153",9424,1
"83154",2247846,177
"84001",17636,6
"84002",5518505,252
"84003",3084595,201
"84004",3129821,254
"84005",2711,1
"84007",701292,40
"84008",1772940,203
"84009",1207785,68
"84010",989278,69
"84011",64180,14
"84012",8417335,533
"84013",12179,2
"84014",3024112,150
"84015",305851,56
"84016",4236042,159
"84017",5677015,537
"84018",1937550,160
"84019",4881540,242
"84020",4891949,339
"84022",4015777,213
"84024",2381487,211
"84025",1200326,89
"84026",1898110,131
"84027",883720,38
"84028",13169834,491
"84029",8219718,373
"84030",4960391,422
"84031",5109218,337
"84032",429286,31
"84033",44372,5
"84034",460123,39
"84035",157458,18
"84036",3237962,237
"84037",17021606,396
"84038",23607,4
"84039",13156713,522
"84040",1325313,125
"84041",1426622,124
"84042",4864466,294
"84043",96245,13
"84044",2000335,232
"84045",1920845,228
"84046",1676133,145
"84047",1720015,100
"84048",7833,1
"84049",12333856,452
"84050",1961594,180
"84051",3027999,252
"84052",3158931,201
"84053",3588456,208
"84054",215425,27
"84055",592115,42
"84056",8208785,231
"84057",1176579,73
"84058",750419,60
"84059",1192562,94
"84061",2934528,141
"84062",148448,13
"84063",104794,5
"84064",39368,2
"84065",1165611,69
"84066",221350,26
"84067",551630,56
"84068",1078005,107
"84069",2044856,255
"84070",1002381,156
"84071",519702,42
"84072",9436347,797
"84073",2518395,219
"84074",19661,4
"84075",768771,71
"84076",1907147,83
"84077",1539200,122
"84078",3827328,177
"84080",323511,33
"84081",1784751,144
"84082",4496060,410
"84083",583773,27
"84084",1819967,135
"84085",183248,12
"84086",2943513,253
"84087",13969388,512
"84088",2241342,194
"84089",6615097,339
"84090",1049782,102
"84091",2109601,109
"84092",3793,1
"84093",663840,26
"84094",4257961,406
"84095",818583,52
"84096",11450831,454
"84097",4099895,175
"84098",2762067,186
"84099",534386,54
"84100",1336709,106
"84101",246112,38
"84102",4238215,261
"84103",638380,29
"84104",5523071,338
"84105",551911,45
"84106",14375255,477
"84108",348777,42
"84109",1817931,147
"84111",678472,64
"84112",230935,31
"84113",1183104,99
"84114",51057,4
"84115",1791203,148
"84116",3228156,245
"84117",4101514,209
"84118",4510299,291
"84119",165270,19
"84121",1705710,80
"84122",13486333,581
"84123",4845,1
"84124",262213,24
"84125",2515,1
"84126",7213760,377
"84127",5650802,271
"84129",4176345,124
"84130",2069825,137
"84131",24599,4
"84132",244996,36
"84133",13007401,650
"84134",10348269,233
"84135",2951333,161
"84136",6069881,252
"84137",8234240,523
"84138",21929228,779
"84139",11957,1
"84140",1022835,76
"84141",1120903,76
"84142",61487,11
"84143",708417,89
"84144",226760,21
"84145",1620407,113
"84146",5657348,327
"84147",518094,43
"84148",1490327,185
"84149",9476561,281
"84150",18415404,699
"84151",455960,50
"85002",2507,1
"85003",52931,5
"85005",2357,1
"85009",88496,10
"85010",2175,1
"85014",30068,8
"85015",5919,2
"85017",1291,1
"85019",12985,5
"85020",3676,2
"85022",2237,1
"85025",3102,2
"85028",3634,1
"85031",3527,2
"85033",1050,1
"85034",27806,14
"85035",24542,6
"85036",1347,1
"85038",7478,3
"85039",4439,1
"85046",68257,12
"85050",119634,12
"85051",310426,36
"85061",261376,15
"85064",4161,2
"85065",9127,6
"85066",7847,3
"85070",6907,3
"85071",3231,2
"85072",1342,1
"85073",4115,2
"85074",485960,18
"85076",16231,3
"85080",10454,1
"85081",1604,1
"85084",38056,9
"85086",2634,2
"85089",14104,6
"85090",2683,2
"85093",12165,6
"85098",1265,1
"85100",1936,1
"85102",32420,3
"85105",89887,7
"85108",2095,1
"85109",1523,1
"85110",1601,1
"85112",363787,21
"85115",4953,1
"85117",2240,1
"85119",2502,2
"85120",6262,1
"85126",1145,1
"85129",12679,7
"85131",1226,1
"85133",1132,1
"85135",385874,33
"85140",2637,1
"85142",1183,1
"85145",4467,2
"85146",361191,29
"85153",60497,20
"85154",1693,1
"85155",1979,1
"85157",11652,2
"85158",1252,1
"85160",2092,1
"85161",2337,1
"85165",15617,7
"85167",4995,4
"85169",146036,6
"85175",1117,1
"85176",220756,12
"85178",14973,7
"85179",5433,2
"85182",1288,1
"85187",4340,2
"85188",8281,3
"85190",67953,4
"85191",5344,3
"85192",3166,2
"85193",2271904,115
"85194",11513,6
"85196",11265,4
"85197",25458,10
"85199",1315,1
"85200",6502,2
"85201",2400,1
"85202",58706,17
"85205",7187,3
"85207",4043,2
"85208",2709,1
"85210",547136,37
"85212",22786,9
"85213",100933,15
"85215",11922,6
"85216",1368,1
"85220",13358,7
"85221",1811,1
"85222",3297,1
"85223",14073,6
"85227",1804,1
"85231",28178,1
"85232",13211,6
"85235",1159,1
"85236",2194,1
"85237",5639,3
"85243",387384,48
"85246",10405,5
"85248",1127,1
"85254",2844,2
"85256",8831,3
"85259",4104,2
"85262",731893,50
"85264",1724,1
"85265",4400,1
"85266",1506,1
"85277",4029,2
"85278",45734,1
"85281",3000,2
"85282",8383,4
"85285",328538,21
"85288",160118,11
"85290",1507,1
"85291",7239,3
"85292",2920,1
"85295",1537,1
"85297",1619,1
"85298",221791,11
"85300",1813,1
"85301",3268,2
"85303",745075,22
"86001",4049,1
"86002",30258,3
"86005",3338,1
"86007",19870,5
"86008",6991,3
"86009",17583,5
"86014",1948,1
"86015",23499,10
"86016",14908,2
"86017",1584,1
"86019",374901,36
"86020",1340,1
"86022",1401512,66
"86025",1063,1
"86029",1378,1
"86031",2024,1
"86032",10382,4
"86034",4783,2
"86036",2181,1
"86037",8005,4
"86038",3866,1
"86039",7980,3
"86042",24997,5
"86044",1534,1
"86046",50071,8
"86047",1942,1
"86049",8809,4
"86053",200427,14
"86054",1239,1
"86055",3041,1
"86058",8200,2
"86059",1478,1
"86063",2067,1
"86064",4619,2
"86066",16201,6
"86068",3097,2
"86070",42716,8
"86072",10924,3
"86073",34035,6
"86075",448740,21
"86076",216408,10
"86077",1044,1
"86079",2185,1
"86081",52409,12
"86084",2673,1
"86085",55942,5
"86086",18292,6
"86087",11062,2
"86090",114905,15
"86092",13805,5
"86093",5686,2
"86094",1262,1
"86095",160982,11
"86096",1109,1
"86097",4741,2
"86099",2685,1
"86102",2702,1
"86104",3894,2
"86106",5472,2
"86107",9966,4
"86110",1326,1
"86111",37734,15
"86114",1697,1
"86115",1017089,76
"86118",1945,1
"86120",8675,3
"86123",1807,1
"86124",8616,3
"86125",2052,1
"86126",6078,3
"86127",4964,2
"86128",123777,8
"86130",5028,2
"86131",2879,1
"86132",2629,1
"86135",2911,1
"86137",34514,9
"86140",8026,2
"86141",2367,1
"86142",4803,1
"86144",392363,25
"86149",1913,1
"86150",197431,10
"86151",7066,3
"86152",4633,2
"86153",2191,1
"86154",24413,4
"86156",3328,2
"86158",2164,1
"86159",1347,1
"86160",271003,17
"86161",11525,4
"86162",3028,1
"86164",1261,1
"86167",3634,1
"86169",8289,3
"86170",3217,2
"86171",12360,6
"86173",8553,4
"86174",4984,2
"86176",9322,4
"86177",315646,27
"86178",2150,1
"86181",10358,3
"86182",35039,7
"86183",9064,3
"86184",7034,3
"86186",7529,3
"86189",1233,1
"86190",12500,7
"86196",338768,17
"86198",3306,2
"86200",4468,1
"86201",2015,1
"86203",8207,3
"86204",2301,1
"86205",8800,2
"86207",2669,1
"86210",3409,1
"86211",1565,1
"86218",1322,1
"86221",2524,1
"86222",97915,8
"86223",1563,1
"86224",18026,5
"86225",44230,11
"86226",9153,5
"86227",3994,1
"86229",853957,42
"86233",11444,5
"86234",1360,1
"86235",4181,3
"86242",2641,1
"86248",6428,4
"86250",1013350,49
"86252",2479,1
"86253",1255,1
"86255",5697,4
"86256",2008,1
"86258",48075,6
"86260",6747,3
"86261",2447,2
"86262",5759,3
"86264",1756,1
"86265",2704,1
"86266",5035,2
"86268",6789,4
"86269",246767,18
"86271",532698,39
"86272",13106,5
"86274",310602,23
"86276",1331,1
"86279",7954,3
"86280",7617,2
"86281",1662288,108
"86284",10703,5
"86285",10884,4
"86286",7337,2
"86287",3164,1
"86288",1108,1
"86289",6732,3
"86292",3058,2
"86293",3937,3
"86297",5926,1
"86298",1896,1
"86299",337938,5
"86300",4838,1
"87009",37052,2
"87082",2798,1
"87126",1651,1
"87161",6687,1
"87168",5925,1
"87201",58554,2
"87203",2131,1
"88002",1591,1
"88055",21588,10
"88056",1047,1
"88069",1669,1
"88070",3026,1
"88071",1297,1
"88096",1904,1
"88103",1305,1
"88119",1625,1
"88120",5833,1
"88129",12764,6
"88132",4027,1
"88137",1078,1
"88146",4725,2
"88150",1321,1
"88160",1359,1
"88173",2348,2
"88202",1268,1
"88223",6599,4
"88233",9589,2
"88239",1364,1
"88252",1535,1
"88254",1562,1
"88256",6167,1
"88272",12039,5
"88280",7887,3
"88292",11502,3
"88295",1972,1
"88307",2355,2
"88318",1372,1
"88325",44564,12
"88334",1781,1
"88351",4640,1
"88357",2497,2
"88361",4059,1
"88368",1941,1
"88370",1644,1
"88378",2718,2
"88403",3481,2
"88428",3794,2
"88437",1051,1
"88445",1437,1
"88449",5652,3
"88455",3845,3
"88480",2691,2
"88486",4580,1
"88489",1019,1
"88493",1089,1
"88497",2313,1
"88507",2011,1
"88513",1030,1
"88516",1080,1
"88518",1049,1
"88529",1200,1
"89003",220142,28
"89007",29475,1
"89010",2688,1
"89021",348026,25
"89022",1320,1
"89023",59552,4
"89024",579239,34
"89034",9822503,375
"89038",31351,9
"89039",2036449,116
"89045",224250,22
"89066",27057,1
"89068",13999976,436
"89075",1112,1
"89081",1621261,97
"89084",62424,8
"89095",1109110,64
"89096",18134,1
"89098",5589,1
"89101",55240,4
"89104",5142406,160
"89108",2055614,135
"89112",360880,23
"89116",1083,1
"89118",1271079,89
"89123",3624787,205
"89125",1011,1
"89130",488904,28
"89137",123798,5
"89139",1241,1
"89149",86267,7
"89153",1661727,99
"89154",11197,2
"89155",19534,3
"89158",1419,1
"89163",19198,2
"89168",3139858,146
"89173",10140,1
"89175",2396666,84
"89196",18103,3
"89202",2422659,161
"89206",402445,27
"89211",25027,4
"89212",384107,42
"89215",4010,2
"89220",22966,2
"89226",3098798,111
"89227",504252,25
"89236",4444,1
"89238",5513,1
"89242",3826880,118
"89256",539786,40
"89262",919894,52
"89265",2071,1
"89270",154620,9
"89287",85125,9
"89297",2253,1
"89303",1606666,79
"89307",7535,1
"89312",20288,2
"89315",2370234,49
"89319",466714,25
"89337",7566183,424
"89341",486183,33
"89352",2135,1
"89354",28585,4
"89364",506083,42
"89367",1554,1
"89378",3754,2
"89387",10164,2
"89393",410714,19
"89400",5352,2
"89405",9705,4
"89409",179159,11
"89418",1192829,51
"89420",30629,4
"89426",219674,15
"89427",12752,5
"89430",2399,1
"89438",768349,44
"89439",3831,1
"89441",692485,20
"89445",2141,1
"89446",200050,18
"89447",128535,16
"89464",16979,1
"89477",2384215,67
"89479",203799,18
"89482",1895958,73
"90010",1096,1
"90090",2476,1
"91130",32637,1
"91284",60740,2
"91433",19219,1
"91547",20789,1
"92023",398,1
"92073",8791,1
"93015",2423,1
"94034",6754,1
"94071",1598,1
"95018",30471,3
"95303",15863,2
"95574",1485,1
