{"type":"FeatureCollection", "features": [
{"type":"Feature","geometry":{"type":"Polygon","coordinates":[[[6.79997,47.32897],[6.79694,47.32865],[6.78891,47.33546],[6.78912,47.3376],[6.78613,47.3397],[6.78767,47.34176],[6.78325,47.34268],[6.77748,47.33929],[6.77593,47.33746],[6.7727,47.33614],[6.77094,47.33384],[6.76745,47.33617],[6.76952,47.33768],[6.76368,47.33533],[6.76537,47.33241],[6.76887,47.32962],[6.77057,47.33032],[6.77323,47.32882],[6.77821,47.32899],[6.77816,47.32728],[6.78085,47.3269],[6.78671,47.32381],[6.79074,47.32263],[6.79368,47.32278],[6.80178,47.32185],[6.80417,47.3224],[6.80539,47.32445],[6.80174,47.32636],[6.79997,47.32897]]]},"properties":{"code_insee":"25335","population":148,"superficie_cadastrale":300,"nom_officiel":"Liebvillers","date_du_recensement":"2023-01-01Z","densite":49.3},"id":"commune.7"},
{"type":"Feature","geometry":{"type":"Polygon","coordinates":[[[5.8621,47.06751],[5.86738,47.07001],[5.86565,47.07931],[5.86546,47.08134],[5.86317,47.08265],[5.86443,47.08445],[5.86488,47.08556],[5.86204,47.08778],[5.85915,47.08796],[5.85608,47.08656],[5.85437,47.08743],[5.85434,47.09465],[5.85519,47.09667],[5.84882,47.09974],[5.8462,47.0964],[5.84312,47.09578],[5.83515,47.09184],[5.83619,47.09068],[5.8359,47.08711],[5.83469,47.08496],[5.83458,47.08206],[5.83713,47.08047],[5.8372,47.07795],[5.83872,47.0747],[5.83887,47.07205],[5.83744,47.06622],[5.84188,47.06529],[5.84348,47.06958],[5.85638,47.06977],[5.8621,47.06751]]]},"properties":{"code_insee":"25340","population":195,"superficie_cadastrale":590,"nom_officiel":"Lombard","date_du_recensement":"2022-01-01Z","densite":33.1},"id":"commune.75"},
{"type":"Feature","geometry":{"type":"Polygon","coordinates":[[[6.33098,46.77045],[6.3369,46.76529],[6.33984,46.76381],[6.34218,46.761],[6.34846,46.75171],[6.35888,46.74599],[6.35935,46.74904],[6.35816,46.75303],[6.36026,46.75455],[6.36646,46.75732],[6.36906,46.75793],[6.36885,46.76077],[6.37119,46.763],[6.37141,46.76589],[6.37019,46.76923],[6.36685,46.769],[6.36559,46.77199],[6.36641,46.77405],[6.36494,46.77747],[6.3602,46.77785],[6.34897,46.77686],[6.34888,46.77518],[6.34383,46.77456],[6.34218,46.77335],[6.33842,46.77328],[6.33625,46.77189],[6.33359,46.77183],[6.33098,46.77045]]]},"properties":{"code_insee":"25380","population":1375,"superficie_cadastrale":580,"nom_officiel":"Métabief","date_du_recensement":"2023-01-01Z","densite":237.1},"id":"commune.141"},
{"type":"Feature","geometry":{"type":"Polygon","coordinates":[[[6.16206,47.29468],[6.15894,47.29433],[6.14938,47.28983],[6.1484,47.29181],[6.14261,47.29215],[6.14056,47.29306],[6.13461,47.28791],[6.13857,47.28827],[6.14174,47.28414],[6.13968,47.28391],[6.13546,47.28148],[6.12464,47.27941],[6.11891,47.27481],[6.11466,47.26828],[6.11185,47.26671],[6.10881,47.26682],[6.11136,47.26294],[6.11502,47.26304],[6.12022,47.2617],[6.12342,47.25851],[6.12682,47.25999],[6.1332,47.26055],[6.13678,47.259],[6.14181,47.26194],[6.14433,47.26242],[6.1531,47.26468],[6.15651,47.266],[6.163,47.26666],[6.16839,47.26917],[6.1762,47.27047],[6.18,47.27282],[6.18629,47.27507],[6.19364,47.27745],[6.19818,47.27933],[6.20257,47.2819],[6.20115,47.2852],[6.19611,47.28493],[6.19171,47.28353],[6.18888,47.28384],[6.18778,47.28796],[6.18074,47.29012],[6.17512,47.28928],[6.16428,47.28859],[6.16253,47.29],[6.16206,47.29468]]]},"properties":{"code_insee":"25575","population":812,"superficie_cadastrale":1400,"nom_officiel":"Vaire","date_du_recensement":"2023-01-01Z","densite":58},"id":"commune.213"},
{"type":"Feature","geometry":{"type":"Polygon","coordinates":[[[6.18956,46.95463],[6.20492,46.94944],[6.20686,46.94811],[6.21012,46.94799],[6.21119,46.94996],[6.21888,46.94273],[6.21776,46.94058],[6.22056,46.93633],[6.23127,46.93421],[6.24589,46.93348],[6.25339,46.93258],[6.25793,46.93162],[6.26448,46.93149],[6.27587,46.93045],[6.28711,46.93669],[6.295,46.94112],[6.30585,46.94917],[6.31193,46.95172],[6.31352,46.95681],[6.31679,46.96007],[6.32153,46.9663],[6.32804,46.96991],[6.33182,46.97425],[6.34221,46.97991],[6.35051,46.98294],[6.34938,46.98708],[6.34063,46.99348],[6.33818,46.99211],[6.33481,46.99333],[6.32678,46.99133],[6.31812,46.98977],[6.31008,46.98773],[6.30665,46.98859],[6.30114,46.98528],[6.29497,46.98533],[6.28822,46.98701],[6.27833,46.98869],[6.27315,46.99121],[6.269,46.99493],[6.26591,46.99388],[6.26059,46.99943],[6.25387,47.00014],[6.24993,47.0015],[6.24562,46.99763],[6.24186,46.99526],[6.24245,46.99393],[6.23782,46.98959],[6.23847,46.98822],[6.22672,46.9811],[6.22154,46.97563],[6.22,46.97241],[6.21212,46.96203],[6.21103,46.96268],[6.20405,46.96023],[6.20144,46.96239],[6.19817,46.96118],[6.18956,46.95463]]]},"properties":{"code_insee":"25060","population":2132,"superficie_cadastrale":5090,"nom_officiel":"Val-d'Usiers","date_du_recensement":"2023-01-01Z","densite":41.9},"id":"commune.287"},
{"type":"Feature","geometry":{"type":"Polygon","coordinates":[[[6.67098,47.11964],[6.66509,47.11917],[6.66131,47.1209],[6.65685,47.11963],[6.65856,47.11704],[6.65168,47.11279],[6.64111,47.10554],[6.63265,47.10281],[6.629,47.09957],[6.6306,47.09899],[6.66084,47.09517],[6.67138,47.09162],[6.67308,47.09319],[6.68218,47.09681],[6.67738,47.10173],[6.6761,47.10394],[6.67349,47.10332],[6.67216,47.10536],[6.67634,47.10741],[6.67432,47.10955],[6.67169,47.11465],[6.67274,47.11696],[6.67098,47.11964]]]},"properties":{"code_insee":"25425","population":453,"superficie_cadastrale":640,"nom_officiel":"Noël-Cerneux","date_du_recensement":"2023-01-01Z","densite":70.8},"id":"commune.391"},
{"type":"Feature","geometry":{"type":"Polygon","coordinates":[[[6.20021,47.36944],[6.1966,47.37058],[6.19443,47.3732],[6.19053,47.37328],[6.18256,47.37345],[6.17884,47.37614],[6.17438,47.37683],[6.17144,47.37444],[6.16923,47.37374],[6.1699,47.37171],[6.16245,47.36245],[6.16555,47.36054],[6.169,47.36332],[6.1722,47.35633],[6.17132,47.35195],[6.17595,47.34986],[6.17722,47.34553],[6.18282,47.34733],[6.18509,47.34393],[6.19243,47.34619],[6.19418,47.35095],[6.19565,47.35308],[6.19382,47.35459],[6.19615,47.35578],[6.19637,47.35841],[6.1985,47.35949],[6.20118,47.36495],[6.20116,47.36828],[6.20021,47.36944]]]},"properties":{"code_insee":"25163","population":88,"superficie_cadastrale":640,"nom_officiel":"Corcelle-Mieslot","date_du_recensement":"2023-01-01Z","densite":13.8},"id":"commune.551"},
{"type":"Feature","geometry":{"type":"Polygon","coordinates":[[[6.29318,47.33902],[6.2923,47.33803],[6.2931,47.33424],[6.29362,47.3293],[6.29869,47.32989],[6.30293,47.32918],[6.30879,47.32948],[6.31348,47.33071],[6.31549,47.33753],[6.31745,47.34013],[6.32288,47.34282],[6.32112,47.34445],[6.31453,47.34079],[6.30371,47.3401],[6.29586,47.33882],[6.29318,47.33902]]]},"properties":{"code_insee":"25251","population":155,"superficie_cadastrale":200,"nom_officiel":"Fourbanne","date_du_recensement":"2023-01-01Z","densite":77.5},"id":"commune.588"},
{"type":"Feature","geometry":{"type":"Polygon","coordinates":[[[6.03616,47.30954],[6.03451,47.30743],[6.02914,47.30367],[6.02162,47.30013],[6.01753,47.29943],[6.01097,47.29543],[6.0046,47.2924],[6.00147,47.28897],[6.00508,47.28652],[6.00611,47.2847],[6.00491,47.283],[6.00501,47.2761],[6.00335,47.27405],[5.99926,47.27193],[5.99794,47.27006],[5.99097,47.2671],[5.98828,47.26351],[5.98297,47.25934],[5.9814,47.25695],[5.97633,47.25147],[5.97395,47.25134],[5.97165,47.24943],[5.97257,47.24628],[5.97191,47.24474],[5.96775,47.24046],[5.9655,47.24125],[5.9586,47.23555],[5.95399,47.23232],[5.95183,47.22822],[5.95203,47.2263],[5.94886,47.22243],[5.94139,47.21714],[5.94088,47.21579],[5.94869,47.21087],[5.95348,47.20924],[5.95886,47.21324],[5.96151,47.21249],[5.96349,47.21372],[5.97345,47.20861],[5.98148,47.20599],[5.98939,47.20068],[5.99291,47.20294],[5.99583,47.20949],[6.00121,47.21467],[6.00571,47.21695],[6.01656,47.21745],[6.01743,47.21446],[6.0234,47.2155],[6.02435,47.21365],[6.02912,47.21439],[6.03221,47.21472],[6.04659,47.21812],[6.05189,47.2198],[6.05858,47.22337],[6.05896,47.22626],[6.06099,47.22866],[6.06034,47.23214],[6.05924,47.23275],[6.06219,47.23864],[6.06416,47.24005],[6.05805,47.24313],[6.06049,47.24587],[6.05779,47.249],[6.06044,47.25103],[6.0576,47.25375],[6.05603,47.2575],[6.05277,47.26017],[6.05349,47.2637],[6.05664,47.26713],[6.05395,47.26965],[6.05746,47.27365],[6.06076,47.27536],[6.05878,47.27883],[6.06522,47.28284],[6.0675,47.28367],[6.0675,47.28541],[6.07053,47.2909],[6.07236,47.29287],[6.07678,47.29502],[6.07842,47.29823],[6.08364,47.30141],[6.07803,47.31026],[6.07617,47.31638],[6.07294,47.31168],[6.07118,47.30943],[6.0662,47.31555],[6.06488,47.31973],[6.05893,47.31864],[6.05211,47.31341],[6.04409,47.31087],[6.03616,47.30954]]]},"properties":{"code_insee":"25056","population":118489,"superficie_cadastrale":6500,"nom_officiel":"Besançon","date_du_recensement":"2023-01-01Z","densite":1822.9},"id":"commune.744"},
{"type":"Feature","geometry":{"type":"Polygon","coordinates":[[[5.83515,47.09184],[5.83087,47.08994],[5.82458,47.08824],[5.81914,47.08526],[5.80993,47.08114],[5.80555,47.08045],[5.79979,47.07836],[5.78932,47.08067],[5.78529,47.0825],[5.78076,47.07844],[5.77881,47.07444],[5.77874,47.0707],[5.77994,47.06361],[5.78472,47.05491],[5.78846,47.05467],[5.79399,47.05058],[5.79447,47.04881],[5.79842,47.04679],[5.80054,47.04478],[5.8096,47.04655],[5.80669,47.04713],[5.8082,47.0498],[5.81288,47.05287],[5.81689,47.05236],[5.81783,47.0514],[5.82171,47.05244],[5.82555,47.05211],[5.83176,47.04905],[5.83327,47.04584],[5.83512,47.04502],[5.84237,47.04717],[5.84319,47.05371],[5.84226,47.05596],[5.84251,47.0592],[5.83978,47.06077],[5.84188,47.06529],[5.83744,47.06622],[5.83887,47.07205],[5.83872,47.0747],[5.8372,47.07795],[5.83713,47.08047],[5.83458,47.08206],[5.83469,47.08496],[5.8359,47.08711],[5.83619,47.09068],[5.83515,47.09184]]]},"properties":{"code_insee":"25336","population":558,"superficie_cadastrale":1650,"nom_officiel":"Liesle","date_du_recensement":"2022-01-01Z","densite":33.8},"id":"commune.842"},
{"type":"Feature","geometry":{"type":"Polygon","coordinates":[[[5.82458,47.08824],[5.82656,47.09339],[5.82563,47.09447],[5.82933,47.09698],[5.82952,47.09854],[5.83522,47.10206],[5.83778,47.10446],[5.82755,47.10976],[5.8238,47.11081],[5.81934,47.11097],[5.81725,47.10957],[5.80564,47.11567],[5.80215,47.11067],[5.79634,47.10962],[5.79122,47.10474],[5.79016,47.09956],[5.78766,47.09586],[5.78572,47.09513],[5.77944,47.09798],[5.77089,47.09449],[5.76874,47.08996],[5.77256,47.08397],[5.77401,47.08052],[5.77572,47.07923],[5.77881,47.07444],[5.78076,47.07844],[5.78529,47.0825],[5.78932,47.08067],[5.79979,47.07836],[5.80555,47.08045],[5.80993,47.08114],[5.81914,47.08526],[5.82458,47.08824]]]},"properties":{"code_insee":"25253","population":370,"superficie_cadastrale":1210,"nom_officiel":"Fourg","date_du_recensement":"2023-01-01Z","densite":30.6},"id":"commune.847"},
{"type":"Feature","geometry":{"type":"Polygon","coordinates":[[[5.86738,47.07001],[5.87085,47.06903],[5.86964,47.06598],[5.87281,47.06345],[5.87808,47.06349],[5.87917,47.06619],[5.88738,47.06513],[5.89123,47.06583],[5.8951,47.06818],[5.89511,47.07205],[5.89879,47.07213],[5.90244,47.07326],[5.90557,47.07186],[5.91101,47.07109],[5.9112,47.073],[5.9161,47.07602],[5.91345,47.07903],[5.90738,47.08],[5.89863,47.07869],[5.88957,47.07869],[5.88408,47.07913],[5.86565,47.07931],[5.86738,47.07001]]]},"properties":{"code_insee":"25450","population":89,"superficie_cadastrale":430,"nom_officiel":"Pessans","date_du_recensement":"2023-01-01Z","densite":20.7},"id":"commune.855"},
{"type":"Feature","geometry":{"type":"Polygon","coordinates":[[[6.38071,47.1671],[6.37902,47.16693],[6.37018,47.17262],[6.36425,47.17739],[6.36221,47.17775],[6.35881,47.18335],[6.35278,47.18367],[6.35295,47.18095],[6.35189,47.17654],[6.35192,47.17336],[6.3545,47.17255],[6.35233,47.17004],[6.35266,47.1651],[6.35524,47.16364],[6.35407,47.16235],[6.35992,47.15868],[6.36394,47.15714],[6.36966,47.14992],[6.37621,47.14693],[6.3812,47.1513],[6.38425,47.15424],[6.38467,47.15803],[6.38229,47.15846],[6.38523,47.16152],[6.37965,47.16574],[6.38071,47.1671]]]},"properties":{"code_insee":"25151","population":141,"superficie_cadastrale":540,"nom_officiel":"Chevigney-lès-Vercel","date_du_recensement":"2023-01-01Z","densite":26.1},"id":"commune.869"},
{"type":"Feature","geometry":{"type":"Polygon","coordinates":[[[5.90932,47.13927],[5.91239,47.13837],[5.91663,47.14408],[5.91778,47.14976],[5.91939,47.15205],[5.91628,47.15642],[5.91777,47.15729],[5.91492,47.15904],[5.91091,47.16269],[5.90213,47.1627],[5.89384,47.16174],[5.89353,47.16279],[5.88612,47.16099],[5.88327,47.15846],[5.88485,47.15525],[5.88565,47.14754],[5.88801,47.14375],[5.89031,47.14309],[5.89017,47.13937],[5.89359,47.13947],[5.90192,47.1436],[5.90809,47.14084],[5.9086,47.13938],[5.90932,47.13927]]]},"properties":{"code_insee":"25084","population":1208,"superficie_cadastrale":560,"nom_officiel":"Boussières","date_du_recensement":"2023-01-01Z","densite":215.7},"id":"commune.1015"},
{"type":"Feature","geometry":{"type":"Polygon","coordinates":[[[6.75772,47.51167],[6.75848,47.50404],[6.7653,47.50393],[6.76611,47.5023],[6.76839,47.50065],[6.77301,47.49978],[6.77332,47.50206],[6.77605,47.50462],[6.77528,47.50705],[6.77963,47.5095],[6.77491,47.512],[6.77116,47.51073],[6.76546,47.51788],[6.76557,47.51388],[6.75772,47.51167]]]},"properties":{"code_insee":"25526","population":1501,"superficie_cadastrale":160,"nom_officiel":"Sainte-Suzanne","date_du_recensement":"2023-01-01Z","densite":938.1},"id":"commune.1049"},
{"type":"Feature","geometry":{"type":"Polygon","coordinates":[[[6.90719,47.52711],[6.91284,47.52758],[6.91582,47.52948],[6.91627,47.53217],[6.91453,47.53519],[6.91133,47.53891],[6.90808,47.54077],[6.90571,47.54796],[6.90198,47.54998],[6.89601,47.54975],[6.89019,47.55009],[6.88536,47.54664],[6.88084,47.54428],[6.87988,47.53881],[6.87625,47.53866],[6.87498,47.53673],[6.87724,47.53131],[6.87398,47.5277],[6.8757,47.52007],[6.88155,47.52348],[6.88551,47.52611],[6.88773,47.52427],[6.89458,47.52405],[6.89613,47.52627],[6.89978,47.52741],[6.90213,47.5265],[6.90719,47.52711]]]},"properties":{"code_insee":"25011","population":719,"superficie_cadastrale":660,"nom_officiel":"Allenjoie","date_du_recensement":"2023-01-01Z","densite":108.9},"id":"commune.1076"},
{"type":"Feature","geometry":{"type":"Polygon","coordinates":[[[6.5241,47.14516],[6.52282,47.14837],[6.51818,47.15105],[6.51464,47.15158],[6.51506,47.15569],[6.52077,47.16042],[6.52345,47.16247],[6.52234,47.16494],[6.51693,47.1701],[6.51803,47.17124],[6.51669,47.17461],[6.5186,47.17512],[6.51526,47.17899],[6.51031,47.17709],[6.50987,47.1754],[6.50657,47.17364],[6.50442,47.17513],[6.50269,47.17922],[6.4995,47.18038],[6.49824,47.17776],[6.49113,47.17743],[6.48903,47.1793],[6.48522,47.1794],[6.47545,47.17552],[6.47236,47.17117],[6.46899,47.16945],[6.46659,47.16934],[6.46282,47.16733],[6.46327,47.16497],[6.47073,47.16205],[6.46868,47.16097],[6.47252,47.15785],[6.4721,47.15612],[6.47955,47.14966],[6.48165,47.14737],[6.48442,47.14691],[6.48704,47.14386],[6.4869,47.14147],[6.49569,47.14169],[6.49839,47.13946],[6.50021,47.13982],[6.49962,47.13498],[6.50237,47.13411],[6.50428,47.13623],[6.50814,47.13786],[6.51676,47.13801],[6.52209,47.14505],[6.5241,47.14516]]]},"properties":{"code_insee":"25349","population":623,"superficie_cadastrale":1440,"nom_officiel":"Loray","date_du_recensement":"2023-01-01Z","densite":43.3},"id":"commune.1377"},
{"type":"Feature","geometry":{"type":"Polygon","coordinates":[[[6.41715,46.95252],[6.4175,46.94983],[6.41107,46.94721],[6.4009,46.94047],[6.39668,46.93899],[6.39923,46.93662],[6.39018,46.93323],[6.38602,46.93214],[6.38168,46.92837],[6.37246,46.92173],[6.35271,46.91986],[6.35372,46.91726],[6.34918,46.91578],[6.34596,46.91921],[6.34387,46.91911],[6.34108,46.92153],[6.33706,46.91779],[6.3352,46.91928],[6.32828,46.91141],[6.3261,46.9098],[6.31903,46.90235],[6.31153,46.89697],[6.31411,46.89808],[6.32188,46.89834],[6.32733,46.89513],[6.331,46.89467],[6.33912,46.89061],[6.33832,46.88699],[6.35026,46.88139],[6.36291,46.87577],[6.36286,46.88045],[6.36196,46.884],[6.36387,46.88409],[6.36439,46.88659],[6.3637,46.89238],[6.36934,46.89122],[6.37341,46.88951],[6.37495,46.88799],[6.38277,46.88723],[6.38652,46.88572],[6.39055,46.88601],[6.39711,46.88735],[6.4009,46.88739],[6.40611,46.88841],[6.41075,46.89197],[6.41157,46.89044],[6.41732,46.89262],[6.42438,46.89471],[6.42374,46.89668],[6.43848,46.90376],[6.44214,46.90591],[6.44323,46.90807],[6.4477,46.91124],[6.4416,46.91756],[6.43588,46.92164],[6.43269,46.92868],[6.43906,46.93076],[6.44481,46.93338],[6.4384,46.94029],[6.43618,46.9441],[6.43344,46.9436],[6.42903,46.94857],[6.42442,46.95487],[6.42622,46.95613],[6.42538,46.95733],[6.42071,46.95547],[6.41715,46.95252]]]},"properties":{"code_insee":"25462","population":18067,"superficie_cadastrale":4140,"nom_officiel":"Pontarlier","date_du_recensement":"2023-01-01Z","densite":436.4},"id":"commune.1443"},
{"type":"Feature","geometry":{"type":"Polygon","coordinates":[[[6.8757,47.52007],[6.87417,47.51943],[6.86899,47.51949],[6.86329,47.51864],[6.8583,47.5205],[6.85787,47.51694],[6.85425,47.51731],[6.85264,47.516],[6.84793,47.51429],[6.84306,47.51331],[6.84493,47.50799],[6.84688,47.50493],[6.84921,47.50549],[6.85114,47.5033],[6.85473,47.50158],[6.86379,47.49804],[6.86546,47.49776],[6.86436,47.48778],[6.87383,47.4903],[6.87805,47.49089],[6.88238,47.4904],[6.88236,47.49353],[6.88753,47.4935],[6.89556,47.49511],[6.8979,47.49653],[6.89742,47.49875],[6.90332,47.50885],[6.90102,47.51065],[6.89121,47.51269],[6.88661,47.51605],[6.88574,47.51797],[6.88155,47.52348],[6.8757,47.52007]]]},"properties":{"code_insee":"25228","population":3689,"superficie_cadastrale":990,"nom_officiel":"Étupes","date_du_recensement":"2023-01-01Z","densite":372.6},"id":"commune.1468"},
{"type":"Feature","geometry":{"type":"Polygon","coordinates":[[[5.8826,47.32167],[5.87651,47.31847],[5.87482,47.31694],[5.87374,47.314],[5.87131,47.31414],[5.86657,47.31657],[5.86179,47.31605],[5.86007,47.31442],[5.86081,47.31282],[5.85667,47.31038],[5.85312,47.31087],[5.8522,47.3088],[5.85305,47.30579],[5.84958,47.30594],[5.84841,47.30396],[5.84466,47.3023],[5.84516,47.30109],[5.84902,47.30362],[5.85351,47.30264],[5.85524,47.29734],[5.85941,47.29833],[5.86801,47.29698],[5.86892,47.29374],[5.86501,47.29023],[5.86626,47.28733],[5.87064,47.28776],[5.87583,47.28604],[5.87669,47.29038],[5.88148,47.29336],[5.87802,47.29586],[5.88109,47.29623],[5.88201,47.29829],[5.87809,47.3013],[5.8823,47.3038],[5.87973,47.30631],[5.88028,47.30769],[5.88329,47.30881],[5.8786,47.31798],[5.8844,47.32015],[5.8826,47.32167]]]},"properties":{"code_insee":"25217","population":629,"superficie_cadastrale":520,"nom_officiel":"Émagny","date_du_recensement":"2023-01-01Z","densite":121},"id":"commune.1520"},
{"type":"Feature","geometry":{"type":"Polygon","coordinates":[[[6.30613,47.43327],[6.30794,47.43149],[6.31201,47.43221],[6.31557,47.4379],[6.31659,47.44088],[6.32225,47.44474],[6.3198,47.44914],[6.32078,47.45237],[6.32259,47.4526],[6.32517,47.44992],[6.32936,47.45183],[6.33053,47.45418],[6.32896,47.4581],[6.32353,47.4609],[6.31763,47.46245],[6.31577,47.4644],[6.31304,47.46316],[6.31024,47.46339],[6.30612,47.46159],[6.30966,47.45751],[6.31005,47.45444],[6.30708,47.45134],[6.29831,47.44547],[6.29603,47.4412],[6.30429,47.43522],[6.30613,47.43327]]]},"properties":{"code_insee":"25384","population":77,"superficie_cadastrale":450,"nom_officiel":"Mondon","date_du_recensement":"2023-01-01Z","densite":17.1},"id":"commune.1615"},
{"type":"Feature","geometry":{"type":"Polygon","coordinates":[[[5.83957,47.01545],[5.83987,47.0127],[5.83871,47.00911],[5.84085,47.0086],[5.84474,47.01027],[5.84778,47.00915],[5.84665,47.00335],[5.84904,47.00333],[5.84907,47.00594],[5.85583,47.00883],[5.86201,47.00752],[5.87648,47.00588],[5.88209,47.00501],[5.88144,47.00648],[5.88147,47.01172],[5.88317,47.01666],[5.87189,47.01849],[5.85676,47.02197],[5.8551,47.02613],[5.85203,47.02794],[5.85115,47.03021],[5.84803,47.02981],[5.84287,47.03032],[5.84166,47.02743],[5.84194,47.02164],[5.84134,47.01875],[5.83957,47.01545]]]},"properties":{"code_insee":"25488","population":108,"superficie_cadastrale":550,"nom_officiel":"Rennes-sur-Loue","date_du_recensement":"2023-01-01Z","densite":19.6},"id":"commune.1626"},
{"type":"Feature","geometry":{"type":"Polygon","coordinates":[[[5.94088,47.21579],[5.93951,47.21394],[5.93332,47.21098],[5.93025,47.20711],[5.9269,47.19843],[5.92986,47.19651],[5.93428,47.19504],[5.93601,47.19319],[5.94177,47.19048],[5.9461,47.19159],[5.94985,47.19142],[5.95052,47.19377],[5.95635,47.19526],[5.96299,47.19025],[5.96087,47.18616],[5.96232,47.18512],[5.96617,47.18822],[5.96781,47.19183],[5.97079,47.1913],[5.97518,47.19248],[5.97839,47.19259],[5.98253,47.19424],[5.97912,47.19585],[5.97975,47.19779],[5.98525,47.19862],[5.98939,47.20068],[5.98148,47.20599],[5.97345,47.20861],[5.96349,47.21372],[5.96151,47.21249],[5.95886,47.21324],[5.95348,47.20924],[5.94869,47.21087],[5.94088,47.21579]]]},"properties":{"code_insee":"25036","population":2256,"superficie_cadastrale":860,"nom_officiel":"Avanne-Aveney","date_du_recensement":"2023-01-01Z","densite":262.3},"id":"commune.1744"},
{"type":"Feature","geometry":{"type":"Polygon","coordinates":[[[6.34831,47.50557],[6.34627,47.50519],[6.33846,47.50578],[6.33585,47.50651],[6.33153,47.50367],[6.33101,47.50006],[6.32873,47.49889],[6.32811,47.49495],[6.32606,47.49174],[6.32102,47.49031],[6.32026,47.488],[6.3244,47.48933],[6.3321,47.48764],[6.33304,47.48945],[6.33701,47.49187],[6.34183,47.49319],[6.34469,47.49482],[6.34604,47.4935],[6.34923,47.49537],[6.34482,47.49779],[6.34613,47.49969],[6.34481,47.50124],[6.35006,47.50286],[6.35314,47.50503],[6.34831,47.50557]]]},"properties":{"code_insee":"25570","population":28,"superficie_cadastrale":230,"nom_officiel":"Tressandans","date_du_recensement":"2022-01-01Z","densite":12.2},"id":"commune.1790"},
{"type":"Feature","geometry":{"type":"Polygon","coordinates":[[[5.7183,47.23797],[5.71599,47.2381],[5.71386,47.23606],[5.71642,47.23426],[5.71747,47.23214],[5.72099,47.23134],[5.72267,47.22659],[5.72239,47.22342],[5.72014,47.21984],[5.72672,47.21766],[5.7233,47.21991],[5.72436,47.22433],[5.72854,47.22492],[5.72991,47.22237],[5.73599,47.22266],[5.74228,47.22463],[5.74891,47.21935],[5.75254,47.22053],[5.75403,47.21909],[5.75688,47.22048],[5.75482,47.22134],[5.75431,47.22506],[5.75202,47.22779],[5.75427,47.2296],[5.75178,47.23199],[5.75018,47.23496],[5.75082,47.23673],[5.74964,47.23928],[5.74796,47.23987],[5.75308,47.24534],[5.75341,47.24677],[5.74795,47.24766],[5.74184,47.25089],[5.74054,47.24701],[5.74075,47.24464],[5.73953,47.24202],[5.73562,47.23988],[5.7271,47.23622],[5.72373,47.23748],[5.72275,47.24008],[5.7183,47.23797]]]},"properties":{"code_insee":"25225","population":182,"superficie_cadastrale":550,"nom_officiel":"Étrabonne","date_du_recensement":"2023-01-01Z","densite":33.1},"id":"commune.1793"},
{"type":"Feature","geometry":{"type":"Polygon","coordinates":[[[6.78854,47.1687],[6.79344,47.16393],[6.7963,47.16271],[6.80046,47.15983],[6.81189,47.15383],[6.81639,47.15069],[6.81873,47.1478],[6.82638,47.14421],[6.82835,47.14649],[6.8304,47.14619],[6.8399,47.15062],[6.8403,47.15383],[6.8499,47.15644],[6.85153,47.15907],[6.85827,47.16434],[6.85818,47.16573],[6.85347,47.16675],[6.84765,47.16596],[6.84334,47.16723],[6.84073,47.1708],[6.8531,47.17658],[6.8613,47.17953],[6.85747,47.18183],[6.85478,47.18197],[6.85103,47.18359],[6.8447,47.18183],[6.8406,47.18357],[6.83382,47.17994],[6.82975,47.1758],[6.82507,47.17865],[6.82097,47.18373],[6.82156,47.18554],[6.81614,47.1845],[6.81683,47.183],[6.8102,47.18056],[6.80682,47.17769],[6.80398,47.1773],[6.79988,47.17525],[6.79939,47.17276],[6.79583,47.17021],[6.79205,47.16864],[6.78854,47.1687]]]},"properties":{"code_insee":"25255","population":353,"superficie_cadastrale":1310,"nom_officiel":"Fournet-Blancheroche","date_du_recensement":"2023-01-01Z","densite":26.9},"id":"commune.1861"},
{"type":"Feature","geometry":{"type":"Polygon","coordinates":[[[5.86224,47.26279],[5.85936,47.26101],[5.85789,47.25858],[5.85913,47.25736],[5.85587,47.25508],[5.85643,47.2534],[5.85969,47.25293],[5.86256,47.25118],[5.86678,47.25413],[5.87134,47.25263],[5.87563,47.25403],[5.87651,47.25742],[5.88201,47.26074],[5.8808,47.26232],[5.87673,47.26286],[5.87392,47.26414],[5.86498,47.26393],[5.86224,47.26279]]]},"properties":{"code_insee":"25030","population":420,"superficie_cadastrale":180,"nom_officiel":"Audeux","date_du_recensement":"2023-01-01Z","densite":233.3},"id":"commune.2093"},
{"type":"Feature","geometry":{"type":"Polygon","coordinates":[[[5.78598,47.21657],[5.78647,47.21544],[5.78855,47.21103],[5.78641,47.20945],[5.78803,47.20713],[5.79483,47.20324],[5.79841,47.20268],[5.79644,47.19737],[5.80089,47.19723],[5.80644,47.19602],[5.80723,47.19835],[5.81167,47.20181],[5.81812,47.20834],[5.81546,47.21614],[5.81274,47.21826],[5.8112,47.22102],[5.80957,47.22139],[5.80728,47.22144],[5.8053,47.21991],[5.79882,47.21814],[5.79545,47.21548],[5.7934,47.21487],[5.78983,47.2181],[5.78598,47.21657]]]},"properties":{"code_insee":"25235","population":328,"superficie_cadastrale":420,"nom_officiel":"Ferrières-les-Bois","date_du_recensement":"2023-01-01Z","densite":78.1},"id":"commune.2212"},
{"type":"Feature","geometry":{"type":"Polygon","coordinates":[[[5.78472,47.05491],[5.78346,47.05489],[5.76747,47.04831],[5.7637,47.04465],[5.76085,47.04649],[5.75076,47.05415],[5.74552,47.05741],[5.74365,47.0559],[5.74016,47.05473],[5.73663,47.05529],[5.73676,47.0497],[5.74141,47.04603],[5.75314,47.03976],[5.74943,47.03482],[5.75078,47.03325],[5.74823,47.03094],[5.74091,47.03105],[5.74278,47.02759],[5.74392,47.02244],[5.74951,47.01724],[5.75393,47.01703],[5.757,47.01532],[5.76132,47.01571],[5.76044,47.01281],[5.76316,47.01144],[5.77055,47.01823],[5.77779,47.01881],[5.78926,47.02111],[5.79213,47.0229],[5.79859,47.02934],[5.79954,47.0311],[5.79947,47.03531],[5.79744,47.0385],[5.79778,47.04312],[5.80054,47.04478],[5.79842,47.04679],[5.79447,47.04881],[5.79399,47.05058],[5.78846,47.05467],[5.78472,47.05491]]]},"properties":{"code_insee":"25021","population":1620,"superficie_cadastrale":1500,"nom_officiel":"Arc-et-Senans","date_du_recensement":"2023-01-01Z","densite":108},"id":"commune.2303"},
{"type":"Feature","geometry":{"type":"Polygon","coordinates":[[[6.68171,47.52028],[6.68825,47.52101],[6.69743,47.52271],[6.70128,47.52516],[6.70415,47.52808],[6.70484,47.53102],[6.70375,47.53267],[6.69812,47.53334],[6.69525,47.53289],[6.69333,47.53402],[6.68922,47.53329],[6.68925,47.53094],[6.68795,47.5287],[6.6836,47.52835],[6.68396,47.52609],[6.68209,47.52562],[6.68133,47.52162],[6.68171,47.52028]]]},"properties":{"code_insee":"25210","population":163,"superficie_cadastrale":170,"nom_officiel":"Échenans","date_du_recensement":"2022-01-01Z","densite":95.9},"id":"commune.2321"},
{"type":"Feature","geometry":{"type":"Polygon","coordinates":[[[6.37094,47.23226],[6.36404,47.23397],[6.36084,47.23013],[6.36009,47.22753],[6.35835,47.22575],[6.3558,47.2264],[6.35311,47.22521],[6.34984,47.22126],[6.33984,47.21638],[6.34053,47.21298],[6.35015,47.21273],[6.35154,47.21172],[6.36112,47.20961],[6.36396,47.20779],[6.36845,47.20817],[6.37151,47.20718],[6.37197,47.20949],[6.37502,47.21514],[6.37928,47.21692],[6.37758,47.21737],[6.37696,47.22074],[6.37412,47.22163],[6.37826,47.22706],[6.37736,47.22665],[6.36997,47.22768],[6.37094,47.23226]]]},"properties":{"code_insee":"25052","population":79,"superficie_cadastrale":470,"nom_officiel":"Belmont","date_du_recensement":"2023-01-01Z","densite":16.8},"id":"commune.2380"},
{"type":"Feature","geometry":{"type":"Polygon","coordinates":[[[6.20118,47.36495],[6.20743,47.36348],[6.21277,47.36387],[6.21271,47.36549],[6.21518,47.36714],[6.22311,47.36842],[6.22667,47.36846],[6.23068,47.36977],[6.23282,47.3717],[6.24054,47.37449],[6.24473,47.37556],[6.24757,47.37549],[6.24662,47.38206],[6.24361,47.38741],[6.24558,47.39205],[6.24456,47.39353],[6.24045,47.39569],[6.23228,47.39738],[6.22594,47.40247],[6.2237,47.40078],[6.21795,47.40163],[6.2173,47.40179],[6.21694,47.39769],[6.2178,47.39546],[6.21279,47.39407],[6.2124,47.38981],[6.21017,47.38852],[6.20942,47.38548],[6.21148,47.38436],[6.21136,47.37972],[6.20732,47.37694],[6.2056,47.37352],[6.20021,47.36944],[6.20116,47.36828],[6.20118,47.36495]]]},"properties":{"code_insee":"25566","population":315,"superficie_cadastrale":880,"nom_officiel":"La Tour-de-Sçay","date_du_recensement":"2023-01-01Z","densite":35.8},"id":"commune.2488"},
{"type":"Feature","geometry":{"type":"Polygon","coordinates":[[[6.35329,47.26294],[6.34609,47.26758],[6.34329,47.2684],[6.34461,47.27062],[6.34429,47.27276],[6.34639,47.27502],[6.34297,47.27756],[6.33446,47.28221],[6.33294,47.2818],[6.31771,47.28976],[6.31755,47.29115],[6.31259,47.29893],[6.31061,47.29663],[6.31137,47.29269],[6.30324,47.28977],[6.30137,47.2873],[6.30135,47.28338],[6.3069,47.28326],[6.3067,47.2816],[6.31114,47.28043],[6.31034,47.27759],[6.31314,47.27636],[6.31172,47.27144],[6.30927,47.26888],[6.30902,47.26551],[6.30732,47.25913],[6.31071,47.25725],[6.31347,47.25836],[6.31887,47.25921],[6.32051,47.25842],[6.31929,47.25574],[6.32177,47.25453],[6.32498,47.25501],[6.32609,47.25222],[6.32826,47.25205],[6.3308,47.24991],[6.33564,47.25093],[6.33705,47.24938],[6.344,47.24772],[6.34609,47.24871],[6.3477,47.25557],[6.3504,47.25534],[6.34916,47.25732],[6.35329,47.26294]]]},"properties":{"code_insee":"25009","population":168,"superficie_cadastrale":1070,"nom_officiel":"Aïssey","date_du_recensement":"2023-01-01Z","densite":15.7},"id":"commune.2621"},
{"type":"Feature","geometry":{"type":"Polygon","coordinates":[[[6.25789,46.81925],[6.25616,46.82081],[6.25522,46.82781],[6.25229,46.83045],[6.24525,46.83416],[6.24181,46.83704],[6.2386,46.8406],[6.23425,46.84689],[6.23201,46.84934],[6.22924,46.8506],[6.21605,46.8585],[6.20679,46.86205],[6.20048,46.86487],[6.19821,46.86531],[6.1921,46.86321],[6.18983,46.86344],[6.18537,46.85955],[6.18332,46.85913],[6.18011,46.85255],[6.17729,46.84872],[6.17534,46.84904],[6.17247,46.84209],[6.17532,46.83695],[6.17786,46.82925],[6.18164,46.82748],[6.18277,46.8289],[6.18857,46.82854],[6.19305,46.82632],[6.19529,46.82864],[6.20217,46.82569],[6.20692,46.82812],[6.20979,46.83111],[6.21666,46.82574],[6.22454,46.82511],[6.2299,46.82299],[6.23148,46.82582],[6.2331,46.8264],[6.23683,46.82539],[6.23565,46.82085],[6.23922,46.81892],[6.24291,46.82012],[6.24637,46.81842],[6.25127,46.8173],[6.25496,46.81764],[6.25789,46.81925]]]},"properties":{"code_insee":"25085","population":461,"superficie_cadastrale":1820,"nom_officiel":"Bouverans","date_du_recensement":"2023-01-01Z","densite":25.3},"id":"commune.2721"},
{"type":"Feature","geometry":{"type":"Polygon","coordinates":[[[6.22779,47.1238],[6.22528,47.12519],[6.22258,47.13032],[6.21752,47.13402],[6.21949,47.13626],[6.22446,47.13809],[6.21504,47.13598],[6.21214,47.13739],[6.20749,47.13658],[6.20234,47.1394],[6.2,47.13907],[6.19464,47.1351],[6.19149,47.13605],[6.18825,47.13558],[6.18173,47.13311],[6.17916,47.13041],[6.18309,47.12753],[6.18665,47.12416],[6.18368,47.12046],[6.18534,47.1199],[6.18339,47.11681],[6.17954,47.11521],[6.17864,47.1137],[6.1804,47.11113],[6.18464,47.109],[6.18605,47.1081],[6.18875,47.1099],[6.19538,47.11108],[6.19816,47.11308],[6.20634,47.11535],[6.21127,47.11582],[6.21662,47.11815],[6.22081,47.11878],[6.22051,47.12139],[6.22779,47.1238]]]},"properties":{"code_insee":"25535","population":234,"superficie_cadastrale":760,"nom_officiel":"Saules","date_du_recensement":"2023-01-01Z","densite":30.8},"id":"commune.2779"},
{"type":"Feature","geometry":{"type":"Polygon","coordinates":[[[5.89353,47.16279],[5.90184,47.16525],[5.90245,47.16735],[5.90012,47.16919],[5.8918,47.17288],[5.88991,47.17639],[5.88979,47.18038],[5.89099,47.18408],[5.88774,47.18681],[5.88118,47.18613],[5.87807,47.18462],[5.87502,47.18556],[5.87035,47.18247],[5.8682,47.18191],[5.86333,47.17916],[5.8661,47.17727],[5.85865,47.1722],[5.86011,47.17071],[5.86331,47.17188],[5.86539,47.16951],[5.87085,47.16693],[5.87581,47.16103],[5.88325,47.15523],[5.88485,47.15525],[5.88327,47.15846],[5.88612,47.16099],[5.89353,47.16279]]]},"properties":{"code_insee":"25564","population":995,"superficie_cadastrale":560,"nom_officiel":"Torpes","date_du_recensement":"2023-01-01Z","densite":177.7},"id":"commune.2824"},
{"type":"Feature","geometry":{"type":"Polygon","coordinates":[[[6.29336,47.38227],[6.29353,47.37867],[6.29202,47.37196],[6.29603,47.3704],[6.30187,47.37035],[6.30895,47.36873],[6.30977,47.36559],[6.31289,47.36274],[6.31691,47.36161],[6.31945,47.3644],[6.32227,47.36361],[6.32508,47.36445],[6.32877,47.36843],[6.33017,47.36885],[6.33173,47.37127],[6.33119,47.37715],[6.33215,47.38202],[6.32926,47.38522],[6.32607,47.38625],[6.32053,47.38601],[6.31797,47.38419],[6.31449,47.38411],[6.31101,47.3852],[6.31021,47.3843],[6.30009,47.38396],[6.29715,47.38425],[6.29336,47.38227]]]},"properties":{"code_insee":"25249","population":60,"superficie_cadastrale":570,"nom_officiel":"Fontenotte","date_du_recensement":"2023-01-01Z","densite":10.5},"id":"commune.2856"},
{"type":"Feature","geometry":{"type":"Polygon","coordinates":[[[6.19821,46.86531],[6.19746,46.87041],[6.19825,46.87207],[6.19514,46.87385],[6.19783,46.87654],[6.18767,46.88343],[6.1796,46.88815],[6.17633,46.88937],[6.16646,46.89567],[6.16053,46.90156],[6.16111,46.90443],[6.15491,46.90834],[6.15361,46.91036],[6.14634,46.91249],[6.14397,46.91395],[6.13728,46.91247],[6.13069,46.90869],[6.13448,46.9033],[6.13279,46.89877],[6.13426,46.897],[6.13445,46.89363],[6.15201,46.88083],[6.16804,46.87029],[6.17582,46.86607],[6.18287,46.86092],[6.18332,46.85913],[6.18537,46.85955],[6.18983,46.86344],[6.1921,46.86321],[6.19821,46.86531]]]},"properties":{"code_insee":"25202","population":291,"superficie_cadastrale":1290,"nom_officiel":"Dompierre-les-Tilleuls","date_du_recensement":"2022-01-01Z","densite":22.6},"id":"commune.2870"},
{"type":"Feature","geometry":{"type":"Polygon","coordinates":[[[6.70775,47.22161],[6.70443,47.21863],[6.704,47.21718],[6.70052,47.21468],[6.70102,47.21337],[6.69815,47.21109],[6.70103,47.20858],[6.69275,47.20391],[6.6941,47.20091],[6.70321,47.20506],[6.71064,47.2063],[6.71479,47.20869],[6.721,47.20513],[6.72443,47.20255],[6.7259,47.20425],[6.73148,47.20363],[6.73266,47.20549],[6.73569,47.20546],[6.73838,47.20375],[6.74701,47.20646],[6.74762,47.20966],[6.75331,47.2123],[6.76058,47.21533],[6.75802,47.21654],[6.75678,47.22031],[6.75445,47.22307],[6.75148,47.22694],[6.74956,47.23345],[6.75216,47.23481],[6.74792,47.23448],[6.74473,47.2331],[6.74404,47.23512],[6.73966,47.23479],[6.73528,47.2315],[6.73606,47.23007],[6.73363,47.22758],[6.73329,47.22709],[6.72505,47.22711],[6.71943,47.22872],[6.71438,47.22683],[6.71837,47.221],[6.7182,47.22004],[6.70775,47.22161]]]},"properties":{"code_insee":"25522","population":181,"superficie_cadastrale":1000,"nom_officiel":"Saint-Julien-lès-Russey","date_du_recensement":"2023-01-01Z","densite":18.1},"id":"commune.2940"},
{"type":"Feature","geometry":{"type":"Polygon","coordinates":[[[6.21795,47.40163],[6.22041,47.40679],[6.21663,47.40737],[6.21325,47.40691],[6.20951,47.41321],[6.20637,47.41578],[6.20805,47.41786],[6.21303,47.42032],[6.21145,47.42175],[6.20799,47.4288],[6.20654,47.43136],[6.20013,47.42906],[6.20116,47.42644],[6.19831,47.41982],[6.19416,47.41806],[6.19291,47.41623],[6.19498,47.41434],[6.19181,47.41362],[6.19048,47.41532],[6.18617,47.41438],[6.18779,47.41286],[6.18362,47.41064],[6.17797,47.40688],[6.18057,47.40525],[6.18926,47.40573],[6.19322,47.40585],[6.19574,47.40424],[6.20241,47.40455],[6.20817,47.40541],[6.21926,47.40629],[6.2173,47.40179],[6.21795,47.40163]]]},"properties":{"code_insee":"25269","population":57,"superficie_cadastrale":350,"nom_officiel":"Germondans","date_du_recensement":"2023-01-01Z","densite":16.3},"id":"commune.3098"},
{"type":"Feature","geometry":{"type":"Polygon","coordinates":[[[6.37606,46.82036],[6.379,46.81687],[6.38037,46.81728],[6.38508,46.81575],[6.39341,46.81515],[6.39797,46.81566],[6.39955,46.81497],[6.40769,46.81459],[6.41704,46.81625],[6.42222,46.81759],[6.42448,46.81565],[6.42863,46.81614],[6.43104,46.81236],[6.44083,46.81582],[6.43951,46.82398],[6.44316,46.83271],[6.46003,46.8513],[6.46139,46.86231],[6.45611,46.86195],[6.4517,46.86387],[6.44868,46.86611],[6.44494,46.86603],[6.44136,46.86443],[6.44145,46.86779],[6.43392,46.86547],[6.42932,46.8645],[6.41764,46.86389],[6.41169,46.86141],[6.41289,46.85623],[6.40716,46.85424],[6.39706,46.85579],[6.3882,46.85794],[6.38759,46.85895],[6.38324,46.85768],[6.37523,46.85768],[6.3728,46.85538],[6.37368,46.853],[6.37204,46.85064],[6.37326,46.84806],[6.37122,46.84401],[6.37786,46.84127],[6.38047,46.84213],[6.3835,46.83937],[6.38123,46.83458],[6.38217,46.83165],[6.3774,46.82376],[6.37606,46.82036]]]},"properties":{"code_insee":"25254","population":1443,"superficie_cadastrale":2800,"nom_officiel":"Les Fourgs","date_du_recensement":"2023-01-01Z","densite":51.5},"id":"commune.3136"},
{"type":"Feature","geometry":{"type":"Polygon","coordinates":[[[6.46477,47.32724],[6.46707,47.32783],[6.47292,47.32774],[6.47393,47.32897],[6.47722,47.32783],[6.48037,47.32862],[6.48295,47.32668],[6.48803,47.32819],[6.48968,47.32945],[6.49336,47.3286],[6.49758,47.32921],[6.49978,47.33309],[6.50266,47.33484],[6.50562,47.33798],[6.50808,47.33892],[6.50638,47.34566],[6.50474,47.34865],[6.50387,47.35274],[6.50405,47.35601],[6.50283,47.35654],[6.50014,47.35775],[6.49514,47.35852],[6.49031,47.3574],[6.48594,47.35834],[6.48204,47.35805],[6.4755,47.35798],[6.47146,47.35746],[6.46729,47.35564],[6.46478,47.35282],[6.46262,47.34646],[6.46321,47.34382],[6.46217,47.34071],[6.4671,47.33846],[6.46702,47.33386],[6.46577,47.32905],[6.46477,47.32724]]]},"properties":{"code_insee":"25178","population":119,"superficie_cadastrale":960,"nom_officiel":"Crosey-le-Petit","date_du_recensement":"2023-01-01Z","densite":12.4},"id":"commune.3178"},
{"type":"Feature","geometry":{"type":"Polygon","coordinates":[[[6.21103,46.96268],[6.21326,46.96706],[6.21401,46.97214],[6.21633,46.97455],[6.20531,46.97643],[6.20263,46.97972],[6.2045,46.9811],[6.20175,46.9835],[6.19781,46.98532],[6.19556,46.98737],[6.19682,46.99013],[6.1947,46.9927],[6.19737,46.99458],[6.1965,46.99704],[6.19364,46.99604],[6.18864,47.00153],[6.17835,46.99938],[6.16627,46.99468],[6.15721,46.99237],[6.15135,46.9913],[6.15228,46.98787],[6.14258,46.98537],[6.14914,46.97991],[6.15,46.97795],[6.14654,46.97492],[6.1415,46.97234],[6.14372,46.96951],[6.14765,46.96972],[6.1506,46.96778],[6.15275,46.96505],[6.15676,46.96552],[6.16034,46.96186],[6.1609,46.96024],[6.15929,46.95793],[6.16184,46.95683],[6.16482,46.95619],[6.17285,46.95328],[6.17396,46.95393],[6.18112,46.95402],[6.18256,46.95281],[6.18956,46.95463],[6.19817,46.96118],[6.20144,46.96239],[6.20405,46.96023],[6.21103,46.96268]]]},"properties":{"code_insee":"25541","population":371,"superficie_cadastrale":1840,"nom_officiel":"Septfontaines","date_du_recensement":"2023-01-01Z","densite":20.2},"id":"commune.3284"},
{"type":"Feature","geometry":{"type":"Polygon","coordinates":[[[5.85148,47.19391],[5.85616,47.19551],[5.86769,47.19876],[5.88117,47.20274],[5.88549,47.20383],[5.88011,47.20774],[5.87989,47.21124],[5.87505,47.21255],[5.87337,47.21168],[5.87062,47.21391],[5.8718,47.21626],[5.86999,47.21712],[5.8707,47.22052],[5.86656,47.22104],[5.86412,47.21945],[5.86025,47.21821],[5.85645,47.21619],[5.85696,47.21368],[5.85293,47.21145],[5.85649,47.20961],[5.85619,47.2068],[5.85371,47.20524],[5.85392,47.20318],[5.85061,47.20046],[5.84938,47.19572],[5.85148,47.19391]]]},"properties":{"code_insee":"25195","population":1486,"superficie_cadastrale":410,"nom_officiel":"Dannemarie-sur-Crète","date_du_recensement":"2023-01-01Z","densite":362.4},"id":"commune.3312"},
{"type":"Feature","geometry":{"type":"Polygon","coordinates":[[[6.28397,47.39206],[6.28742,47.39212],[6.29215,47.3947],[6.29263,47.39884],[6.29696,47.40629],[6.29411,47.40896],[6.29802,47.41792],[6.29639,47.42],[6.29448,47.42604],[6.29003,47.42571],[6.2851,47.42697],[6.2827,47.42629],[6.28044,47.42531],[6.28158,47.42295],[6.27847,47.41861],[6.27601,47.41723],[6.27544,47.41581],[6.2775,47.41069],[6.28091,47.40654],[6.28362,47.40175],[6.28397,47.39206]]]},"properties":{"code_insee":"25556","population":47,"superficie_cadastrale":400,"nom_officiel":"Tallans","date_du_recensement":"2022-01-01Z","densite":11.8},"id":"commune.3346"},
{"type":"Feature","geometry":{"type":"Polygon","coordinates":[[[6.27661,47.06696],[6.27328,47.06517],[6.26327,47.06125],[6.25915,47.05999],[6.25764,47.05869],[6.24532,47.05451],[6.24328,47.05184],[6.24324,47.04988],[6.23656,47.0478],[6.22798,47.04733],[6.23243,47.03867],[6.23409,47.03704],[6.2394,47.03528],[6.24186,47.03243],[6.24636,47.03152],[6.24926,47.0363],[6.25251,47.03701],[6.25662,47.03589],[6.2592,47.0363],[6.25984,47.04068],[6.25769,47.04153],[6.25958,47.04329],[6.26107,47.04936],[6.2628,47.05082],[6.26566,47.05125],[6.26833,47.05358],[6.27462,47.05675],[6.2813,47.06125],[6.2855,47.06225],[6.29027,47.06448],[6.2884,47.06522],[6.28657,47.06817],[6.28337,47.06838],[6.27661,47.06696]]]},"properties":{"code_insee":"25339","population":253,"superficie_cadastrale":620,"nom_officiel":"Lods","date_du_recensement":"2023-01-01Z","densite":40.8},"id":"commune.3400"},
{"type":"Feature","geometry":{"type":"Polygon","coordinates":[[[6.44326,47.27148],[6.43082,47.27343],[6.42056,47.26985],[6.41083,47.26786],[6.41026,47.26404],[6.40739,47.25608],[6.40544,47.25449],[6.40402,47.25254],[6.406,47.25157],[6.40927,47.25346],[6.41067,47.25205],[6.40826,47.24901],[6.41422,47.2455],[6.41732,47.24271],[6.42166,47.24571],[6.42333,47.24772],[6.42552,47.24809],[6.42999,47.25029],[6.43454,47.25383],[6.43842,47.25319],[6.44016,47.25415],[6.44872,47.25431],[6.45082,47.2559],[6.45167,47.25803],[6.4483,47.25869],[6.44418,47.25808],[6.44412,47.26024],[6.4484,47.26855],[6.44767,47.27138],[6.44326,47.27148]]]},"properties":{"code_insee":"25175","population":93,"superficie_cadastrale":680,"nom_officiel":"Courtetain-et-Salans","date_du_recensement":"2023-01-01Z","densite":13.7},"id":"commune.3435"},
{"type":"Feature","geometry":{"type":"Polygon","coordinates":[[[6.80222,47.46298],[6.79804,47.46431],[6.78897,47.46444],[6.78067,47.46338],[6.77505,47.46202],[6.7699,47.46229],[6.76604,47.46079],[6.7639,47.46184],[6.7594,47.4593],[6.75781,47.45872],[6.75322,47.45493],[6.7532,47.45336],[6.74938,47.45199],[6.7441,47.44638],[6.7417,47.4451],[6.74299,47.44269],[6.74703,47.43788],[6.74533,47.43417],[6.7475,47.43237],[6.74866,47.42998],[6.74838,47.42777],[6.74977,47.42656],[6.74907,47.42186],[6.74652,47.41736],[6.75112,47.41677],[6.75162,47.41518],[6.75432,47.41424],[6.75321,47.41579],[6.75448,47.4186],[6.75943,47.42053],[6.76559,47.42209],[6.77535,47.42632],[6.77671,47.4233],[6.78864,47.42425],[6.79166,47.42366],[6.79161,47.42548],[6.78823,47.42946],[6.7915,47.43164],[6.7904,47.43609],[6.78592,47.43953],[6.78703,47.44206],[6.79031,47.44439],[6.79119,47.44783],[6.79078,47.45065],[6.79556,47.45628],[6.7997,47.45812],[6.80349,47.45845],[6.8081,47.45722],[6.80927,47.45924],[6.80761,47.46079],[6.80222,47.46298]]]},"properties":{"code_insee":"25370","population":2115,"superficie_cadastrale":1480,"nom_officiel":"Mathay","date_du_recensement":"2023-01-01Z","densite":142.9},"id":"commune.3477"},
{"type":"Feature","geometry":{"type":"Polygon","coordinates":[[[6.03574,46.92401],[6.02855,46.91603],[6.02525,46.91313],[6.02506,46.90912],[6.01712,46.90033],[6.01485,46.89985],[6.00871,46.89572],[6.01221,46.8903],[6.01083,46.88742],[6.01266,46.88341],[6.00738,46.87759],[6.0058,46.87307],[6.01254,46.87216],[6.01546,46.87244],[6.01565,46.86953],[6.01896,46.86808],[6.02268,46.87149],[6.02254,46.8754],[6.02914,46.8735],[6.03236,46.8714],[6.03471,46.87228],[6.04167,46.87719],[6.04306,46.87864],[6.04869,46.88206],[6.05539,46.88825],[6.05608,46.88956],[6.06256,46.89372],[6.06772,46.89843],[6.07364,46.90223],[6.07501,46.90222],[6.07969,46.90577],[6.08718,46.90922],[6.09634,46.9118],[6.10035,46.91361],[6.10163,46.9132],[6.10635,46.91594],[6.09541,46.91435],[6.09152,46.91326],[6.08036,46.91723],[6.07982,46.91982],[6.07688,46.92577],[6.07345,46.92561],[6.07029,46.92837],[6.06724,46.92935],[6.03574,46.92401]]]},"properties":{"code_insee":"25627","population":293,"superficie_cadastrale":2220,"nom_officiel":"Villers-sous-Chalamont","date_du_recensement":"2022-01-01Z","densite":13.2},"id":"commune.3579"},
{"type":"Feature","geometry":{"type":"Polygon","coordinates":[[[6.93504,47.25147],[6.93652,47.24999],[6.94054,47.24902],[6.94724,47.24635],[6.95167,47.24561],[6.95555,47.24302],[6.95211,47.24737],[6.94754,47.25028],[6.9466,47.25413],[6.94959,47.25647],[6.9517,47.26201],[6.95013,47.26593],[6.95201,47.2699],[6.94507,47.27923],[6.94547,47.28091],[6.9409,47.28506],[6.94102,47.28669],[6.94547,47.2893],[6.93718,47.28793],[6.93516,47.28432],[6.92803,47.28202],[6.92764,47.27909],[6.92416,47.27464],[6.92651,47.27296],[6.92971,47.27433],[6.93157,47.27188],[6.93444,47.27039],[6.9323,47.26926],[6.92881,47.26752],[6.92732,47.26543],[6.92871,47.2613],[6.9283,47.25907],[6.92982,47.25688],[6.93294,47.25627],[6.93484,47.25415],[6.93504,47.25147]]]},"properties":{"code_insee":"25280","population":181,"superficie_cadastrale":580,"nom_officiel":"Goumois","date_du_recensement":"2023-01-01Z","densite":31.2},"id":"commune.3631"},
{"type":"Feature","geometry":{"type":"Polygon","coordinates":[[[6.75216,47.23481],[6.75486,47.23582],[6.76478,47.23774],[6.76396,47.23975],[6.76608,47.24237],[6.76237,47.24757],[6.76297,47.2493],[6.76068,47.254],[6.75475,47.25443],[6.75183,47.25523],[6.74506,47.25105],[6.73971,47.2518],[6.73878,47.25095],[6.73703,47.24745],[6.7285,47.24962],[6.72741,47.24875],[6.71966,47.24838],[6.71632,47.24773],[6.71239,47.24555],[6.71533,47.2401],[6.71339,47.23807],[6.7082,47.23625],[6.7098,47.23394],[6.71281,47.23406],[6.71782,47.23649],[6.72362,47.2381],[6.72316,47.23518],[6.72411,47.23343],[6.72915,47.22917],[6.73363,47.22758],[6.73606,47.23007],[6.73528,47.2315],[6.73966,47.23479],[6.74404,47.23512],[6.74473,47.2331],[6.74792,47.23448],[6.75216,47.23481]]]},"properties":{"code_insee":"25392","population":193,"superficie_cadastrale":700,"nom_officiel":"Mont-de-Vougney","date_du_recensement":"2023-01-01Z","densite":27.6},"id":"commune.3669"},
{"type":"Feature","geometry":{"type":"Polygon","coordinates":[[[6.32225,47.44474],[6.32418,47.44642],[6.32855,47.44641],[6.32875,47.4437],[6.33031,47.44149],[6.33252,47.44175],[6.33575,47.44543],[6.33856,47.44922],[6.33586,47.45256],[6.33252,47.45522],[6.33429,47.45845],[6.33852,47.4611],[6.34172,47.45834],[6.34107,47.45644],[6.34435,47.45559],[6.34628,47.45883],[6.34556,47.45993],[6.34587,47.46379],[6.35516,47.46347],[6.35736,47.46572],[6.35963,47.46525],[6.36266,47.46644],[6.36878,47.46564],[6.37052,47.47071],[6.37255,47.47339],[6.36944,47.47815],[6.37392,47.48027],[6.37452,47.48273],[6.37275,47.48459],[6.37477,47.48643],[6.37802,47.49627],[6.38325,47.499],[6.38586,47.50166],[6.3837,47.50355],[6.38979,47.50616],[6.38866,47.50826],[6.38616,47.50762],[6.38317,47.50824],[6.37879,47.51163],[6.37396,47.50338],[6.36901,47.50181],[6.36933,47.50445],[6.36746,47.50514],[6.36526,47.50289],[6.35835,47.49963],[6.35799,47.50142],[6.35566,47.50405],[6.35314,47.50503],[6.35006,47.50286],[6.34481,47.50124],[6.34613,47.49969],[6.34482,47.49779],[6.34923,47.49537],[6.34604,47.4935],[6.34469,47.49482],[6.34183,47.49319],[6.33701,47.49187],[6.33304,47.48945],[6.3321,47.48764],[6.3244,47.48933],[6.32026,47.488],[6.31793,47.48636],[6.31163,47.48829],[6.31031,47.48631],[6.31254,47.47969],[6.3174,47.47665],[6.32273,47.47408],[6.32859,47.47268],[6.32494,47.46905],[6.31986,47.46931],[6.31532,47.46819],[6.31577,47.4644],[6.31763,47.46245],[6.32353,47.4609],[6.32896,47.4581],[6.33053,47.45418],[6.32936,47.45183],[6.32517,47.44992],[6.32259,47.4526],[6.32078,47.45237],[6.3198,47.44914],[6.32225,47.44474]]]},"properties":{"code_insee":"25505","population":1051,"superficie_cadastrale":1830,"nom_officiel":"Rougemont","date_du_recensement":"2023-01-01Z","densite":57.4},"id":"commune.3683"},
{"type":"Feature","geometry":{"type":"Polygon","coordinates":[[[5.93274,47.05859],[5.94424,47.05817],[5.96128,47.05295],[5.96537,47.05212],[5.96916,47.05031],[5.9714,47.0528],[5.97434,47.05222],[5.97931,47.0541],[5.98295,47.0597],[5.98725,47.06067],[5.99081,47.0605],[5.99071,47.06251],[5.99288,47.06465],[5.98973,47.06676],[5.99102,47.07012],[5.98688,47.07252],[5.98174,47.07343],[5.97963,47.075],[5.98072,47.0773],[5.98501,47.08074],[5.98574,47.08785],[5.98361,47.09157],[5.9816,47.09192],[5.976,47.0907],[5.97194,47.09051],[5.97279,47.08853],[5.97636,47.08732],[5.98318,47.08666],[5.98147,47.08463],[5.97953,47.07946],[5.97728,47.07607],[5.97677,47.07215],[5.9738,47.07179],[5.96913,47.07249],[5.96688,47.0741],[5.96136,47.07267],[5.95451,47.07031],[5.94795,47.07245],[5.94174,47.06881],[5.93666,47.06865],[5.93237,47.06571],[5.93274,47.05859]]]},"properties":{"code_insee":"25185","population":68,"superficie_cadastrale":860,"nom_officiel":"Cussey-sur-Lison","date_du_recensement":"2022-01-01Z","densite":7.9},"id":"commune.3702"},
{"type":"Feature","geometry":{"type":"Polygon","coordinates":[[[6.52806,47.41146],[6.53136,47.41035],[6.53475,47.41038],[6.53462,47.40709],[6.53301,47.40293],[6.5331,47.40086],[6.53613,47.39992],[6.53818,47.40084],[6.54035,47.39947],[6.54046,47.39672],[6.53895,47.39458],[6.5491,47.3936],[6.55904,47.3936],[6.56302,47.39437],[6.56314,47.39781],[6.56594,47.40353],[6.56487,47.40715],[6.56622,47.40991],[6.56505,47.41239],[6.56125,47.41293],[6.55726,47.41466],[6.55216,47.41329],[6.54031,47.41312],[6.53307,47.41159],[6.52806,47.41146]]]},"properties":{"code_insee":"25516","population":122,"superficie_cadastrale":470,"nom_officiel":"Saint-Georges-Armont","date_du_recensement":"2023-01-01Z","densite":26},"id":"commune.3718"},
{"type":"Feature","geometry":{"type":"Polygon","coordinates":[[[5.97194,47.09051],[5.96861,47.09193],[5.96886,47.09417],[5.97508,47.09713],[5.97766,47.09976],[5.9747,47.10117],[5.97247,47.1004],[5.9713,47.09775],[5.96864,47.0961],[5.96561,47.09266],[5.96349,47.09199],[5.95713,47.08759],[5.9567,47.08574],[5.95413,47.08609],[5.95218,47.08266],[5.95009,47.08147],[5.94907,47.07939],[5.95124,47.07736],[5.95451,47.07031],[5.96136,47.07267],[5.96688,47.0741],[5.96913,47.07249],[5.9738,47.07179],[5.97677,47.07215],[5.97728,47.07607],[5.97953,47.07946],[5.98147,47.08463],[5.98318,47.08666],[5.97636,47.08732],[5.97279,47.08853],[5.97194,47.09051]]]},"properties":{"code_insee":"25507","population":87,"superficie_cadastrale":420,"nom_officiel":"Rouhe","date_du_recensement":"2023-01-01Z","densite":20.7},"id":"commune.3742"},
{"type":"Feature","geometry":{"type":"Polygon","coordinates":[[[6.29873,47.01862],[6.30105,47.01875],[6.30186,47.02002],[6.31098,47.02174],[6.32055,47.0262],[6.32395,47.02621],[6.32862,47.02764],[6.33296,47.03024],[6.336,47.02898],[6.33781,47.02649],[6.34058,47.02619],[6.34268,47.02438],[6.34878,47.02251],[6.35307,47.02274],[6.35672,47.01903],[6.36456,47.02391],[6.37589,47.02076],[6.37591,47.02021],[6.38231,47.02215],[6.39876,47.02629],[6.39639,47.02809],[6.39899,47.02942],[6.3971,47.03206],[6.39122,47.03516],[6.38789,47.03389],[6.38357,47.03363],[6.36961,47.03106],[6.36791,47.03337],[6.3641,47.03217],[6.35575,47.03073],[6.3503,47.03484],[6.35344,47.04204],[6.35351,47.04939],[6.36128,47.06138],[6.36049,47.06297],[6.35731,47.06301],[6.34836,47.06485],[6.34558,47.06296],[6.34256,47.06209],[6.33929,47.06012],[6.33336,47.05823],[6.33628,47.0558],[6.33306,47.05248],[6.3233,47.04784],[6.3172,47.04286],[6.31611,47.04119],[6.31543,47.03948],[6.31221,47.03608],[6.30651,47.03149],[6.303,47.03101],[6.29959,47.02845],[6.29318,47.02727],[6.29736,47.02565],[6.30083,47.02205],[6.29873,47.01862]]]},"properties":{"code_insee":"25029","population":266,"superficie_cadastrale":1520,"nom_officiel":"Aubonne","date_du_recensement":"2023-01-01Z","densite":17.5},"id":"commune.3832"},
{"type":"Feature","geometry":{"type":"Polygon","coordinates":[[[5.72275,47.24008],[5.72572,47.24202],[5.72341,47.24527],[5.72584,47.24832],[5.72865,47.24928],[5.72821,47.24579],[5.73004,47.24549],[5.73229,47.2488],[5.73469,47.24806],[5.73926,47.24956],[5.73549,47.25126],[5.73287,47.25667],[5.73421,47.25827],[5.73524,47.26344],[5.73139,47.26371],[5.727,47.2667],[5.7229,47.26692],[5.71665,47.26881],[5.71269,47.27071],[5.70904,47.26991],[5.70748,47.26781],[5.70094,47.26502],[5.70167,47.26034],[5.70361,47.2597],[5.70596,47.25608],[5.70856,47.25388],[5.70897,47.25075],[5.71276,47.24891],[5.71243,47.24635],[5.71668,47.24396],[5.71938,47.24039],[5.7183,47.23797],[5.72275,47.24008]]]},"properties":{"code_insee":"25317","population":279,"superficie_cadastrale":540,"nom_officiel":"Jallerange","date_du_recensement":"2023-01-01Z","densite":51.7},"id":"commune.3944"},
{"type":"Feature","geometry":{"type":"Polygon","coordinates":[[[6.12342,47.25851],[6.12106,47.25773],[6.11691,47.25435],[6.11379,47.25191],[6.10948,47.25003],[6.11006,47.24761],[6.1134,47.24525],[6.10776,47.24336],[6.10968,47.24132],[6.10796,47.24035],[6.1164,47.23665],[6.11833,47.23537],[6.12104,47.23639],[6.12659,47.23386],[6.12929,47.23568],[6.13137,47.23508],[6.13586,47.23622],[6.13909,47.23637],[6.14429,47.24035],[6.15093,47.24212],[6.15339,47.24318],[6.15122,47.25053],[6.1484,47.25724],[6.14433,47.26242],[6.14181,47.26194],[6.13678,47.259],[6.1332,47.26055],[6.12682,47.25999],[6.12342,47.25851]]]},"properties":{"code_insee":"25267","population":669,"superficie_cadastrale":720,"nom_officiel":"Gennes","date_du_recensement":"2023-01-01Z","densite":92.9},"id":"commune.4086"},
{"type":"Feature","geometry":{"type":"Polygon","coordinates":[[[6.32277,47.115],[6.3243,47.1124],[6.32798,47.11263],[6.33241,47.11416],[6.33315,47.11208],[6.3372,47.11142],[6.34054,47.10765],[6.34394,47.10912],[6.35056,47.11379],[6.35221,47.11235],[6.35581,47.11729],[6.35342,47.1185],[6.35132,47.12102],[6.34983,47.12639],[6.3514,47.12848],[6.35076,47.13135],[6.34809,47.13283],[6.34307,47.13098],[6.33816,47.13283],[6.33649,47.13202],[6.33413,47.13395],[6.33038,47.13203],[6.32978,47.1337],[6.32693,47.13618],[6.32274,47.13518],[6.32315,47.13706],[6.3182,47.1394],[6.3182,47.14188],[6.32025,47.14452],[6.31285,47.14971],[6.3101,47.15019],[6.30794,47.14794],[6.30919,47.14374],[6.31664,47.14026],[6.3172,47.13817],[6.31597,47.13472],[6.32171,47.13065],[6.32204,47.12628],[6.32092,47.12414],[6.32341,47.12211],[6.3263,47.12138],[6.3297,47.1188],[6.32277,47.115]]]},"properties":{"code_insee":"25227","population":293,"superficie_cadastrale":600,"nom_officiel":"Étray","date_du_recensement":"2023-01-01Z","densite":48.8},"id":"commune.4112"},
{"type":"Feature","geometry":{"type":"Polygon","coordinates":[[[6.80178,47.32185],[6.80171,47.31785],[6.8048,47.31738],[6.80218,47.31451],[6.79646,47.31265],[6.7935,47.30921],[6.7898,47.30835],[6.78737,47.30648],[6.78606,47.29969],[6.78637,47.29809],[6.78294,47.29412],[6.77876,47.29369],[6.7806,47.2917],[6.78598,47.29262],[6.7871,47.29529],[6.79459,47.2931],[6.79264,47.28838],[6.79335,47.28607],[6.79016,47.28252],[6.78935,47.28067],[6.79493,47.28461],[6.79675,47.28678],[6.80062,47.28661],[6.8026,47.28557],[6.80872,47.28724],[6.81044,47.28666],[6.81533,47.28842],[6.81637,47.29062],[6.81103,47.29047],[6.80457,47.29284],[6.80949,47.30205],[6.81246,47.30341],[6.81835,47.30488],[6.81971,47.30637],[6.81606,47.30703],[6.8141,47.30875],[6.81517,47.31059],[6.81865,47.31346],[6.82531,47.31183],[6.83004,47.31313],[6.82975,47.31612],[6.83673,47.31812],[6.84646,47.31909],[6.84729,47.32362],[6.84358,47.32435],[6.84468,47.32622],[6.84371,47.32888],[6.84552,47.33156],[6.84145,47.33087],[6.83927,47.33181],[6.83146,47.33035],[6.82918,47.33048],[6.82287,47.32893],[6.81825,47.33087],[6.81864,47.33473],[6.80515,47.33178],[6.79997,47.32897],[6.80174,47.32636],[6.80539,47.32445],[6.80417,47.3224],[6.80178,47.32185]]]},"properties":{"code_insee":"25519","population":981,"superficie_cadastrale":1100,"nom_officiel":"Saint-Hippolyte","date_du_recensement":"2023-01-01Z","densite":89.2},"id":"commune.4209"},
{"type":"Feature","geometry":{"type":"Polygon","coordinates":[[[6.26314,46.69256],[6.2705,46.68318],[6.27904,46.6875],[6.28199,46.69067],[6.29246,46.6931],[6.29823,46.69481],[6.30089,46.69839],[6.30029,46.70121],[6.29669,46.70141],[6.29237,46.70073],[6.28945,46.70287],[6.28883,46.70606],[6.28676,46.70855],[6.28429,46.70522],[6.27555,46.70669],[6.27156,46.71282],[6.2687,46.71508],[6.26929,46.72035],[6.2724,46.71669],[6.27658,46.71443],[6.27954,46.71038],[6.28222,46.71183],[6.28092,46.71505],[6.27698,46.71671],[6.28147,46.71974],[6.28033,46.72707],[6.27914,46.7282],[6.27567,46.7379],[6.28329,46.73884],[6.28313,46.74129],[6.27738,46.74063],[6.26771,46.74056],[6.26199,46.7384],[6.26013,46.73801],[6.25919,46.73664],[6.25541,46.73516],[6.25217,46.73266],[6.24847,46.73251],[6.24158,46.73],[6.23769,46.72928],[6.23414,46.72674],[6.23003,46.72713],[6.24042,46.71489],[6.25107,46.70875],[6.25739,46.69988],[6.26314,46.69256]]]},"properties":{"code_insee":"25619","population":233,"superficie_cadastrale":1510,"nom_officiel":"Les Villedieu","date_du_recensement":"2023-01-01Z","densite":15.4},"id":"commune.4234"},
{"type":"Feature","geometry":{"type":"Polygon","coordinates":[[[6.26112,47.33668],[6.25401,47.33763],[6.2453,47.33685],[6.24488,47.34168],[6.24023,47.3425],[6.23662,47.34288],[6.23632,47.34111],[6.22765,47.33888],[6.22853,47.33784],[6.23279,47.3344],[6.23321,47.33194],[6.23734,47.33022],[6.24069,47.33063],[6.2434,47.32837],[6.247,47.32661],[6.24927,47.32712],[6.26021,47.32977],[6.26178,47.33206],[6.26112,47.33668]]]},"properties":{"code_insee":"25518","population":157,"superficie_cadastrale":260,"nom_officiel":"Saint-Hilaire","date_du_recensement":"2023-01-01Z","densite":60.4},"id":"commune.4264"},
{"type":"Feature","geometry":{"type":"Polygon","coordinates":[[[6.52673,47.2767],[6.52587,47.27404],[6.52716,47.26739],[6.52508,47.26544],[6.52725,47.26544],[6.53974,47.26951],[6.54742,47.2698],[6.54724,47.27173],[6.55082,47.27201],[6.55917,47.27151],[6.56474,47.27235],[6.57184,47.27465],[6.57753,47.27457],[6.58299,47.27349],[6.58354,47.27491],[6.59064,47.27365],[6.59595,47.27384],[6.60216,47.27478],[6.60603,47.27693],[6.60807,47.28346],[6.61231,47.28547],[6.60845,47.28777],[6.60547,47.28861],[6.60375,47.29153],[6.59909,47.29392],[6.60137,47.29785],[6.60303,47.29557],[6.60605,47.29367],[6.60712,47.28988],[6.60933,47.28891],[6.61962,47.28947],[6.62369,47.28715],[6.62697,47.28327],[6.63037,47.28845],[6.63347,47.28901],[6.63323,47.29221],[6.62834,47.29437],[6.62458,47.29807],[6.62192,47.29769],[6.6178,47.30496],[6.61353,47.30758],[6.6071,47.30678],[6.60727,47.31086],[6.60525,47.31137],[6.60016,47.31013],[6.59663,47.31517],[6.59303,47.31419],[6.58905,47.31436],[6.58517,47.31296],[6.58287,47.314],[6.5837,47.31608],[6.57948,47.31574],[6.57528,47.31768],[6.56173,47.32299],[6.55674,47.31784],[6.55679,47.31739],[6.54275,47.3124],[6.5443,47.3086],[6.54296,47.30482],[6.53487,47.3022],[6.53329,47.30385],[6.52741,47.30153],[6.52251,47.30152],[6.52073,47.30308],[6.51817,47.30273],[6.51879,47.29967],[6.5217,47.2962],[6.52566,47.29609],[6.5276,47.29322],[6.53324,47.29394],[6.53181,47.28912],[6.53117,47.28576],[6.5284,47.28339],[6.52749,47.28262],[6.52673,47.2767]]]},"properties":{"code_insee":"25529","population":1385,"superficie_cadastrale":3060,"nom_officiel":"Sancey","date_du_recensement":"2023-01-01Z","densite":45.3},"id":"commune.4537"},
{"type":"Feature","geometry":{"type":"Polygon","coordinates":[[[6.25789,46.81925],[6.2605,46.82145],[6.26418,46.8213],[6.26758,46.81941],[6.27137,46.81945],[6.27755,46.82423],[6.27933,46.82714],[6.28313,46.83036],[6.28378,46.83389],[6.28558,46.83693],[6.29205,46.84013],[6.30048,46.84597],[6.31058,46.85247],[6.30866,46.8541],[6.30806,46.85701],[6.30537,46.85929],[6.30361,46.85814],[6.29743,46.85699],[6.29448,46.85719],[6.29549,46.85932],[6.29366,46.86116],[6.29216,46.85959],[6.29158,46.85692],[6.28567,46.85432],[6.28375,46.85595],[6.28195,46.85403],[6.27854,46.85641],[6.27711,46.85484],[6.27295,46.85945],[6.27188,46.85845],[6.2669,46.8612],[6.26376,46.85908],[6.26161,46.85643],[6.26076,46.85298],[6.25268,46.84992],[6.24561,46.84501],[6.23883,46.8413],[6.2386,46.8406],[6.24181,46.83704],[6.24525,46.83416],[6.25229,46.83045],[6.25522,46.82781],[6.25616,46.82081],[6.25789,46.81925]]]},"properties":{"code_insee":"25459","population":332,"superficie_cadastrale":1300,"nom_officiel":"La Planée","date_du_recensement":"2023-01-01Z","densite":25.5},"id":"commune.4754"},
{"type":"Feature","geometry":{"type":"Polygon","coordinates":[[[6.24636,47.03152],[6.25,47.02855],[6.25556,47.02624],[6.25461,47.02486],[6.25465,47.01999],[6.25206,47.0167],[6.2487,47.01479],[6.25159,47.01465],[6.25739,47.00996],[6.26007,47.013],[6.26458,47.01618],[6.26719,47.01971],[6.27042,47.02175],[6.2744,47.02577],[6.27659,47.02643],[6.28174,47.02454],[6.28302,47.02277],[6.28226,47.02104],[6.28595,47.01851],[6.29096,47.01861],[6.28959,47.01601],[6.29448,47.01448],[6.29873,47.01862],[6.30083,47.02205],[6.29736,47.02565],[6.29318,47.02727],[6.29959,47.02845],[6.303,47.03101],[6.30651,47.03149],[6.31221,47.03608],[6.31543,47.03948],[6.31611,47.04119],[6.30552,47.0373],[6.30321,47.03365],[6.3009,47.03431],[6.29816,47.03314],[6.29625,47.03669],[6.29153,47.0382],[6.29614,47.04016],[6.29574,47.04236],[6.29282,47.04197],[6.2925,47.04491],[6.29122,47.0463],[6.28504,47.04638],[6.27881,47.04816],[6.27991,47.04903],[6.27568,47.05302],[6.27896,47.05452],[6.28207,47.05753],[6.28699,47.05955],[6.28848,47.06101],[6.29977,47.06462],[6.29955,47.06538],[6.29156,47.06518],[6.29027,47.06448],[6.2855,47.06225],[6.2813,47.06125],[6.27462,47.05675],[6.26833,47.05358],[6.26566,47.05125],[6.2628,47.05082],[6.26107,47.04936],[6.25958,47.04329],[6.25769,47.04153],[6.25984,47.04068],[6.2592,47.0363],[6.25662,47.03589],[6.25251,47.03701],[6.24926,47.0363],[6.24636,47.03152]]]},"properties":{"code_insee":"25415","population":363,"superficie_cadastrale":1210,"nom_officiel":"Mouthier-Haute-Pierre","date_du_recensement":"2023-01-01Z","densite":30},"id":"commune.4835"},
{"type":"Feature","geometry":{"type":"Polygon","coordinates":[[[6.88238,47.4904],[6.8852,47.48359],[6.8851,47.4817],[6.88208,47.47722],[6.8782,47.47743],[6.87906,47.47007],[6.88007,47.46831],[6.88322,47.4679],[6.88336,47.4698],[6.88843,47.47001],[6.889,47.47123],[6.89547,47.47183],[6.90436,47.47372],[6.90744,47.47293],[6.90834,47.47443],[6.91274,47.47606],[6.91592,47.47798],[6.91176,47.48381],[6.90961,47.49145],[6.90749,47.49485],[6.8979,47.49653],[6.89556,47.49511],[6.88753,47.4935],[6.88236,47.49353],[6.88238,47.4904]]]},"properties":{"code_insee":"25196","population":1363,"superficie_cadastrale":570,"nom_officiel":"Dasle","date_du_recensement":"2023-01-01Z","densite":239.1},"id":"commune.4850"},
{"type":"Feature","geometry":{"type":"Polygon","coordinates":[[[6.06258,47.12239],[6.06027,47.12033],[6.06132,47.11308],[6.06584,47.11151],[6.06335,47.10752],[6.06584,47.10696],[6.07305,47.10836],[6.07855,47.11011],[6.08653,47.11049],[6.0873,47.1087],[6.09099,47.1112],[6.09045,47.1149],[6.09395,47.11853],[6.099,47.11999],[6.09969,47.12193],[6.10693,47.1235],[6.1147,47.11906],[6.11777,47.1218],[6.11971,47.12737],[6.11618,47.12888],[6.11853,47.13222],[6.117,47.13368],[6.11767,47.13624],[6.11549,47.14005],[6.11336,47.14122],[6.10946,47.13932],[6.10056,47.13593],[6.0975,47.13204],[6.09245,47.13176],[6.09073,47.13245],[6.0782,47.13038],[6.07394,47.13155],[6.07184,47.13078],[6.06619,47.12809],[6.0649,47.12511],[6.06258,47.12239]]]},"properties":{"code_insee":"25360","population":155,"superficie_cadastrale":870,"nom_officiel":"Malbrans","date_du_recensement":"2023-01-01Z","densite":17.8},"id":"commune.4883"},
{"type":"Feature","geometry":{"type":"Polygon","coordinates":[[[6.79166,47.42366],[6.78716,47.42025],[6.78712,47.41827],[6.78958,47.4134],[6.79109,47.41237],[6.78782,47.40847],[6.78795,47.40682],[6.79174,47.4046],[6.79502,47.40654],[6.80203,47.41173],[6.80624,47.41263],[6.8105,47.41243],[6.81284,47.41093],[6.81674,47.41421],[6.81992,47.41406],[6.81973,47.41712],[6.82307,47.41927],[6.83085,47.4175],[6.83362,47.41582],[6.83267,47.41777],[6.83618,47.42215],[6.83533,47.42429],[6.83871,47.42677],[6.83457,47.43052],[6.83168,47.43098],[6.83041,47.43265],[6.83388,47.43428],[6.83766,47.43712],[6.83921,47.44011],[6.83832,47.44332],[6.83666,47.45008],[6.82079,47.44664],[6.8181,47.44702],[6.81206,47.45004],[6.81145,47.45159],[6.81313,47.45319],[6.80877,47.45522],[6.8081,47.45722],[6.80349,47.45845],[6.7997,47.45812],[6.79556,47.45628],[6.79078,47.45065],[6.79119,47.44783],[6.79031,47.44439],[6.78703,47.44206],[6.78592,47.43953],[6.7904,47.43609],[6.7915,47.43164],[6.78823,47.42946],[6.79161,47.42548],[6.79166,47.42366]]]},"properties":{"code_insee":"25367","population":4612,"superficie_cadastrale":1510,"nom_officiel":"Mandeure","date_du_recensement":"2023-01-01Z","densite":305.4},"id":"commune.4886"},
{"type":"Feature","geometry":{"type":"Polygon","coordinates":[[[6.93983,47.32538],[6.93217,47.32274],[6.93031,47.32291],[6.92694,47.327],[6.9284,47.33042],[6.92447,47.3323],[6.92089,47.33114],[6.91706,47.33141],[6.90943,47.32967],[6.90492,47.32915],[6.90147,47.33336],[6.89773,47.3353],[6.89614,47.33445],[6.89182,47.33724],[6.8906,47.33691],[6.88863,47.3332],[6.88862,47.32886],[6.88695,47.31909],[6.888,47.31666],[6.89049,47.31733],[6.89823,47.31521],[6.90996,47.31023],[6.91261,47.31024],[6.91792,47.31168],[6.92151,47.3118],[6.92179,47.30623],[6.92105,47.30423],[6.92398,47.30057],[6.92664,47.30344],[6.93135,47.30385],[6.92954,47.30892],[6.9251,47.31068],[6.92525,47.31258],[6.92939,47.31382],[6.93033,47.31607],[6.93258,47.31677],[6.93854,47.32052],[6.94154,47.32321],[6.93983,47.32538]]]},"properties":{"code_insee":"25174","population":247,"superficie_cadastrale":770,"nom_officiel":"Courtefontaine","date_du_recensement":"2022-01-01Z","densite":32.1},"id":"commune.4890"},
{"type":"Feature","geometry":{"type":"Polygon","coordinates":[[[6.45583,47.05697],[6.45666,47.0581],[6.46214,47.06072],[6.46704,47.0619],[6.46884,47.06092],[6.47186,47.06287],[6.47158,47.06478],[6.47425,47.06531],[6.47646,47.06322],[6.47838,47.06471],[6.4768,47.06774],[6.48259,47.07088],[6.47476,47.08053],[6.46943,47.07939],[6.46859,47.08115],[6.46653,47.08971],[6.45869,47.10419],[6.45405,47.11175],[6.45154,47.1136],[6.44893,47.11212],[6.44388,47.11204],[6.43847,47.1055],[6.43547,47.10516],[6.43754,47.10288],[6.44945,47.083],[6.4537,47.07305],[6.45693,47.06874],[6.44836,47.06587],[6.44088,47.06551],[6.45148,47.05573],[6.45583,47.05697]]]},"properties":{"code_insee":"25343","population":167,"superficie_cadastrale":960,"nom_officiel":"Longemaison","date_du_recensement":"2023-01-01Z","densite":17.4},"id":"commune.4892"},
{"type":"Feature","geometry":{"type":"Polygon","coordinates":[[[6.55726,47.41466],[6.5536,47.41807],[6.55475,47.41938],[6.55295,47.42091],[6.55213,47.42384],[6.5493,47.42459],[6.54475,47.42703],[6.53927,47.42848],[6.53291,47.43144],[6.52915,47.43486],[6.53014,47.439],[6.5316,47.4415],[6.52907,47.44171],[6.52008,47.4387],[6.51252,47.43538],[6.50994,47.43222],[6.51019,47.43062],[6.50817,47.42843],[6.50339,47.42649],[6.50166,47.42446],[6.49825,47.42361],[6.49846,47.41835],[6.50309,47.41609],[6.50763,47.41604],[6.51257,47.41308],[6.516,47.41602],[6.51845,47.41613],[6.52806,47.41146],[6.53307,47.41159],[6.54031,47.41312],[6.55216,47.41329],[6.55726,47.41466]]]},"properties":{"code_insee":"25461","population":300,"superficie_cadastrale":820,"nom_officiel":"Pompierre-sur-Doubs","date_du_recensement":"2023-01-01Z","densite":36.6},"id":"commune.4924"},
{"type":"Feature","geometry":{"type":"Polygon","coordinates":[[[6.09716,47.06736],[6.0969,47.07682],[6.10174,47.07536],[6.10667,47.06953],[6.10856,47.06928],[6.10762,47.07555],[6.10515,47.07765],[6.10631,47.07944],[6.1025,47.07972],[6.09963,47.08324],[6.10176,47.08497],[6.09658,47.087],[6.09328,47.09014],[6.09523,47.09096],[6.09213,47.09486],[6.08454,47.09536],[6.0881,47.09805],[6.09558,47.09848],[6.0951,47.10107],[6.08733,47.10025],[6.08544,47.10161],[6.08199,47.10028],[6.07893,47.09772],[6.07122,47.09823],[6.07066,47.09629],[6.07219,47.09421],[6.06847,47.09217],[6.06929,47.0899],[6.06775,47.08851],[6.05968,47.08885],[6.05564,47.08839],[6.05574,47.08998],[6.05789,47.09196],[6.05738,47.09663],[6.0526,47.0961],[6.04779,47.09855],[6.04318,47.09682],[6.03938,47.09692],[6.03713,47.09973],[6.03463,47.09936],[6.03223,47.09724],[6.03249,47.09574],[6.03575,47.09257],[6.03416,47.09048],[6.03018,47.08906],[6.02828,47.08499],[6.02414,47.08305],[6.0315,47.08337],[6.03414,47.085],[6.03725,47.0855],[6.04061,47.08401],[6.04299,47.08044],[6.04125,47.07786],[6.04512,47.07596],[6.04907,47.07594],[6.05057,47.07318],[6.05703,47.06842],[6.06149,47.07058],[6.06664,47.06932],[6.06704,47.07101],[6.07251,47.07071],[6.07792,47.06938],[6.08155,47.06628],[6.08306,47.06337],[6.0855,47.0609],[6.08767,47.05704],[6.09086,47.05706],[6.09822,47.05616],[6.09187,47.0595],[6.09508,47.06315],[6.09716,47.06736]]]},"properties":{"code_insee":"25155","population":289,"superficie_cadastrale":1460,"nom_officiel":"Cléron","date_du_recensement":"2023-01-01Z","densite":19.8},"id":"commune.5004"},
{"type":"Feature","geometry":{"type":"Polygon","coordinates":[[[6.87906,47.47007],[6.87429,47.4692],[6.87025,47.47014],[6.86091,47.4733],[6.85652,47.47201],[6.85206,47.46983],[6.84957,47.47148],[6.84545,47.46575],[6.84504,47.46262],[6.8423,47.46258],[6.84203,47.46075],[6.84534,47.45899],[6.84648,47.45466],[6.84771,47.45266],[6.85298,47.45308],[6.8527,47.44952],[6.85392,47.44543],[6.85527,47.44559],[6.85807,47.43848],[6.85881,47.4398],[6.86317,47.4389],[6.86621,47.43946],[6.8692,47.43814],[6.87541,47.44233],[6.87689,47.44398],[6.875,47.44701],[6.87383,47.45048],[6.8742,47.45219],[6.87764,47.45252],[6.88119,47.45065],[6.88807,47.45101],[6.88535,47.45349],[6.88363,47.45908],[6.88184,47.46131],[6.88226,47.46417],[6.88007,47.46831],[6.87906,47.47007]]]},"properties":{"code_insee":"25539","population":5854,"superficie_cadastrale":790,"nom_officiel":"Seloncourt","date_du_recensement":"2023-01-01Z","densite":741},"id":"commune.5116"},
{"type":"Feature","geometry":{"type":"Polygon","coordinates":[[[6.66258,47.2312],[6.66094,47.23173],[6.65341,47.22992],[6.64861,47.23104],[6.64406,47.23044],[6.64329,47.22885],[6.64395,47.2252],[6.64768,47.22184],[6.64777,47.21933],[6.65166,47.21667],[6.6529,47.21396],[6.65205,47.21293],[6.66099,47.21506],[6.66847,47.2224],[6.66465,47.22348],[6.66841,47.2272],[6.66568,47.22792],[6.66258,47.2312]]]},"properties":{"code_insee":"25344","population":37,"superficie_cadastrale":260,"nom_officiel":"Longevelle-lès-Russey","date_du_recensement":"2023-01-01Z","densite":14.2},"id":"commune.5210"},
{"type":"Feature","geometry":{"type":"Polygon","coordinates":[[[6.14129,46.69784],[6.14294,46.6951],[6.14273,46.69346],[6.15148,46.67904],[6.15525,46.66842],[6.15351,46.66676],[6.16031,46.66041],[6.16387,46.65818],[6.16583,46.65612],[6.16958,46.65385],[6.17169,46.64986],[6.17518,46.64737],[6.17725,46.64837],[6.18215,46.64889],[6.17886,46.65447],[6.17701,46.66345],[6.1747,46.66691],[6.17485,46.67366],[6.17422,46.67701],[6.17242,46.68],[6.17457,46.68349],[6.16949,46.68883],[6.17303,46.69254],[6.17642,46.69378],[6.17714,46.69739],[6.17206,46.70183],[6.16952,46.70343],[6.16134,46.70247],[6.15104,46.70053],[6.1471,46.69871],[6.14129,46.69784]]]},"properties":{"code_insee":"25451","population":177,"superficie_cadastrale":980,"nom_officiel":"Petite-Chaux","date_du_recensement":"2023-01-01Z","densite":18.1},"id":"commune.5264"},
{"type":"Feature","geometry":{"type":"Polygon","coordinates":[[[5.75308,47.24534],[5.75774,47.24562],[5.76129,47.24651],[5.7605,47.24781],[5.76754,47.24956],[5.7636,47.25336],[5.76613,47.2546],[5.76685,47.25675],[5.76532,47.26026],[5.76586,47.26679],[5.76165,47.26745],[5.75803,47.27129],[5.7553,47.27102],[5.75387,47.27289],[5.75124,47.27115],[5.74723,47.27089],[5.74484,47.26829],[5.74422,47.26443],[5.74217,47.26429],[5.7403,47.26624],[5.73738,47.26649],[5.73524,47.26344],[5.73421,47.25827],[5.73287,47.25667],[5.73549,47.25126],[5.73926,47.24956],[5.74054,47.24701],[5.74184,47.25089],[5.74795,47.24766],[5.75341,47.24677],[5.75308,47.24534]]]},"properties":{"code_insee":"25172","population":247,"superficie_cadastrale":530,"nom_officiel":"Courchapon","date_du_recensement":"2023-01-01Z","densite":46.6},"id":"commune.5321"},
{"type":"Feature","geometry":{"type":"Polygon","coordinates":[[[5.91885,47.05128],[5.91579,47.05197],[5.9134,47.05138],[5.89863,47.05632],[5.88848,47.0569],[5.88695,47.05788],[5.87887,47.05993],[5.88474,47.05697],[5.8903,47.05572],[5.89165,47.05143],[5.89018,47.04628],[5.89006,47.041],[5.88864,47.0389],[5.89319,47.03729],[5.90102,47.03151],[5.90077,47.02918],[5.90601,47.02859],[5.91333,47.02553],[5.9146,47.0284],[5.91439,47.03253],[5.9161,47.03889],[5.91616,47.04417],[5.9175,47.04885],[5.91885,47.05128]]]},"properties":{"code_insee":"25500","population":103,"superficie_cadastrale":520,"nom_officiel":"Ronchaux","date_du_recensement":"2023-01-01Z","densite":19.8},"id":"commune.5484"},
{"type":"Feature","geometry":{"type":"Polygon","coordinates":[[[6.98256,47.32897],[6.985,47.32972],[6.9859,47.3328],[6.99254,47.33418],[6.99265,47.33535],[7.00286,47.33675],[7.00434,47.33765],[7.01067,47.33615],[7.01727,47.33703],[7.02007,47.33893],[7.02416,47.33893],[7.02573,47.34091],[7.03314,47.3414],[7.03133,47.34447],[7.03236,47.34598],[7.03085,47.34824],[7.02704,47.3495],[7.0206,47.34833],[7.0167,47.34813],[7.01667,47.35231],[7.01384,47.35593],[7.00698,47.35605],[7.01024,47.36007],[7.00475,47.36361],[6.9947,47.36203],[6.98951,47.36239],[6.98934,47.36365],[6.98246,47.36328],[6.97459,47.36014],[6.97187,47.36075],[6.9659,47.35924],[6.96416,47.3603],[6.96102,47.3593],[6.95238,47.35905],[6.95128,47.35972],[6.94639,47.35928],[6.94278,47.35767],[6.93551,47.35756],[6.93392,47.34846],[6.94105,47.34533],[6.9448,47.34435],[6.95058,47.34683],[6.95522,47.34354],[6.96255,47.34671],[6.96621,47.34729],[6.96662,47.34455],[6.96129,47.34243],[6.95956,47.34036],[6.96212,47.337],[6.96663,47.33822],[6.97084,47.33731],[6.97728,47.33699],[6.97719,47.33301],[6.97172,47.32981],[6.97114,47.32804],[6.97236,47.32519],[6.97584,47.32789],[6.98256,47.32897]]]},"properties":{"code_insee":"25275","population":176,"superficie_cadastrale":1590,"nom_officiel":"Glère","date_du_recensement":"2023-01-01Z","densite":11.1},"id":"commune.5583"},
{"type":"Feature","geometry":{"type":"Polygon","coordinates":[[[6.8613,47.17953],[6.86517,47.1815],[6.86728,47.18534],[6.87163,47.18483],[6.87433,47.18583],[6.8736,47.18847],[6.87406,47.19099],[6.87865,47.19625],[6.8807,47.20055],[6.8829,47.20114],[6.88522,47.20324],[6.88935,47.20471],[6.89337,47.20782],[6.89036,47.21052],[6.88797,47.21116],[6.8834,47.2096],[6.88141,47.21077],[6.87367,47.21319],[6.86611,47.21118],[6.86071,47.20784],[6.86056,47.20954],[6.85801,47.21248],[6.85446,47.21198],[6.85157,47.2138],[6.85302,47.21855],[6.85058,47.21908],[6.84864,47.22144],[6.84452,47.22162],[6.84098,47.22533],[6.83991,47.22751],[6.83343,47.22702],[6.82903,47.22564],[6.82919,47.2247],[6.8248,47.22295],[6.82245,47.2251],[6.81828,47.22335],[6.81601,47.22036],[6.81269,47.22052],[6.80867,47.2171],[6.80943,47.21553],[6.80694,47.21417],[6.80787,47.21164],[6.8062,47.21052],[6.80423,47.20687],[6.80647,47.20357],[6.80511,47.20193],[6.80598,47.19933],[6.80821,47.19843],[6.807,47.19481],[6.8151,47.19395],[6.81618,47.19138],[6.81401,47.18947],[6.81565,47.18774],[6.8228,47.18918],[6.82156,47.18554],[6.82097,47.18373],[6.82507,47.17865],[6.82975,47.1758],[6.83382,47.17994],[6.8406,47.18357],[6.8447,47.18183],[6.85103,47.18359],[6.85478,47.18197],[6.85747,47.18183],[6.8613,47.17953]]]},"properties":{"code_insee":"25127","population":2900,"superficie_cadastrale":2140,"nom_officiel":"Charquemont","date_du_recensement":"2023-01-01Z","densite":135.5},"id":"commune.5697"},
{"type":"Feature","geometry":{"type":"Polygon","coordinates":[[[6.34899,47.41259],[6.35834,47.40796],[6.35969,47.40567],[6.36382,47.4039],[6.36662,47.40464],[6.37167,47.40384],[6.37879,47.40405],[6.38041,47.40809],[6.37679,47.41121],[6.37682,47.41313],[6.38026,47.42108],[6.377,47.4209],[6.37043,47.42231],[6.3702,47.42349],[6.36308,47.4216],[6.36029,47.42282],[6.35747,47.41875],[6.35093,47.41483],[6.34899,47.41259]]]},"properties":{"code_insee":"25492","population":97,"superficie_cadastrale":340,"nom_officiel":"Rillans","date_du_recensement":"2023-01-01Z","densite":28.5},"id":"commune.5730"},
{"type":"Feature","geometry":{"type":"Polygon","coordinates":[[[6.6306,47.09899],[6.62212,47.10129],[6.62045,47.10375],[6.62137,47.10591],[6.61972,47.1084],[6.61903,47.11328],[6.61562,47.11353],[6.61195,47.10968],[6.61244,47.10828],[6.60708,47.10515],[6.60462,47.10207],[6.60561,47.10054],[6.60148,47.09625],[6.60343,47.09432],[6.59968,47.09237],[6.59694,47.08938],[6.59517,47.09022],[6.59351,47.08742],[6.58895,47.08902],[6.58679,47.08637],[6.58083,47.08628],[6.58242,47.08348],[6.58569,47.08082],[6.5892,47.08136],[6.59088,47.0792],[6.59448,47.07885],[6.59439,47.07564],[6.59045,47.07159],[6.59299,47.07029],[6.59676,47.07009],[6.59965,47.07111],[6.60234,47.06693],[6.60748,47.06322],[6.61313,47.06223],[6.61548,47.05912],[6.6159,47.05686],[6.62079,47.05405],[6.62301,47.05201],[6.62445,47.04929],[6.62745,47.0472],[6.63297,47.04504],[6.63809,47.04491],[6.64063,47.04778],[6.64274,47.04894],[6.64874,47.05219],[6.64895,47.05339],[6.65248,47.05546],[6.64811,47.0569],[6.65236,47.0601],[6.65019,47.06183],[6.65322,47.06329],[6.65334,47.06617],[6.65183,47.06889],[6.65547,47.07108],[6.65882,47.07417],[6.66245,47.07617],[6.67076,47.08173],[6.67344,47.08205],[6.6725,47.08601],[6.67518,47.08844],[6.67138,47.09162],[6.66084,47.09517],[6.6306,47.09899]]]},"properties":{"code_insee":"25240","population":3048,"superficie_cadastrale":2540,"nom_officiel":"Les Fins","date_du_recensement":"2023-01-01Z","densite":120},"id":"commune.5908"},
{"type":"Feature","geometry":{"type":"Polygon","coordinates":[[[6.36308,47.4216],[6.36107,47.42344],[6.36269,47.42552],[6.36017,47.42786],[6.35607,47.43026],[6.3517,47.42897],[6.34721,47.43009],[6.34351,47.42623],[6.34173,47.42204],[6.33908,47.42194],[6.33511,47.41795],[6.33366,47.41481],[6.33485,47.41093],[6.33713,47.40941],[6.33929,47.41115],[6.34214,47.40981],[6.34553,47.41199],[6.34899,47.41259],[6.35093,47.41483],[6.35747,47.41875],[6.36029,47.42282],[6.36308,47.4216]]]},"properties":{"code_insee":"25572","population":100,"superficie_cadastrale":270,"nom_officiel":"Trouvans","date_du_recensement":"2023-01-01Z","densite":37},"id":"commune.6032"},
{"type":"Feature","geometry":{"type":"Polygon","coordinates":[[[6.18678,47.20919],[6.19066,47.20226],[6.19037,47.19892],[6.19165,47.19675],[6.19518,47.19545],[6.2055,47.1918],[6.20787,47.18877],[6.21159,47.18685],[6.21732,47.1864],[6.21322,47.18304],[6.21465,47.18219],[6.21926,47.18696],[6.22472,47.184],[6.22846,47.18699],[6.2343,47.18771],[6.24574,47.18838],[6.25841,47.19525],[6.26342,47.19735],[6.27384,47.20267],[6.27773,47.20291],[6.28058,47.2042],[6.28892,47.20286],[6.29014,47.20471],[6.28821,47.20616],[6.28374,47.20711],[6.28284,47.21101],[6.28088,47.21229],[6.27621,47.22024],[6.27389,47.22051],[6.2719,47.22384],[6.26993,47.22561],[6.26521,47.22274],[6.2591,47.22103],[6.25596,47.22463],[6.24728,47.22821],[6.24707,47.22998],[6.24314,47.23308],[6.2391,47.23364],[6.23012,47.23138],[6.22525,47.22878],[6.22129,47.22865],[6.21082,47.22634],[6.20628,47.22619],[6.19994,47.21599],[6.19833,47.21397],[6.19501,47.21169],[6.19103,47.21044],[6.18678,47.20919]]]},"properties":{"code_insee":"25417","population":835,"superficie_cadastrale":2510,"nom_officiel":"Naisey-les-Granges","date_du_recensement":"2023-01-01Z","densite":33.3},"id":"commune.6044"},
{"type":"Feature","geometry":{"type":"Polygon","coordinates":[[[6.37928,47.21692],[6.3825,47.21819],[6.38441,47.21742],[6.39046,47.22019],[6.39359,47.22032],[6.39287,47.22215],[6.39641,47.22351],[6.40245,47.22375],[6.40889,47.22324],[6.41072,47.22219],[6.41461,47.22245],[6.41848,47.22422],[6.41834,47.22729],[6.41406,47.2296],[6.41419,47.23121],[6.41848,47.23454],[6.42239,47.23652],[6.42016,47.23762],[6.41767,47.24016],[6.41408,47.24063],[6.41304,47.2431],[6.40713,47.24621],[6.40325,47.24492],[6.39837,47.24432],[6.39595,47.24288],[6.39244,47.24518],[6.38786,47.24143],[6.38309,47.24303],[6.38191,47.23831],[6.37855,47.23527],[6.3759,47.22892],[6.37826,47.22706],[6.37412,47.22163],[6.37696,47.22074],[6.37758,47.21737],[6.37928,47.21692]]]},"properties":{"code_insee":"25089","population":107,"superficie_cadastrale":720,"nom_officiel":"Bremondans","date_du_recensement":"2023-01-01Z","densite":14.9},"id":"commune.6081"},
{"type":"Feature","geometry":{"type":"Polygon","coordinates":[[[6.33098,46.77045],[6.32942,46.76914],[6.32659,46.76665],[6.32578,46.76374],[6.32285,46.76295],[6.32135,46.75981],[6.3134,46.75735],[6.30417,46.75486],[6.30389,46.752],[6.29874,46.74984],[6.29997,46.74521],[6.30512,46.74151],[6.30282,46.74063],[6.30547,46.73633],[6.30864,46.73288],[6.31088,46.73334],[6.31399,46.73017],[6.32179,46.73],[6.32699,46.7326],[6.32899,46.73019],[6.33165,46.73012],[6.33201,46.73222],[6.33764,46.733],[6.3447,46.73209],[6.34786,46.73078],[6.3473,46.72633],[6.35378,46.72285],[6.3573,46.71972],[6.36016,46.72309],[6.35889,46.72389],[6.35706,46.72746],[6.35671,46.73338],[6.35456,46.7347],[6.35451,46.73904],[6.35605,46.7424],[6.35888,46.74599],[6.34846,46.75171],[6.34218,46.761],[6.33984,46.76381],[6.3369,46.76529],[6.33098,46.77045]]]},"properties":{"code_insee":"25348","population":625,"superficie_cadastrale":1320,"nom_officiel":"Longevilles-Mont-d'Or","date_du_recensement":"2023-01-01Z","densite":47.3},"id":"commune.6086"},
{"type":"Feature","geometry":{"type":"Polygon","coordinates":[[[6.78779,47.37569],[6.79047,47.37654],[6.79436,47.37605],[6.79747,47.37709],[6.80187,47.37759],[6.80409,47.3769],[6.8069,47.37869],[6.81013,47.37748],[6.81219,47.37887],[6.81614,47.37906],[6.82304,47.38238],[6.82676,47.38543],[6.82862,47.39002],[6.82898,47.39274],[6.83139,47.39668],[6.82848,47.39785],[6.83728,47.4006],[6.83581,47.40232],[6.83334,47.40168],[6.83204,47.40388],[6.82952,47.4045],[6.82501,47.40368],[6.81761,47.40402],[6.81545,47.40166],[6.81233,47.40036],[6.80453,47.39562],[6.79949,47.3911],[6.79689,47.39191],[6.79194,47.39036],[6.7957,47.38671],[6.78859,47.38628],[6.78504,47.38668],[6.78479,47.38328],[6.78675,47.37994],[6.78779,47.37569]]]},"properties":{"code_insee":"25033","population":487,"superficie_cadastrale":660,"nom_officiel":"Autechaux-Roide","date_du_recensement":"2023-01-01Z","densite":73.8},"id":"commune.6090"},
{"type":"Feature","geometry":{"type":"Polygon","coordinates":[[[6.605,47.23918],[6.60254,47.23901],[6.59827,47.24107],[6.59288,47.24037],[6.59127,47.24149],[6.58769,47.24032],[6.58475,47.23792],[6.58161,47.23817],[6.57952,47.23939],[6.57819,47.2368],[6.57645,47.23598],[6.57276,47.23685],[6.56987,47.23956],[6.56553,47.24196],[6.56037,47.24042],[6.55254,47.24099],[6.54704,47.2395],[6.54042,47.2392],[6.53319,47.23732],[6.52853,47.23925],[6.52207,47.24051],[6.51763,47.24207],[6.51012,47.23544],[6.50986,47.23409],[6.50659,47.23272],[6.5093,47.23095],[6.50577,47.22883],[6.50874,47.22649],[6.50647,47.22409],[6.50404,47.22324],[6.50465,47.21711],[6.50293,47.21614],[6.51094,47.21114],[6.50844,47.20789],[6.51915,47.20099],[6.52241,47.19966],[6.53212,47.19665],[6.5366,47.19353],[6.533,47.19168],[6.53345,47.18893],[6.53728,47.18924],[6.54074,47.19428],[6.54417,47.19696],[6.54671,47.19747],[6.54965,47.2007],[6.55153,47.19938],[6.55873,47.1988],[6.56571,47.19699],[6.57252,47.19771],[6.5787,47.19786],[6.585,47.20135],[6.59606,47.20107],[6.60086,47.19929],[6.60241,47.19947],[6.59504,47.2024],[6.58534,47.20286],[6.58408,47.20364],[6.58456,47.20643],[6.58915,47.20875],[6.59074,47.2106],[6.58893,47.21223],[6.58474,47.21168],[6.58517,47.21518],[6.58866,47.21863],[6.59138,47.21996],[6.59113,47.22202],[6.58887,47.2227],[6.59049,47.2257],[6.59411,47.22872],[6.59838,47.23113],[6.6004,47.23333],[6.60386,47.2357],[6.605,47.23918]]]},"properties":{"code_insee":"25453","population":1356,"superficie_cadastrale":2890,"nom_officiel":"Pierrefontaine-les-Varans","date_du_recensement":"2023-01-01Z","densite":46.9},"id":"commune.6111"},
{"type":"Feature","geometry":{"type":"Polygon","coordinates":[[[6.2827,47.42629],[6.27937,47.43073],[6.28184,47.43144],[6.28429,47.43419],[6.28235,47.44044],[6.28018,47.44397],[6.27084,47.44524],[6.26935,47.44695],[6.26528,47.44654],[6.26234,47.44385],[6.26229,47.43978],[6.26074,47.43463],[6.26239,47.4318],[6.26038,47.42758],[6.25661,47.42751],[6.2559,47.42449],[6.25059,47.42476],[6.25674,47.41831],[6.25613,47.41671],[6.25787,47.41369],[6.26028,47.41271],[6.2623,47.41211],[6.26625,47.41582],[6.26962,47.4142],[6.27221,47.41625],[6.27601,47.41723],[6.27847,47.41861],[6.28158,47.42295],[6.28044,47.42531],[6.2827,47.42629]]]},"properties":{"code_insee":"25038","population":150,"superficie_cadastrale":560,"nom_officiel":"Avilley","date_du_recensement":"2023-01-01Z","densite":26.8},"id":"commune.6384"},
{"type":"Feature","geometry":{"type":"Polygon","coordinates":[[[6.01036,47.33294],[6.00806,47.33603],[6.00518,47.33811],[6.00006,47.34015],[5.99597,47.33947],[5.99452,47.33636],[5.99284,47.33495],[5.99213,47.33162],[5.99339,47.32897],[5.98868,47.32751],[5.98865,47.3267],[5.99437,47.32309],[5.99673,47.32236],[6.0026,47.32463],[6.01142,47.33147],[6.01036,47.33294]]]},"properties":{"code_insee":"25153","population":143,"superficie_cadastrale":200,"nom_officiel":"Chevroz","date_du_recensement":"2023-01-01Z","densite":71.5},"id":"commune.6446"},
{"type":"Feature","geometry":{"type":"Polygon","coordinates":[[[6.22779,47.1238],[6.22948,47.12308],[6.23055,47.12008],[6.23333,47.11741],[6.23807,47.11468],[6.2433,47.1123],[6.24648,47.11157],[6.25104,47.11419],[6.25338,47.1128],[6.25603,47.11474],[6.25893,47.1136],[6.26185,47.11823],[6.26791,47.12105],[6.26683,47.12266],[6.2678,47.1247],[6.26169,47.12455],[6.26368,47.12723],[6.26213,47.12949],[6.26199,47.13205],[6.25999,47.13453],[6.25537,47.14183],[6.25561,47.14653],[6.25026,47.14449],[6.24363,47.14579],[6.23645,47.14473],[6.23499,47.14674],[6.22742,47.14429],[6.22929,47.14328],[6.23013,47.1407],[6.22446,47.13809],[6.21949,47.13626],[6.21752,47.13402],[6.22258,47.13032],[6.22528,47.12519],[6.22779,47.1238]]]},"properties":{"code_insee":"25300","population":318,"superficie_cadastrale":900,"nom_officiel":"Guyans-Durnes","date_du_recensement":"2023-01-01Z","densite":35.3},"id":"commune.6631"},
{"type":"Feature","geometry":{"type":"Polygon","coordinates":[[[6.88695,47.31909],[6.8836,47.31915],[6.88076,47.31633],[6.87574,47.31602],[6.86986,47.31431],[6.8652,47.31091],[6.85953,47.31035],[6.85889,47.30962],[6.85807,47.30647],[6.86084,47.30642],[6.86361,47.30348],[6.86797,47.3039],[6.87204,47.30484],[6.87501,47.30653],[6.87861,47.30418],[6.88205,47.30083],[6.88229,47.29814],[6.88509,47.29695],[6.8888,47.29382],[6.89398,47.28808],[6.90659,47.29168],[6.90751,47.28538],[6.91607,47.28734],[6.91941,47.28977],[6.92918,47.29515],[6.93011,47.29677],[6.9328,47.29749],[6.93135,47.30385],[6.92664,47.30344],[6.92398,47.30057],[6.92105,47.30423],[6.92179,47.30623],[6.92151,47.3118],[6.91792,47.31168],[6.91261,47.31024],[6.90996,47.31023],[6.89823,47.31521],[6.89049,47.31733],[6.888,47.31666],[6.88695,47.31909]]]},"properties":{"code_insee":"25458","population":207,"superficie_cadastrale":1030,"nom_officiel":"Les Plains-et-Grands-Essarts","date_du_recensement":"2023-01-01Z","densite":20.1},"id":"commune.6897"},
{"type":"Feature","geometry":{"type":"Polygon","coordinates":[[[6.70962,47.29029],[6.72008,47.2938],[6.71978,47.2947],[6.72617,47.29784],[6.72687,47.30006],[6.72947,47.30167],[6.73421,47.30283],[6.74014,47.30563],[6.74492,47.30737],[6.74754,47.30661],[6.75021,47.30809],[6.75579,47.3095],[6.76224,47.31317],[6.76205,47.31384],[6.76081,47.31563],[6.75429,47.32013],[6.75546,47.32284],[6.75762,47.32173],[6.7657,47.32309],[6.76513,47.3244],[6.75607,47.32642],[6.75125,47.32603],[6.74865,47.32809],[6.75121,47.33013],[6.74129,47.32947],[6.73979,47.33089],[6.74503,47.33476],[6.74196,47.33649],[6.7405,47.33936],[6.73401,47.33841],[6.73113,47.3367],[6.724,47.33835],[6.72229,47.33779],[6.72004,47.33437],[6.71647,47.33202],[6.7116,47.33154],[6.70481,47.33002],[6.70515,47.32745],[6.7071,47.32558],[6.7069,47.32338],[6.70832,47.32184],[6.70602,47.31866],[6.7093,47.31793],[6.70912,47.31588],[6.69964,47.31397],[6.70342,47.31264],[6.70446,47.31007],[6.69964,47.30828],[6.70131,47.30661],[6.70669,47.30808],[6.70725,47.30684],[6.70204,47.30567],[6.70515,47.29982],[6.70902,47.30159],[6.71137,47.29681],[6.70412,47.29554],[6.70595,47.2913],[6.70962,47.29029]]]},"properties":{"code_insee":"25138","population":135,"superficie_cadastrale":1450,"nom_officiel":"Les Terres-de-Chaux","date_du_recensement":"2023-01-01Z","densite":9.3},"id":"commune.6912"},
{"type":"Feature","geometry":{"type":"Polygon","coordinates":[[[6.67611,47.43363],[6.67638,47.43234],[6.67424,47.42994],[6.67363,47.42569],[6.67511,47.42282],[6.67269,47.41962],[6.67306,47.41405],[6.67794,47.41487],[6.68102,47.40891],[6.68964,47.40765],[6.69206,47.4048],[6.69978,47.4032],[6.70109,47.39871],[6.70331,47.39814],[6.70707,47.39864],[6.71136,47.39747],[6.71346,47.39812],[6.71212,47.39998],[6.71991,47.40681],[6.72577,47.40979],[6.72255,47.41121],[6.7179,47.4121],[6.71622,47.41511],[6.71647,47.41903],[6.71776,47.42201],[6.71604,47.42537],[6.71608,47.42737],[6.71451,47.43344],[6.71575,47.43421],[6.71505,47.43822],[6.71392,47.43919],[6.70681,47.43779],[6.69885,47.43697],[6.69728,47.43737],[6.69234,47.43659],[6.68953,47.43516],[6.68616,47.43504],[6.68116,47.43318],[6.67611,47.43363]]]},"properties":{"code_insee":"25618","population":332,"superficie_cadastrale":1150,"nom_officiel":"Villars-sous-Écot","date_du_recensement":"2023-01-01Z","densite":28.9},"id":"commune.6949"},
{"type":"Feature","geometry":{"type":"Polygon","coordinates":[[[6.27587,46.93045],[6.278,46.92813],[6.28128,46.92817],[6.28367,46.92572],[6.28493,46.92119],[6.29169,46.90859],[6.28497,46.90122],[6.28713,46.89844],[6.29052,46.89917],[6.29226,46.89762],[6.30642,46.89339],[6.31153,46.89697],[6.31903,46.90235],[6.3261,46.9098],[6.32828,46.91141],[6.32153,46.91449],[6.30893,46.91958],[6.30552,46.91985],[6.3045,46.91787],[6.30031,46.92038],[6.29515,46.92443],[6.29672,46.9256],[6.29277,46.92853],[6.28711,46.93669],[6.27587,46.93045]]]},"properties":{"code_insee":"25309","population":1216,"superficie_cadastrale":790,"nom_officiel":"Houtaud","date_du_recensement":"2023-01-01Z","densite":153.9},"id":"commune.6999"},
{"type":"Feature","geometry":{"type":"Polygon","coordinates":[[[5.92711,47.31075],[5.9335,47.31046],[5.94152,47.31099],[5.94487,47.31183],[5.94738,47.31527],[5.95219,47.31786],[5.95288,47.32023],[5.95221,47.32294],[5.95578,47.32437],[5.95417,47.32835],[5.95576,47.33004],[5.96113,47.33299],[5.96365,47.33716],[5.96012,47.3388],[5.95742,47.33884],[5.95367,47.3406],[5.9505,47.34017],[5.94448,47.34063],[5.94034,47.34202],[5.93129,47.34398],[5.92844,47.34523],[5.92621,47.34435],[5.92448,47.34224],[5.9257,47.33656],[5.92977,47.33353],[5.93163,47.32938],[5.92979,47.32743],[5.92644,47.32715],[5.92669,47.32534],[5.92498,47.3209],[5.92137,47.31828],[5.92676,47.31218],[5.92711,47.31075]]]},"properties":{"code_insee":"25186","population":1055,"superficie_cadastrale":760,"nom_officiel":"Cussey-sur-l'Ognon","date_du_recensement":"2023-01-01Z","densite":138.8},"id":"commune.7100"},
{"type":"Feature","geometry":{"type":"Polygon","coordinates":[[[5.91239,47.13837],[5.91673,47.1358],[5.91822,47.13728],[5.92683,47.14328],[5.93497,47.14091],[5.93517,47.14164],[5.93648,47.14543],[5.94071,47.15078],[5.94792,47.15651],[5.94329,47.15995],[5.93882,47.16421],[5.93431,47.1678],[5.9336,47.16932],[5.93109,47.16696],[5.92863,47.16635],[5.92209,47.16053],[5.91856,47.15871],[5.91777,47.15729],[5.91628,47.15642],[5.91939,47.15205],[5.91778,47.14976],[5.91663,47.14408],[5.91239,47.13837]]]},"properties":{"code_insee":"25631","population":562,"superficie_cadastrale":480,"nom_officiel":"Vorges-les-Pins","date_du_recensement":"2023-01-01Z","densite":117.1},"id":"commune.7112"},
{"type":"Feature","geometry":{"type":"Polygon","coordinates":[[[6.35278,47.18367],[6.34754,47.18404],[6.33992,47.1904],[6.33424,47.19215],[6.32708,47.19497],[6.32322,47.19508],[6.32039,47.19612],[6.31901,47.19461],[6.31526,47.19365],[6.31238,47.19567],[6.31231,47.19768],[6.30912,47.19737],[6.30918,47.19363],[6.3076,47.19283],[6.30691,47.18898],[6.30541,47.18831],[6.30025,47.18367],[6.29426,47.18045],[6.29026,47.17721],[6.29414,47.17523],[6.30303,47.1686],[6.30529,47.16526],[6.30441,47.16361],[6.30922,47.15843],[6.30693,47.15694],[6.30971,47.15548],[6.30603,47.15287],[6.3101,47.15019],[6.31285,47.14971],[6.32025,47.14452],[6.3182,47.14188],[6.3182,47.1394],[6.32315,47.13706],[6.32274,47.13518],[6.32693,47.13618],[6.32978,47.1337],[6.33038,47.13203],[6.33413,47.13395],[6.33649,47.13202],[6.33816,47.13283],[6.34307,47.13098],[6.34809,47.13283],[6.35076,47.13135],[6.35711,47.13361],[6.35739,47.13653],[6.36543,47.1411],[6.36358,47.1433],[6.37138,47.14341],[6.37621,47.14693],[6.36966,47.14992],[6.36394,47.15714],[6.35992,47.15868],[6.35407,47.16235],[6.35524,47.16364],[6.35266,47.1651],[6.35233,47.17004],[6.3545,47.17255],[6.35192,47.17336],[6.35189,47.17654],[6.35295,47.18095],[6.35278,47.18367]]]},"properties":{"code_insee":"25578","population":5705,"superficie_cadastrale":2550,"nom_officiel":"Valdahon","date_du_recensement":"2023-01-01Z","densite":223.7},"id":"commune.7315"},
{"type":"Feature","geometry":{"type":"Polygon","coordinates":[[[6.93135,47.30385],[6.9328,47.29749],[6.93773,47.29517],[6.94304,47.29201],[6.94777,47.29098],[6.95344,47.29225],[6.96261,47.29145],[6.96846,47.29268],[6.97243,47.29135],[6.97522,47.292],[6.97658,47.29635],[6.98324,47.29536],[6.98797,47.29665],[6.99598,47.29572],[6.99957,47.29783],[7.00383,47.30162],[7.00756,47.30101],[7.00976,47.30276],[7.01099,47.30807],[7.01342,47.30923],[7.01619,47.31468],[7.01299,47.3202],[7.0093,47.32031],[7.00999,47.32453],[7.00513,47.3242],[6.99383,47.32501],[6.98731,47.32622],[6.98521,47.326],[6.98256,47.32897],[6.97584,47.32789],[6.97236,47.32519],[6.97114,47.32804],[6.97172,47.32981],[6.97719,47.33301],[6.97728,47.33699],[6.97084,47.33731],[6.96663,47.33822],[6.96212,47.337],[6.95824,47.33585],[6.95288,47.33669],[6.94988,47.33357],[6.95168,47.33083],[6.94912,47.32845],[6.94497,47.32833],[6.93983,47.32538],[6.94154,47.32321],[6.93854,47.32052],[6.93258,47.31677],[6.93033,47.31607],[6.92939,47.31382],[6.92525,47.31258],[6.9251,47.31068],[6.92954,47.30892],[6.93135,47.30385]]]},"properties":{"code_insee":"25314","population":236,"superficie_cadastrale":2280,"nom_officiel":"Indevillers","date_du_recensement":"2023-01-01Z","densite":10.4},"id":"commune.7325"},
{"type":"Feature","geometry":{"type":"Polygon","coordinates":[[[6.68599,47.2699],[6.69439,47.26254],[6.69533,47.25949],[6.69862,47.25667],[6.69757,47.25361],[6.69871,47.25253],[6.7058,47.2531],[6.71098,47.25497],[6.71412,47.25393],[6.71512,47.25554],[6.71443,47.25768],[6.71909,47.25981],[6.72015,47.26317],[6.7241,47.26049],[6.72786,47.26105],[6.73301,47.26002],[6.73528,47.26121],[6.73466,47.26321],[6.73278,47.26463],[6.72389,47.26797],[6.71894,47.26918],[6.72107,47.27172],[6.72832,47.2729],[6.7227,47.27593],[6.7152,47.27238],[6.71199,47.27215],[6.71061,47.26972],[6.70351,47.27031],[6.69872,47.27115],[6.69605,47.26948],[6.69424,47.27162],[6.68599,47.2699]]]},"properties":{"code_insee":"25173","population":147,"superficie_cadastrale":450,"nom_officiel":"Cour-Saint-Maurice","date_du_recensement":"2023-01-01Z","densite":32.7},"id":"commune.7341"},
{"type":"Feature","geometry":{"type":"Polygon","coordinates":[[[5.92711,47.31075],[5.92713,47.31056],[5.92639,47.30529],[5.92472,47.30124],[5.92443,47.29649],[5.92186,47.29405],[5.92353,47.29166],[5.92787,47.28774],[5.93172,47.28694],[5.93817,47.28703],[5.9424,47.28577],[5.94581,47.28713],[5.94874,47.28898],[5.95188,47.28871],[5.9568,47.2902],[5.95893,47.29382],[5.96926,47.29618],[5.97153,47.2956],[5.97403,47.29702],[5.97999,47.29573],[5.98427,47.29926],[5.98696,47.30265],[5.98962,47.30425],[5.98541,47.30812],[5.97987,47.30699],[5.97747,47.30761],[5.97386,47.30642],[5.97143,47.30926],[5.97089,47.31243],[5.96218,47.3147],[5.95272,47.31419],[5.94722,47.31204],[5.94487,47.31183],[5.94152,47.31099],[5.9335,47.31046],[5.92711,47.31075]]]},"properties":{"code_insee":"25035","population":2533,"superficie_cadastrale":920,"nom_officiel":"Les Auxons","date_du_recensement":"2023-01-01Z","densite":275.3},"id":"commune.7718"},
{"type":"Feature","geometry":{"type":"Polygon","coordinates":[[[6.73838,47.20375],[6.73283,47.20027],[6.72916,47.1964],[6.73052,47.19524],[6.72558,47.19131],[6.72959,47.18823],[6.73585,47.18967],[6.74137,47.18769],[6.74631,47.18246],[6.74945,47.18089],[6.75621,47.18062],[6.76564,47.17812],[6.77102,47.17611],[6.77326,47.17274],[6.78135,47.17577],[6.78012,47.17713],[6.77539,47.1853],[6.77028,47.19219],[6.76212,47.20407],[6.75818,47.20927],[6.75331,47.2123],[6.74762,47.20966],[6.74701,47.20646],[6.73838,47.20375]]]},"properties":{"code_insee":"25248","population":537,"superficie_cadastrale":840,"nom_officiel":"Les Fontenelles","date_du_recensement":"2023-01-01Z","densite":63.9},"id":"commune.7818"},
{"type":"Feature","geometry":{"type":"Polygon","coordinates":[[[6.71939,47.55285],[6.72146,47.54937],[6.7221,47.54593],[6.72729,47.54446],[6.73217,47.54458],[6.7395,47.54401],[6.74212,47.54289],[6.74969,47.54265],[6.7568,47.54102],[6.7582,47.54157],[6.75254,47.54411],[6.74943,47.54863],[6.74674,47.54941],[6.74423,47.55137],[6.74171,47.55604],[6.73999,47.55705],[6.73411,47.558],[6.7277,47.56082],[6.72231,47.55946],[6.71913,47.55514],[6.71939,47.55285]]]},"properties":{"code_insee":"25322","population":405,"superficie_cadastrale":320,"nom_officiel":"Laire","date_du_recensement":"2023-01-01Z","densite":126.6},"id":"commune.7853"},
{"type":"Feature","geometry":{"type":"Polygon","coordinates":[[[5.9567,47.08574],[5.9543,47.08949],[5.94599,47.09819],[5.94829,47.10374],[5.94798,47.10669],[5.95017,47.11102],[5.95176,47.11559],[5.94953,47.11527],[5.94479,47.11646],[5.93842,47.11608],[5.93725,47.11215],[5.93359,47.10582],[5.93186,47.09971],[5.92857,47.09799],[5.92869,47.09291],[5.93157,47.09221],[5.93856,47.08478],[5.94352,47.08503],[5.94856,47.08427],[5.95298,47.08662],[5.95413,47.08609],[5.9567,47.08574]]]},"properties":{"code_insee":"25443","population":61,"superficie_cadastrale":430,"nom_officiel":"Palantine","date_du_recensement":"2023-01-01Z","densite":14.2},"id":"commune.7879"},
{"type":"Feature","geometry":{"type":"Polygon","coordinates":[[[6.41461,47.22245],[6.41794,47.21858],[6.42312,47.21617],[6.42796,47.21526],[6.43275,47.21718],[6.43782,47.21369],[6.44282,47.21171],[6.44889,47.20534],[6.45194,47.20627],[6.45613,47.20629],[6.46645,47.20751],[6.46693,47.20945],[6.46056,47.21059],[6.46036,47.21372],[6.45701,47.2137],[6.45356,47.21621],[6.45372,47.21823],[6.4525,47.22519],[6.45783,47.22903],[6.45844,47.23149],[6.4544,47.23059],[6.4518,47.23145],[6.4482,47.23068],[6.44413,47.23211],[6.44022,47.23615],[6.43948,47.23882],[6.43681,47.23831],[6.4315,47.24064],[6.42549,47.23874],[6.42386,47.2401],[6.42016,47.23762],[6.42239,47.23652],[6.41848,47.23454],[6.41419,47.23121],[6.41406,47.2296],[6.41834,47.22729],[6.41848,47.22422],[6.41461,47.22245]]]},"properties":{"code_insee":"25623","population":148,"superficie_cadastrale":780,"nom_officiel":"Villers-Chief","date_du_recensement":"2023-01-01Z","densite":19},"id":"commune.7908"},
{"type":"Feature","geometry":{"type":"Polygon","coordinates":[[[6.41715,46.95252],[6.41647,46.95504],[6.41174,46.95643],[6.4098,46.95813],[6.40764,46.95632],[6.40422,46.95926],[6.40179,46.96258],[6.40207,46.96655],[6.39814,46.96733],[6.39495,46.96891],[6.38785,46.97943],[6.38698,46.98028],[6.38674,46.98549],[6.38818,46.98833],[6.38821,46.99113],[6.39575,46.99728],[6.3882,47.00041],[6.38323,47.00176],[6.38045,47.00404],[6.37742,47.00268],[6.36998,47.00345],[6.37094,47.00121],[6.36925,46.99935],[6.36665,46.99924],[6.36253,46.98852],[6.35951,46.98625],[6.35958,46.98297],[6.35621,46.98278],[6.35736,46.98018],[6.35986,46.97718],[6.35456,46.97082],[6.35334,46.96646],[6.35241,46.95931],[6.35142,46.95572],[6.35163,46.95097],[6.35084,46.94852],[6.35645,46.94747],[6.35679,46.94606],[6.36106,46.94551],[6.36228,46.94178],[6.36596,46.93889],[6.37135,46.93842],[6.37381,46.93888],[6.38057,46.93719],[6.38151,46.93632],[6.39054,46.94231],[6.39335,46.93991],[6.39668,46.93899],[6.4009,46.94047],[6.41107,46.94721],[6.4175,46.94983],[6.41715,46.95252]]]},"properties":{"code_insee":"25024","population":961,"superficie_cadastrale":2130,"nom_officiel":"Arçon","date_du_recensement":"2023-01-01Z","densite":45.1},"id":"commune.8072"},
{"type":"Feature","geometry":{"type":"Polygon","coordinates":[[[5.86656,47.22104],[5.86476,47.22257],[5.8669,47.22967],[5.865,47.23101],[5.86235,47.23242],[5.85601,47.23158],[5.85454,47.2332],[5.85602,47.23446],[5.85403,47.23621],[5.85166,47.24261],[5.8499,47.24315],[5.84595,47.24147],[5.84696,47.23783],[5.84475,47.23629],[5.84243,47.2333],[5.84278,47.23094],[5.8413,47.22649],[5.83879,47.22452],[5.84273,47.22036],[5.85079,47.21924],[5.85338,47.22176],[5.85812,47.22192],[5.86025,47.21821],[5.86412,47.21945],[5.86656,47.22104]]]},"properties":{"code_insee":"25622","population":312,"superficie_cadastrale":320,"nom_officiel":"Villers-Buzon","date_du_recensement":"2023-01-01Z","densite":97.5},"id":"commune.8194"},
{"type":"Feature","geometry":{"type":"Polygon","coordinates":[[[5.87887,47.05993],[5.8726,47.06064],[5.86884,47.06046],[5.87006,47.04876],[5.87298,47.04808],[5.88146,47.04853],[5.89018,47.04628],[5.89165,47.05143],[5.8903,47.05572],[5.88474,47.05697],[5.87887,47.05993]]]},"properties":{"code_insee":"25528","population":74,"superficie_cadastrale":200,"nom_officiel":"Samson","date_du_recensement":"2023-01-01Z","densite":37},"id":"commune.8239"},
{"type":"Feature","geometry":{"type":"Polygon","coordinates":[[[6.60967,47.19741],[6.61211,47.19302],[6.60789,47.19183],[6.60601,47.19013],[6.61718,47.19006],[6.62015,47.19096],[6.63029,47.19247],[6.63904,47.19267],[6.64037,47.18962],[6.6388,47.18631],[6.63934,47.18334],[6.63806,47.18103],[6.638,47.17807],[6.63614,47.1741],[6.63848,47.1725],[6.64431,47.17562],[6.64662,47.17627],[6.64737,47.17895],[6.6535,47.17921],[6.65758,47.18008],[6.66429,47.18356],[6.66643,47.18399],[6.67255,47.18722],[6.67488,47.19026],[6.6782,47.19068],[6.68463,47.19292],[6.68031,47.19725],[6.68161,47.1999],[6.68268,47.20201],[6.67913,47.20449],[6.67559,47.20446],[6.67318,47.2032],[6.66986,47.20552],[6.66695,47.21107],[6.66553,47.21161],[6.66131,47.20919],[6.65707,47.20954],[6.6526,47.20793],[6.65085,47.20615],[6.64449,47.20652],[6.64181,47.20613],[6.63881,47.20528],[6.6335,47.20734],[6.63168,47.2052],[6.63088,47.20201],[6.62761,47.20036],[6.62548,47.20081],[6.62251,47.20334],[6.61688,47.20206],[6.61399,47.20215],[6.61071,47.20047],[6.60704,47.20018],[6.60967,47.19741]]]},"properties":{"code_insee":"25456","population":276,"superficie_cadastrale":1170,"nom_officiel":"Plaimbois-du-Miroir","date_du_recensement":"2023-01-01Z","densite":23.6},"id":"commune.8482"},
{"type":"Feature","geometry":{"type":"Polygon","coordinates":[[[6.41794,47.21858],[6.41952,47.21567],[6.41881,47.21204],[6.41715,47.21013],[6.41681,47.20685],[6.41266,47.20333],[6.41776,47.20457],[6.41947,47.19729],[6.41867,47.19473],[6.41908,47.19053],[6.4229,47.18974],[6.42546,47.1872],[6.43272,47.18769],[6.43966,47.18974],[6.44726,47.19631],[6.44819,47.199],[6.44535,47.20026],[6.44468,47.20197],[6.44569,47.2061],[6.44889,47.20534],[6.44282,47.21171],[6.43782,47.21369],[6.43275,47.21718],[6.42796,47.21526],[6.42312,47.21617],[6.41794,47.21858]]]},"properties":{"code_insee":"25231","population":121,"superficie_cadastrale":600,"nom_officiel":"Eysson","date_du_recensement":"2023-01-01Z","densite":20.2},"id":"commune.8526"},
{"type":"Feature","geometry":{"type":"Polygon","coordinates":[[[5.98688,47.07252],[5.99105,47.07311],[5.99423,47.07147],[5.99485,47.06887],[5.99925,47.06796],[6.00469,47.07059],[6.01223,47.07077],[6.01242,47.07511],[6.01475,47.07641],[6.01546,47.07897],[6.01289,47.0831],[6.01575,47.08563],[6.01478,47.08888],[6.01643,47.09198],[6.02069,47.09234],[6.02377,47.09403],[6.02386,47.10069],[6.01603,47.10655],[6.01251,47.10836],[6.00317,47.11744],[5.99787,47.12095],[5.99048,47.12673],[5.98486,47.12128],[5.9837,47.12143],[5.9811,47.11788],[5.98156,47.11518],[5.97923,47.11069],[5.9784,47.10512],[5.97702,47.10419],[5.97853,47.10207],[5.97766,47.09976],[5.97508,47.09713],[5.96886,47.09417],[5.96861,47.09193],[5.97194,47.09051],[5.976,47.0907],[5.9816,47.09192],[5.98361,47.09157],[5.98574,47.08785],[5.98501,47.08074],[5.98072,47.0773],[5.97963,47.075],[5.98174,47.07343],[5.98688,47.07252]]]},"properties":{"code_insee":"25511","population":354,"superficie_cadastrale":1480,"nom_officiel":"Rurey","date_du_recensement":"2023-01-01Z","densite":23.9},"id":"commune.8574"},
{"type":"Feature","geometry":{"type":"Polygon","coordinates":[[[6.78854,47.1687],[6.78135,47.17577],[6.77326,47.17274],[6.77102,47.17611],[6.76564,47.17812],[6.75621,47.18062],[6.74945,47.18089],[6.74631,47.18246],[6.74137,47.18769],[6.73585,47.18967],[6.72959,47.18823],[6.72558,47.19131],[6.73052,47.19524],[6.72916,47.1964],[6.73283,47.20027],[6.73838,47.20375],[6.73569,47.20546],[6.73266,47.20549],[6.73148,47.20363],[6.7259,47.20425],[6.72443,47.20255],[6.721,47.20513],[6.71479,47.20869],[6.71064,47.2063],[6.70321,47.20506],[6.6941,47.20091],[6.69275,47.20391],[6.68589,47.20182],[6.68161,47.1999],[6.68031,47.19725],[6.68463,47.19292],[6.68517,47.19309],[6.69372,47.18376],[6.69455,47.18164],[6.69569,47.17999],[6.70029,47.17613],[6.70279,47.17308],[6.71273,47.1748],[6.71475,47.17426],[6.72056,47.17599],[6.73011,47.17639],[6.73636,47.17736],[6.74129,47.17737],[6.75101,47.17428],[6.75869,47.1715],[6.76476,47.16694],[6.77594,47.16825],[6.79028,47.15522],[6.79588,47.15626],[6.80179,47.14988],[6.80511,47.14545],[6.8131,47.14007],[6.8173,47.13773],[6.82061,47.14064],[6.82347,47.14141],[6.82638,47.14421],[6.81873,47.1478],[6.81639,47.15069],[6.81189,47.15383],[6.80046,47.15983],[6.7963,47.16271],[6.79344,47.16393],[6.78854,47.1687]]]},"properties":{"code_insee":"25074","population":987,"superficie_cadastrale":1770,"nom_officiel":"Bonnétage","date_du_recensement":"2023-01-01Z","densite":55.8},"id":"commune.8577"},
{"type":"Feature","geometry":{"type":"Polygon","coordinates":[[[6.30135,47.28338],[6.29583,47.28114],[6.27905,47.27888],[6.27348,47.27495],[6.27092,47.27447],[6.26718,47.27581],[6.26463,47.27136],[6.26201,47.27023],[6.26244,47.26468],[6.261,47.26273],[6.26811,47.25681],[6.27526,47.25266],[6.27537,47.24987],[6.27934,47.24812],[6.28154,47.24812],[6.28456,47.2501],[6.28979,47.25149],[6.29437,47.25525],[6.30417,47.25994],[6.30732,47.25913],[6.30902,47.26551],[6.30927,47.26888],[6.31172,47.27144],[6.31314,47.27636],[6.31034,47.27759],[6.31114,47.28043],[6.3067,47.2816],[6.3069,47.28326],[6.30135,47.28338]]]},"properties":{"code_insee":"25273","population":195,"superficie_cadastrale":980,"nom_officiel":"Glamondans","date_du_recensement":"2023-01-01Z","densite":19.9},"id":"commune.8606"},
{"type":"Feature","geometry":{"type":"Polygon","coordinates":[[[6.27601,47.41723],[6.27221,47.41625],[6.26962,47.4142],[6.26625,47.41582],[6.2623,47.41211],[6.26028,47.41271],[6.25697,47.41021],[6.2564,47.4074],[6.25998,47.40399],[6.26522,47.40655],[6.26782,47.40503],[6.26845,47.40161],[6.27324,47.40068],[6.27538,47.39865],[6.27638,47.39543],[6.2768,47.3904],[6.28099,47.3895],[6.28397,47.39206],[6.28362,47.40175],[6.28091,47.40654],[6.2775,47.41069],[6.27544,47.41581],[6.27601,47.41723]]]},"properties":{"code_insee":"25045","population":38,"superficie_cadastrale":280,"nom_officiel":"Battenans-les-Mines","date_du_recensement":"2023-01-01Z","densite":13.6},"id":"commune.8624"},
{"type":"Feature","geometry":{"type":"Polygon","coordinates":[[[5.89017,47.13937],[5.88653,47.13549],[5.88345,47.13113],[5.87894,47.12752],[5.87389,47.12459],[5.86888,47.12688],[5.8674,47.1257],[5.87273,47.12294],[5.86993,47.11713],[5.86816,47.11774],[5.86687,47.11401],[5.86951,47.11259],[5.87583,47.10975],[5.88016,47.11163],[5.88325,47.11578],[5.88785,47.11923],[5.89265,47.12137],[5.89516,47.1236],[5.8992,47.13017],[5.90415,47.13706],[5.9086,47.13938],[5.90809,47.14084],[5.90192,47.1436],[5.89359,47.13947],[5.89017,47.13937]]]},"properties":{"code_insee":"25002","population":282,"superficie_cadastrale":440,"nom_officiel":"Abbans-Dessus","date_du_recensement":"2023-01-01Z","densite":64.1},"id":"commune.8702"},
{"type":"Feature","geometry":{"type":"Polygon","coordinates":[[[6.58083,47.08628],[6.57638,47.08859],[6.57536,47.087],[6.57129,47.08684],[6.5673,47.08205],[6.5605,47.07595],[6.55851,47.07789],[6.55336,47.07527],[6.55151,47.07183],[6.5537,47.07062],[6.55421,47.06717],[6.55998,47.06393],[6.5579,47.06193],[6.56223,47.05364],[6.56908,47.04828],[6.57326,47.04836],[6.57728,47.04431],[6.58004,47.04191],[6.58406,47.04219],[6.58742,47.0442],[6.5896,47.04587],[6.59293,47.04509],[6.59784,47.04619],[6.60097,47.04954],[6.60452,47.04867],[6.60904,47.05252],[6.61415,47.05175],[6.61796,47.0521],[6.62126,47.0494],[6.62174,47.04676],[6.62745,47.0472],[6.62445,47.04929],[6.62301,47.05201],[6.62079,47.05405],[6.6159,47.05686],[6.61548,47.05912],[6.61313,47.06223],[6.60748,47.06322],[6.60234,47.06693],[6.59965,47.07111],[6.59676,47.07009],[6.59299,47.07029],[6.59045,47.07159],[6.59439,47.07564],[6.59448,47.07885],[6.59088,47.0792],[6.5892,47.08136],[6.58569,47.08082],[6.58242,47.08348],[6.58083,47.08628]]]},"properties":{"code_insee":"25411","population":6953,"superficie_cadastrale":1410,"nom_officiel":"Morteau","date_du_recensement":"2023-01-01Z","densite":493.1},"id":"commune.8711"},
{"type":"Feature","geometry":{"type":"Polygon","coordinates":[[[6.79028,47.15522],[6.78683,47.15414],[6.77941,47.15026],[6.76926,47.14563],[6.75589,47.14262],[6.75024,47.14102],[6.75779,47.13282],[6.75944,47.12945],[6.7565,47.1282],[6.75978,47.12423],[6.75283,47.12127],[6.75077,47.11804],[6.74524,47.11533],[6.74232,47.11452],[6.7415,47.11367],[6.74406,47.10959],[6.74633,47.10979],[6.74922,47.11165],[6.75167,47.11435],[6.7565,47.11701],[6.76367,47.11999],[6.76745,47.12107],[6.77723,47.12199],[6.77916,47.1237],[6.78235,47.1242],[6.79172,47.12678],[6.79655,47.12904],[6.80193,47.12939],[6.80605,47.13071],[6.80742,47.13453],[6.80923,47.13569],[6.81433,47.13546],[6.8173,47.13773],[6.8131,47.14007],[6.80511,47.14545],[6.80179,47.14988],[6.79588,47.15626],[6.79028,47.15522]]]},"properties":{"code_insee":"25286","population":125,"superficie_cadastrale":1190,"nom_officiel":"Grand'Combe-des-Bois","date_du_recensement":"2023-01-01Z","densite":10.5},"id":"commune.8712"},
{"type":"Feature","geometry":{"type":"Polygon","coordinates":[[[6.18678,47.20919],[6.18053,47.21413],[6.17283,47.21736],[6.16898,47.21648],[6.16327,47.21376],[6.15474,47.21146],[6.14463,47.20706],[6.13407,47.19549],[6.12757,47.19569],[6.12624,47.19213],[6.12767,47.18601],[6.12098,47.18559],[6.11328,47.18728],[6.11104,47.18281],[6.11667,47.18156],[6.1158,47.17913],[6.11889,47.17842],[6.12116,47.17505],[6.12504,47.17716],[6.13087,47.17325],[6.13786,47.17208],[6.14221,47.17607],[6.14474,47.18102],[6.14888,47.18494],[6.15521,47.18298],[6.15895,47.18482],[6.17131,47.18869],[6.1753,47.18871],[6.17656,47.18785],[6.17751,47.18926],[6.18624,47.19293],[6.19379,47.19232],[6.19518,47.19545],[6.19165,47.19675],[6.19037,47.19892],[6.19066,47.20226],[6.18678,47.20919]]]},"properties":{"code_insee":"25364","population":1988,"superficie_cadastrale":1450,"nom_officiel":"Mamirolle","date_du_recensement":"2023-01-01Z","densite":137.1},"id":"commune.8744"},
{"type":"Feature","geometry":{"type":"Polygon","coordinates":[[[6.23657,46.78299],[6.22884,46.77918],[6.22338,46.78179],[6.20326,46.77279],[6.20719,46.76522],[6.20275,46.7624],[6.19884,46.76141],[6.19094,46.75733],[6.18926,46.75591],[6.18369,46.75511],[6.18355,46.75204],[6.18072,46.74632],[6.18135,46.74235],[6.18019,46.74161],[6.18353,46.74137],[6.18619,46.73924],[6.19137,46.73896],[6.19631,46.7359],[6.199,46.7332],[6.1997,46.73447],[6.20292,46.7354],[6.20861,46.73971],[6.2144,46.74188],[6.21155,46.74565],[6.21875,46.75002],[6.2222,46.74786],[6.22647,46.74906],[6.22765,46.75194],[6.23618,46.75608],[6.24385,46.75734],[6.24421,46.75676],[6.25319,46.75719],[6.25235,46.76222],[6.2573,46.76257],[6.25946,46.76487],[6.25836,46.76931],[6.25368,46.76822],[6.25038,46.77142],[6.24748,46.76984],[6.24368,46.77048],[6.24692,46.77461],[6.2445,46.77452],[6.24004,46.77835],[6.23913,46.78082],[6.23657,46.78299]]]},"properties":{"code_insee":"25486","population":466,"superficie_cadastrale":1520,"nom_officiel":"Remoray-Boujeons","date_du_recensement":"2023-01-01Z","densite":30.7},"id":"commune.8818"},
{"type":"Feature","geometry":{"type":"Polygon","coordinates":[[[6.06488,47.31973],[6.06347,47.32185],[6.05717,47.32081],[6.05364,47.3215],[6.05489,47.32853],[6.05726,47.3299],[6.06079,47.33491],[6.06079,47.34109],[6.05758,47.34357],[6.056,47.34835],[6.05076,47.34893],[6.04792,47.34629],[6.0454,47.34571],[6.04215,47.34643],[6.03895,47.34595],[6.03526,47.34363],[6.03715,47.34218],[6.03248,47.341],[6.03198,47.33906],[6.02897,47.33605],[6.02353,47.33238],[6.02532,47.33078],[6.02891,47.32934],[6.03408,47.32516],[6.03549,47.32594],[6.03785,47.32303],[6.02969,47.32115],[6.02935,47.31652],[6.02961,47.31545],[6.03505,47.31319],[6.03616,47.30954],[6.04409,47.31087],[6.05211,47.31341],[6.05893,47.31864],[6.06488,47.31973]]]},"properties":{"code_insee":"25073","population":826,"superficie_cadastrale":770,"nom_officiel":"Bonnay","date_du_recensement":"2023-01-01Z","densite":107.3},"id":"commune.8950"},
{"type":"Feature","geometry":{"type":"Polygon","coordinates":[[[6.61761,47.53117],[6.6112,47.53051],[6.60474,47.53435],[6.60689,47.53662],[6.59871,47.53995],[6.59668,47.54212],[6.58438,47.54288],[6.58119,47.54174],[6.58174,47.53994],[6.57204,47.53642],[6.5674,47.53174],[6.57078,47.53007],[6.57273,47.52687],[6.57713,47.5299],[6.58146,47.52943],[6.58824,47.53137],[6.59159,47.53178],[6.60074,47.53057],[6.60488,47.52933],[6.60899,47.52904],[6.60967,47.52713],[6.61801,47.52745],[6.61761,47.53117]]]},"properties":{"code_insee":"25264","population":81,"superficie_cadastrale":340,"nom_officiel":"Gémonval","date_du_recensement":"2023-01-01Z","densite":23.8},"id":"commune.9268"},
{"type":"Feature","geometry":{"type":"Polygon","coordinates":[[[6.93504,47.25147],[6.92826,47.25135],[6.92452,47.25021],[6.92311,47.24832],[6.91926,47.24868],[6.91361,47.25073],[6.91157,47.24955],[6.91745,47.2459],[6.91745,47.24334],[6.91013,47.24065],[6.90378,47.23783],[6.90515,47.23689],[6.9011,47.23494],[6.89791,47.23246],[6.89379,47.22811],[6.89756,47.22397],[6.89272,47.22271],[6.88875,47.21886],[6.88695,47.21788],[6.88432,47.21322],[6.88191,47.21264],[6.88141,47.21077],[6.8834,47.2096],[6.88797,47.21116],[6.89036,47.21052],[6.89337,47.20782],[6.89841,47.20989],[6.9014,47.21212],[6.90713,47.21469],[6.90976,47.21803],[6.913,47.21831],[6.92113,47.22057],[6.92388,47.22214],[6.92732,47.22585],[6.92765,47.22849],[6.93294,47.23066],[6.93898,47.23066],[6.94084,47.23153],[6.94276,47.23446],[6.94313,47.23791],[6.94842,47.23936],[6.95172,47.24175],[6.95555,47.24302],[6.95167,47.24561],[6.94724,47.24635],[6.94054,47.24902],[6.93652,47.24999],[6.93504,47.25147]]]},"properties":{"code_insee":"25124","population":285,"superficie_cadastrale":1050,"nom_officiel":"Charmauvillers","date_du_recensement":"2023-01-01Z","densite":27.1},"id":"commune.9342"},
{"type":"Feature","geometry":{"type":"Polygon","coordinates":[[[6.50237,47.13411],[6.50195,47.13205],[6.49687,47.12693],[6.49271,47.12445],[6.48818,47.11962],[6.48768,47.11405],[6.48394,47.11166],[6.48443,47.10953],[6.47947,47.1055],[6.47752,47.10282],[6.48151,47.09794],[6.48502,47.09586],[6.48666,47.09687],[6.49058,47.09607],[6.48987,47.09375],[6.4897,47.08898],[6.49131,47.0837],[6.48735,47.0816],[6.48891,47.07959],[6.49276,47.07655],[6.4957,47.07845],[6.49944,47.07668],[6.50179,47.07683],[6.50679,47.07507],[6.50697,47.07283],[6.50977,47.07112],[6.51329,47.07281],[6.51515,47.07582],[6.51693,47.07569],[6.52365,47.08122],[6.52191,47.0834],[6.52847,47.08665],[6.52718,47.08834],[6.52452,47.08868],[6.52316,47.09125],[6.52457,47.09361],[6.52491,47.09729],[6.52778,47.09771],[6.53201,47.10232],[6.53295,47.10442],[6.53847,47.10541],[6.53687,47.1079],[6.54063,47.11103],[6.53841,47.11446],[6.54022,47.11774],[6.53885,47.12062],[6.54225,47.12353],[6.54108,47.12435],[6.54066,47.12793],[6.54157,47.13138],[6.54546,47.13448],[6.54432,47.1374],[6.54682,47.14014],[6.54633,47.14363],[6.54361,47.14629],[6.54013,47.14466],[6.53887,47.14665],[6.53385,47.14527],[6.5327,47.14592],[6.5241,47.14516],[6.52209,47.14505],[6.51676,47.13801],[6.50814,47.13786],[6.50428,47.13623],[6.50237,47.13411]]]},"properties":{"code_insee":"25432","population":2189,"superficie_cadastrale":2480,"nom_officiel":"Orchamps-Vennes","date_du_recensement":"2023-01-01Z","densite":88.3},"id":"commune.9394"},
{"type":"Feature","geometry":{"type":"Polygon","coordinates":[[[6.7417,47.4451],[6.73912,47.44665],[6.72792,47.44379],[6.7262,47.44195],[6.71736,47.43882],[6.71363,47.43971],[6.71392,47.43919],[6.71505,47.43822],[6.71575,47.43421],[6.71451,47.43344],[6.71608,47.42737],[6.71604,47.42537],[6.71776,47.42201],[6.71647,47.41903],[6.71622,47.41511],[6.7179,47.4121],[6.72255,47.41121],[6.72577,47.40979],[6.71991,47.40681],[6.71212,47.39998],[6.71346,47.39812],[6.71376,47.3978],[6.72197,47.39794],[6.72766,47.4011],[6.73896,47.40357],[6.74666,47.40758],[6.75203,47.41225],[6.75514,47.41235],[6.75432,47.41424],[6.75162,47.41518],[6.75112,47.41677],[6.74652,47.41736],[6.74907,47.42186],[6.74977,47.42656],[6.74838,47.42777],[6.74866,47.42998],[6.7475,47.43237],[6.74533,47.43417],[6.74703,47.43788],[6.74299,47.44269],[6.7417,47.4451]]]},"properties":{"code_insee":"25214","population":510,"superficie_cadastrale":1100,"nom_officiel":"Écot","date_du_recensement":"2023-01-01Z","densite":46.4},"id":"commune.9430"},
{"type":"Feature","geometry":{"type":"Polygon","coordinates":[[[6.75445,47.22307],[6.7632,47.22628],[6.76995,47.22795],[6.77715,47.23199],[6.78136,47.22751],[6.78369,47.22591],[6.79592,47.229],[6.79613,47.23137],[6.80242,47.2333],[6.80337,47.23182],[6.79922,47.2284],[6.79947,47.22365],[6.80293,47.22399],[6.80313,47.22079],[6.80492,47.2187],[6.80321,47.21572],[6.80867,47.2171],[6.81269,47.22052],[6.81601,47.22036],[6.81828,47.22335],[6.82245,47.2251],[6.8248,47.22295],[6.82919,47.2247],[6.82903,47.22564],[6.83343,47.22702],[6.83167,47.2335],[6.83333,47.23477],[6.82783,47.23664],[6.82715,47.23779],[6.83038,47.24039],[6.83019,47.24783],[6.82763,47.25027],[6.82366,47.24985],[6.82126,47.25304],[6.81797,47.25242],[6.81694,47.25692],[6.81498,47.25924],[6.81694,47.26121],[6.816,47.26245],[6.82117,47.26465],[6.81726,47.26658],[6.81381,47.26364],[6.80844,47.26071],[6.80374,47.26255],[6.79635,47.26391],[6.79211,47.25929],[6.78909,47.2579],[6.78803,47.2549],[6.78027,47.25107],[6.77882,47.24767],[6.77523,47.24694],[6.77056,47.24184],[6.76632,47.23807],[6.76478,47.23774],[6.75486,47.23582],[6.75216,47.23481],[6.74956,47.23345],[6.75148,47.22694],[6.75445,47.22307]]]},"properties":{"code_insee":"25356","population":4254,"superficie_cadastrale":1740,"nom_officiel":"Maîche","date_du_recensement":"2023-01-01Z","densite":244.5},"id":"commune.9463"},
{"type":"Feature","geometry":{"type":"Polygon","coordinates":[[[6.08364,47.30141],[6.08587,47.30258],[6.09055,47.30814],[6.09566,47.30929],[6.09729,47.3102],[6.09272,47.31413],[6.0984,47.31527],[6.09698,47.31843],[6.09385,47.31807],[6.09019,47.31871],[6.08978,47.3203],[6.07617,47.31638],[6.07803,47.31026],[6.08364,47.30141]]]},"properties":{"code_insee":"25086","population":203,"superficie_cadastrale":200,"nom_officiel":"Braillans","date_du_recensement":"2023-01-01Z","densite":101.5},"id":"commune.9510"},
{"type":"Feature","geometry":{"type":"Polygon","coordinates":[[[6.07184,47.13078],[6.06929,47.13205],[6.07302,47.13455],[6.07241,47.13752],[6.06285,47.14326],[6.05946,47.14442],[6.05874,47.1465],[6.05516,47.15047],[6.04508,47.15732],[6.04583,47.15927],[6.0374,47.16479],[6.03318,47.1685],[6.03084,47.16961],[6.0279,47.16882],[6.02057,47.16433],[6.01361,47.16083],[6.01383,47.1575],[6.01741,47.15581],[6.0174,47.15439],[6.02284,47.1455],[6.02738,47.13985],[6.0302,47.13716],[6.03757,47.13304],[6.04247,47.13174],[6.04818,47.12916],[6.05065,47.12604],[6.05168,47.12502],[6.05906,47.12507],[6.06258,47.12239],[6.0649,47.12511],[6.06619,47.12809],[6.07184,47.13078]]]},"properties":{"code_insee":"25406","population":558,"superficie_cadastrale":1090,"nom_officiel":"Montrond-le-Château","date_du_recensement":"2023-01-01Z","densite":51.2},"id":"commune.9523"},
{"type":"Feature","geometry":{"type":"Polygon","coordinates":[[[6.64329,47.22885],[6.64013,47.23111],[6.63638,47.23027],[6.62967,47.23091],[6.61508,47.22885],[6.61293,47.22734],[6.6082,47.22981],[6.60579,47.23274],[6.6004,47.23333],[6.59838,47.23113],[6.59411,47.22872],[6.59049,47.2257],[6.58887,47.2227],[6.59113,47.22202],[6.59138,47.21996],[6.58866,47.21863],[6.58517,47.21518],[6.58474,47.21168],[6.58893,47.21223],[6.59074,47.2106],[6.58915,47.20875],[6.58456,47.20643],[6.58408,47.20364],[6.58534,47.20286],[6.59504,47.2024],[6.60241,47.19947],[6.60704,47.20018],[6.61071,47.20047],[6.61399,47.20215],[6.61688,47.20206],[6.62251,47.20334],[6.62548,47.20081],[6.62761,47.20036],[6.63088,47.20201],[6.63168,47.2052],[6.6335,47.20734],[6.63881,47.20528],[6.64181,47.20613],[6.64174,47.20787],[6.64555,47.20843],[6.65058,47.20776],[6.65334,47.20944],[6.652,47.21098],[6.65205,47.21293],[6.6529,47.21396],[6.65166,47.21667],[6.64777,47.21933],[6.64768,47.22184],[6.64395,47.2252],[6.64329,47.22885]]]},"properties":{"code_insee":"25095","population":280,"superficie_cadastrale":1370,"nom_officiel":"Bretonvillers","date_du_recensement":"2023-01-01Z","densite":20.4},"id":"commune.9574"},
{"type":"Feature","geometry":{"type":"Polygon","coordinates":[[[6.81678,47.54783],[6.81673,47.54481],[6.81452,47.54263],[6.81236,47.53447],[6.80846,47.53179],[6.81133,47.52917],[6.81754,47.52244],[6.81856,47.51942],[6.82228,47.52128],[6.82314,47.51866],[6.8291,47.51983],[6.83287,47.52144],[6.82791,47.52212],[6.82921,47.52522],[6.83424,47.52739],[6.83747,47.53096],[6.83543,47.53608],[6.8372,47.53665],[6.83569,47.53745],[6.83477,47.54204],[6.83302,47.54257],[6.83064,47.54644],[6.81678,47.54783]]]},"properties":{"code_insee":"25284","population":5873,"superficie_cadastrale":460,"nom_officiel":"Grand-Charmont","date_du_recensement":"2023-01-01Z","densite":1276.7},"id":"commune.9641"},
{"type":"Feature","geometry":{"type":"Polygon","coordinates":[[[5.97951,46.96353],[5.98367,46.96526],[5.99178,46.96751],[5.99561,46.96685],[5.99689,46.96576],[6.00078,46.96753],[6.00443,46.96775],[6.00756,46.96532],[6.01395,46.96396],[6.01444,46.96671],[6.01662,46.96774],[6.01643,46.97041],[6.01964,46.97211],[6.02516,46.97406],[6.02596,46.97846],[6.0208,46.98051],[6.01271,46.9802],[6.00565,46.98275],[6.00361,46.98504],[6.00756,46.98775],[6.00167,46.99118],[6.00055,46.98885],[5.98955,46.98704],[5.98237,46.98869],[5.97826,46.98845],[5.97021,46.98686],[5.96601,46.98704],[5.95394,46.98125],[5.96209,46.98045],[5.96854,46.9806],[5.96912,46.97774],[5.97055,46.97651],[5.976,46.97607],[5.97517,46.97373],[5.97637,46.9719],[5.97256,46.9696],[5.97951,46.96353]]]},"properties":{"code_insee":"25420","population":167,"superficie_cadastrale":890,"nom_officiel":"Nans-sous-Sainte-Anne","date_du_recensement":"2023-01-01Z","densite":18.8},"id":"commune.9645"},
{"type":"Feature","geometry":{"type":"Polygon","coordinates":[[[6.48903,47.1793],[6.4877,47.18019],[6.49329,47.18358],[6.49213,47.18596],[6.49218,47.19001],[6.49396,47.19413],[6.50219,47.20443],[6.50201,47.2074],[6.50455,47.21097],[6.50274,47.213],[6.50293,47.21614],[6.49749,47.21364],[6.49295,47.21345],[6.48871,47.21088],[6.48302,47.2107],[6.46952,47.20842],[6.46693,47.20945],[6.46645,47.20751],[6.45613,47.20629],[6.45194,47.20627],[6.44889,47.20534],[6.44569,47.2061],[6.45242,47.19936],[6.45604,47.19673],[6.45799,47.19783],[6.46102,47.19479],[6.46494,47.19216],[6.4634,47.18921],[6.47086,47.18515],[6.47074,47.18101],[6.47545,47.17552],[6.48522,47.1794],[6.48903,47.1793]]]},"properties":{"code_insee":"25203","population":172,"superficie_cadastrale":940,"nom_officiel":"Domprel","date_du_recensement":"2023-01-01Z","densite":18.3},"id":"commune.9655"},
{"type":"Feature","geometry":{"type":"Polygon","coordinates":[[[6.66954,47.30134],[6.67328,47.30226],[6.67236,47.30507],[6.66606,47.30467],[6.66643,47.30922],[6.66891,47.30773],[6.67115,47.3092],[6.67099,47.31413],[6.67029,47.31462],[6.67246,47.32003],[6.67183,47.32509],[6.6708,47.32725],[6.67404,47.32957],[6.66967,47.33053],[6.66318,47.33024],[6.65679,47.32779],[6.65298,47.32569],[6.65019,47.32493],[6.64503,47.32228],[6.64248,47.31507],[6.64865,47.31201],[6.64911,47.3097],[6.65141,47.30845],[6.6509,47.30562],[6.65244,47.30044],[6.65627,47.30013],[6.66131,47.30116],[6.66824,47.3009],[6.66954,47.30134]]]},"properties":{"code_insee":"25503","population":108,"superficie_cadastrale":530,"nom_officiel":"Rosières-sur-Barbèche","date_du_recensement":"2023-01-01Z","densite":20.4},"id":"commune.9672"},
{"type":"Feature","geometry":{"type":"Polygon","coordinates":[[[6.45082,47.2559],[6.45335,47.2548],[6.45702,47.25087],[6.46049,47.25038],[6.46586,47.24842],[6.4684,47.24671],[6.47472,47.24866],[6.48117,47.24879],[6.48887,47.25028],[6.49444,47.24942],[6.49975,47.25083],[6.50346,47.24964],[6.50343,47.24712],[6.50507,47.2445],[6.50684,47.24512],[6.50882,47.24275],[6.51929,47.24245],[6.51619,47.25786],[6.51808,47.26045],[6.52508,47.26544],[6.52716,47.26739],[6.52587,47.27404],[6.52673,47.2767],[6.51979,47.2769],[6.51833,47.27524],[6.51479,47.27518],[6.51095,47.27346],[6.50789,47.27458],[6.50235,47.27499],[6.49601,47.27344],[6.48166,47.26908],[6.4707,47.26943],[6.45964,47.27021],[6.45367,47.2697],[6.44767,47.27138],[6.4484,47.26855],[6.44412,47.26024],[6.44418,47.25808],[6.4483,47.25869],[6.45167,47.25803],[6.45082,47.2559]]]},"properties":{"code_insee":"25325","population":236,"superficie_cadastrale":1440,"nom_officiel":"Landresse","date_du_recensement":"2023-01-01Z","densite":16.4},"id":"commune.9801"},
{"type":"Feature","geometry":{"type":"Polygon","coordinates":[[[6.18956,46.95463],[6.18256,46.95281],[6.18112,46.95402],[6.17396,46.95393],[6.17285,46.95328],[6.16482,46.95619],[6.16184,46.95683],[6.15786,46.95354],[6.15792,46.95209],[6.15253,46.95129],[6.14985,46.9493],[6.14371,46.94619],[6.14092,46.94558],[6.13413,46.94073],[6.13051,46.93687],[6.12405,46.93306],[6.11912,46.92839],[6.12431,46.92641],[6.12187,46.92249],[6.11984,46.91796],[6.11862,46.91359],[6.12865,46.90866],[6.13069,46.90869],[6.13728,46.91247],[6.14397,46.91395],[6.14634,46.91249],[6.15361,46.91036],[6.15555,46.91163],[6.16779,46.91713],[6.17281,46.91967],[6.18493,46.92639],[6.1875,46.92979],[6.19184,46.92781],[6.19994,46.92714],[6.20219,46.92928],[6.20402,46.93161],[6.21345,46.93233],[6.21521,46.93318],[6.21943,46.9327],[6.22211,46.93515],[6.22056,46.93633],[6.21776,46.94058],[6.21888,46.94273],[6.21119,46.94996],[6.21012,46.94799],[6.20686,46.94811],[6.20492,46.94944],[6.18956,46.95463]]]},"properties":{"code_insee":"25122","population":549,"superficie_cadastrale":2370,"nom_officiel":"Chapelle-d'Huin","date_du_recensement":"2023-01-01Z","densite":23.2},"id":"commune.9823"},
{"type":"Feature","geometry":{"type":"Polygon","coordinates":[[[5.84188,47.06529],[5.83978,47.06077],[5.84251,47.0592],[5.84226,47.05596],[5.84319,47.05371],[5.84237,47.04717],[5.84694,47.04606],[5.85721,47.0458],[5.85625,47.04936],[5.85646,47.05433],[5.8577,47.05825],[5.85789,47.06371],[5.85935,47.06594],[5.8621,47.06751],[5.85638,47.06977],[5.84348,47.06958],[5.84188,47.06529]]]},"properties":{"code_insee":"25379","population":67,"superficie_cadastrale":310,"nom_officiel":"Mesmay","date_du_recensement":"2023-01-01Z","densite":21.6},"id":"commune.9891"},
{"type":"Feature","geometry":{"type":"Polygon","coordinates":[[[6.18629,47.27507],[6.1894,47.26892],[6.19314,47.26887],[6.19849,47.25844],[6.19979,47.25885],[6.20321,47.25503],[6.20562,47.25495],[6.20765,47.25337],[6.2147,47.25503],[6.21834,47.25646],[6.22083,47.25922],[6.22597,47.26144],[6.22853,47.26402],[6.23411,47.26665],[6.23173,47.2692],[6.23321,47.2713],[6.23308,47.27454],[6.23606,47.27764],[6.22971,47.2771],[6.22713,47.27834],[6.22471,47.28138],[6.21945,47.27963],[6.21831,47.28086],[6.21754,47.28513],[6.2183,47.28604],[6.21597,47.28883],[6.21363,47.29023],[6.2059,47.2853],[6.20115,47.2852],[6.20257,47.2819],[6.19818,47.27933],[6.19364,47.27745],[6.18629,47.27507]]]},"properties":{"code_insee":"25437","population":372,"superficie_cadastrale":820,"nom_officiel":"Osse","date_du_recensement":"2023-01-01Z","densite":45.4},"id":"commune.9976"},
{"type":"Feature","geometry":{"type":"Polygon","coordinates":[[[6.50808,47.33892],[6.51261,47.3307],[6.51249,47.32843],[6.51428,47.32636],[6.51617,47.32651],[6.5228,47.32722],[6.531,47.33044],[6.53552,47.33392],[6.53808,47.33788],[6.54336,47.34346],[6.54306,47.34499],[6.54814,47.34773],[6.55174,47.35054],[6.55533,47.35421],[6.55701,47.35656],[6.56014,47.35818],[6.55972,47.3598],[6.55647,47.35941],[6.55099,47.36028],[6.54377,47.36023],[6.53925,47.36122],[6.5335,47.36156],[6.52261,47.36031],[6.51389,47.36041],[6.50806,47.35971],[6.5045,47.3587],[6.50283,47.35654],[6.50405,47.35601],[6.50387,47.35274],[6.50474,47.34865],[6.50638,47.34566],[6.50808,47.33892]]]},"properties":{"code_insee":"25177","population":158,"superficie_cadastrale":1030,"nom_officiel":"Crosey-le-Grand","date_du_recensement":"2023-01-01Z","densite":15.3},"id":"commune.10020"},
{"type":"Feature","geometry":{"type":"Polygon","coordinates":[[[6.09716,47.06736],[6.1107,47.0614],[6.12239,47.0592],[6.1238,47.06014],[6.12564,47.06364],[6.12483,47.06498],[6.12598,47.07004],[6.12441,47.07486],[6.12519,47.0804],[6.12189,47.08027],[6.12063,47.08259],[6.12268,47.08428],[6.12374,47.08797],[6.13024,47.09203],[6.13129,47.09524],[6.12311,47.09517],[6.12262,47.0976],[6.11832,47.10387],[6.11412,47.10293],[6.11351,47.10559],[6.11209,47.10641],[6.10761,47.1055],[6.10674,47.10334],[6.09957,47.09898],[6.09558,47.09848],[6.0881,47.09805],[6.08454,47.09536],[6.09213,47.09486],[6.09523,47.09096],[6.09328,47.09014],[6.09658,47.087],[6.10176,47.08497],[6.09963,47.08324],[6.1025,47.07972],[6.10631,47.07944],[6.10515,47.07765],[6.10762,47.07555],[6.10856,47.06928],[6.10667,47.06953],[6.10174,47.07536],[6.0969,47.07682],[6.09716,47.06736]]]},"properties":{"code_insee":"25129","population":138,"superficie_cadastrale":920,"nom_officiel":"Chassagne-Saint-Denis","date_du_recensement":"2023-01-01Z","densite":15},"id":"commune.10180"},
{"type":"Feature","geometry":{"type":"Polygon","coordinates":[[[6.25319,46.75719],[6.25663,46.75606],[6.25934,46.753],[6.26293,46.75268],[6.26644,46.75021],[6.27948,46.75852],[6.28871,46.76126],[6.28925,46.76336],[6.29127,46.76398],[6.29666,46.76108],[6.29833,46.76261],[6.30414,46.7658],[6.31257,46.76951],[6.31735,46.77386],[6.32144,46.77777],[6.32722,46.78005],[6.32611,46.78333],[6.3189,46.78367],[6.3177,46.78744],[6.31375,46.78817],[6.3117,46.7868],[6.30777,46.78896],[6.2995,46.78739],[6.2968,46.78846],[6.29235,46.78839],[6.2883,46.78757],[6.2852,46.78912],[6.28714,46.79142],[6.28546,46.79618],[6.28776,46.80079],[6.28465,46.80488],[6.28138,46.80285],[6.27754,46.8042],[6.27556,46.80497],[6.27634,46.80686],[6.27103,46.80774],[6.27129,46.81117],[6.26703,46.80707],[6.265,46.8071],[6.25824,46.79919],[6.25377,46.79623],[6.24812,46.7935],[6.24561,46.79073],[6.24084,46.78757],[6.24032,46.78606],[6.23657,46.78299],[6.23913,46.78082],[6.24004,46.77835],[6.2445,46.77452],[6.24692,46.77461],[6.24368,46.77048],[6.24748,46.76984],[6.25038,46.77142],[6.25368,46.76822],[6.25836,46.76931],[6.25946,46.76487],[6.2573,46.76257],[6.25235,46.76222],[6.25319,46.75719]]]},"properties":{"code_insee":"25320","population":1273,"superficie_cadastrale":2210,"nom_officiel":"Labergement-Sainte-Marie","date_du_recensement":"2023-01-01Z","densite":57.6},"id":"commune.10200"},
{"type":"Feature","geometry":{"type":"Polygon","coordinates":[[[6.94547,47.2893],[6.94777,47.29098],[6.94304,47.29201],[6.93773,47.29517],[6.9328,47.29749],[6.93011,47.29677],[6.92918,47.29515],[6.91941,47.28977],[6.91607,47.28734],[6.90751,47.28538],[6.9034,47.28368],[6.90418,47.282],[6.90217,47.28055],[6.89593,47.27875],[6.89679,47.27704],[6.89314,47.27674],[6.8948,47.27561],[6.89777,47.27165],[6.90331,47.27103],[6.90617,47.26892],[6.90498,47.26634],[6.91014,47.26711],[6.91076,47.26892],[6.91634,47.26743],[6.9187,47.26911],[6.92265,47.26823],[6.91874,47.26573],[6.91988,47.26495],[6.92471,47.26734],[6.9323,47.26926],[6.93444,47.27039],[6.93157,47.27188],[6.92971,47.27433],[6.92651,47.27296],[6.92416,47.27464],[6.92764,47.27909],[6.92803,47.28202],[6.93516,47.28432],[6.93718,47.28793],[6.94547,47.2893]]]},"properties":{"code_insee":"25238","population":161,"superficie_cadastrale":620,"nom_officiel":"Fessevillers","date_du_recensement":"2023-01-01Z","densite":26},"id":"commune.10289"},
{"type":"Feature","geometry":{"type":"Polygon","coordinates":[[[6.81678,47.54783],[6.81575,47.54886],[6.81261,47.55515],[6.80981,47.55751],[6.80709,47.56307],[6.80148,47.56249],[6.80018,47.55923],[6.7996,47.55421],[6.79729,47.54918],[6.79367,47.54758],[6.78925,47.54422],[6.78521,47.54335],[6.78428,47.54085],[6.78211,47.53964],[6.78287,47.53769],[6.78063,47.53665],[6.78453,47.53205],[6.78449,47.52996],[6.78615,47.52774],[6.78967,47.52525],[6.79145,47.523],[6.79743,47.52213],[6.80191,47.52056],[6.80497,47.52342],[6.80018,47.52604],[6.79977,47.52892],[6.80148,47.53099],[6.80467,47.53149],[6.80615,47.52942],[6.80846,47.53179],[6.81236,47.53447],[6.81452,47.54263],[6.81673,47.54481],[6.81678,47.54783]]]},"properties":{"code_insee":"25057","population":5308,"superficie_cadastrale":650,"nom_officiel":"Bethoncourt","date_du_recensement":"2023-01-01Z","densite":816.6},"id":"commune.10339"},
{"type":"Feature","geometry":{"type":"Polygon","coordinates":[[[6.37094,47.23226],[6.37282,47.23702],[6.37145,47.24326],[6.37175,47.25066],[6.37,47.2517],[6.3658,47.25121],[6.35947,47.25274],[6.35425,47.25286],[6.3542,47.25555],[6.3504,47.25534],[6.3477,47.25557],[6.34609,47.24871],[6.344,47.24772],[6.33705,47.24938],[6.33564,47.25093],[6.3308,47.24991],[6.33378,47.24795],[6.34437,47.24555],[6.34267,47.24229],[6.34117,47.24156],[6.33911,47.23773],[6.33929,47.23415],[6.33675,47.23115],[6.33035,47.22521],[6.32972,47.22298],[6.32413,47.21792],[6.33068,47.21536],[6.33574,47.21491],[6.33853,47.21381],[6.33984,47.21638],[6.34984,47.22126],[6.35311,47.22521],[6.3558,47.2264],[6.35835,47.22575],[6.36009,47.22753],[6.36084,47.23013],[6.36404,47.23397],[6.37094,47.23226]]]},"properties":{"code_insee":"25141","population":124,"superficie_cadastrale":840,"nom_officiel":"Chaux-lès-Passavant","date_du_recensement":"2023-01-01Z","densite":14.8},"id":"commune.10388"},
{"type":"Feature","geometry":{"type":"Polygon","coordinates":[[[6.24637,46.81842],[6.24276,46.81879],[6.23812,46.81696],[6.23116,46.82047],[6.22809,46.81762],[6.22165,46.81048],[6.22055,46.80613],[6.2187,46.80315],[6.21553,46.79997],[6.20908,46.78974],[6.19566,46.78003],[6.19964,46.77704],[6.20326,46.77279],[6.22338,46.78179],[6.22884,46.77918],[6.23657,46.78299],[6.24032,46.78606],[6.24084,46.78757],[6.24561,46.79073],[6.24812,46.7935],[6.25377,46.79623],[6.25824,46.79919],[6.265,46.8071],[6.26361,46.80785],[6.26784,46.81186],[6.27137,46.81945],[6.26758,46.81941],[6.26418,46.8213],[6.2605,46.82145],[6.25789,46.81925],[6.25496,46.81764],[6.25127,46.8173],[6.24637,46.81842]]]},"properties":{"code_insee":"25592","population":689,"superficie_cadastrale":1400,"nom_officiel":"Vaux-et-Chantegrue","date_du_recensement":"2023-01-01Z","densite":49.2},"id":"commune.10422"},
{"type":"Feature","geometry":{"type":"Polygon","coordinates":[[[5.8096,47.04655],[5.81461,47.04647],[5.81525,47.04365],[5.81818,47.04071],[5.81781,47.03853],[5.8161,47.03757],[5.81456,47.03382],[5.81604,47.03066],[5.81572,47.02131],[5.81373,47.01743],[5.82391,47.0155],[5.82878,47.01215],[5.83638,47.01308],[5.83957,47.01545],[5.84134,47.01875],[5.84194,47.02164],[5.84166,47.02743],[5.84287,47.03032],[5.84306,47.03465],[5.8424,47.03853],[5.84314,47.04157],[5.8423,47.04347],[5.84237,47.04717],[5.83512,47.04502],[5.83327,47.04584],[5.83176,47.04905],[5.82555,47.05211],[5.82171,47.05244],[5.81783,47.0514],[5.81689,47.05236],[5.81288,47.05287],[5.8082,47.0498],[5.80669,47.04713],[5.8096,47.04655]]]},"properties":{"code_insee":"25098","population":187,"superficie_cadastrale":810,"nom_officiel":"Buffard","date_du_recensement":"2023-01-01Z","densite":23.1},"id":"commune.10445"},
{"type":"Feature","geometry":{"type":"Polygon","coordinates":[[[6.30732,47.25913],[6.30417,47.25994],[6.29437,47.25525],[6.28979,47.25149],[6.29968,47.24771],[6.30551,47.24581],[6.30771,47.24691],[6.31079,47.24607],[6.31536,47.24336],[6.32007,47.2433],[6.32126,47.24502],[6.32453,47.2462],[6.32684,47.24895],[6.32826,47.25205],[6.32609,47.25222],[6.32498,47.25501],[6.32177,47.25453],[6.31929,47.25574],[6.32051,47.25842],[6.31887,47.25921],[6.31347,47.25836],[6.31071,47.25725],[6.30732,47.25913]]]},"properties":{"code_insee":"25166","population":76,"superficie_cadastrale":320,"nom_officiel":"Côtebrune","date_du_recensement":"2023-01-01Z","densite":23.8},"id":"commune.10519"},
{"type":"Feature","geometry":{"type":"Polygon","coordinates":[[[6.24993,47.0015],[6.25634,47.00699],[6.25739,47.00996],[6.25159,47.01465],[6.2487,47.01479],[6.24447,47.01451],[6.23974,47.01277],[6.23004,47.01102],[6.22042,47.01088],[6.2151,47.00887],[6.21092,47.00763],[6.20753,47.00511],[6.20328,47.00387],[6.18864,47.00153],[6.19364,46.99604],[6.1965,46.99704],[6.19737,46.99458],[6.1947,46.9927],[6.19682,46.99013],[6.19556,46.98737],[6.19781,46.98532],[6.20175,46.9835],[6.2045,46.9811],[6.20263,46.97972],[6.20531,46.97643],[6.21633,46.97455],[6.21401,46.97214],[6.21326,46.96706],[6.21103,46.96268],[6.21212,46.96203],[6.22,46.97241],[6.22154,46.97563],[6.22672,46.9811],[6.23847,46.98822],[6.23782,46.98959],[6.24245,46.99393],[6.24186,46.99526],[6.24562,46.99763],[6.24993,47.0015]]]},"properties":{"code_insee":"25229","population":387,"superficie_cadastrale":1300,"nom_officiel":"Évillers","date_du_recensement":"2023-01-01Z","densite":29.8},"id":"commune.10538"},
{"type":"Feature","geometry":{"type":"Polygon","coordinates":[[[5.9586,47.23555],[5.95095,47.24311],[5.95041,47.24502],[5.94767,47.24551],[5.94335,47.24784],[5.94009,47.24828],[5.93699,47.25001],[5.93269,47.24896],[5.92791,47.25011],[5.92451,47.24907],[5.92215,47.2462],[5.91907,47.24729],[5.91674,47.24535],[5.91306,47.24687],[5.91193,47.24852],[5.90717,47.24472],[5.90753,47.24362],[5.90483,47.24004],[5.90903,47.23835],[5.9123,47.24006],[5.91444,47.23842],[5.91702,47.23954],[5.91861,47.23766],[5.922,47.23886],[5.92918,47.23517],[5.9342,47.23315],[5.93451,47.2315],[5.94524,47.23023],[5.95203,47.2263],[5.95183,47.22822],[5.95399,47.23232],[5.9586,47.23555]]]},"properties":{"code_insee":"25542","population":2004,"superficie_cadastrale":520,"nom_officiel":"Serre-les-Sapins","date_du_recensement":"2023-01-01Z","densite":385.4},"id":"commune.10540"},
{"type":"Feature","geometry":{"type":"Polygon","coordinates":[[[6.26314,46.69256],[6.25983,46.69058],[6.25616,46.69504],[6.25184,46.69865],[6.25006,46.702],[6.25066,46.70509],[6.24763,46.70643],[6.24319,46.70722],[6.23959,46.70921],[6.23566,46.7128],[6.22845,46.72185],[6.22503,46.72544],[6.22517,46.72712],[6.22838,46.72775],[6.22928,46.72908],[6.22707,46.73129],[6.22824,46.73363],[6.2252,46.73459],[6.22245,46.73347],[6.20861,46.73971],[6.20292,46.7354],[6.1997,46.73447],[6.199,46.7332],[6.19119,46.72657],[6.1917,46.72572],[6.19895,46.7227],[6.20369,46.72423],[6.20524,46.72392],[6.21151,46.71721],[6.21417,46.71978],[6.21801,46.71955],[6.22165,46.72062],[6.22201,46.71908],[6.22451,46.71798],[6.22794,46.71333],[6.22546,46.71047],[6.22715,46.70584],[6.22571,46.7041],[6.2252,46.70084],[6.22342,46.69949],[6.22298,46.69396],[6.23042,46.68863],[6.23847,46.68413],[6.24204,46.68283],[6.24309,46.67935],[6.25045,46.67516],[6.25726,46.66979],[6.26726,46.67621],[6.26913,46.68255],[6.2705,46.68318],[6.26314,46.69256]]]},"properties":{"code_insee":"25534","population":197,"superficie_cadastrale":1320,"nom_officiel":"Sarrageois","date_du_recensement":"2023-01-01Z","densite":14.9},"id":"commune.10717"},
{"type":"Feature","geometry":{"type":"Polygon","coordinates":[[[6.29336,47.38227],[6.28551,47.38254],[6.28213,47.38689],[6.28099,47.3895],[6.2768,47.3904],[6.27098,47.38931],[6.26942,47.38512],[6.26696,47.38259],[6.26388,47.3771],[6.26122,47.37448],[6.25777,47.36953],[6.26384,47.37033],[6.26872,47.36937],[6.27054,47.36805],[6.27584,47.36865],[6.27722,47.36778],[6.28893,47.3702],[6.29202,47.37196],[6.29353,47.37867],[6.29336,47.38227]]]},"properties":{"code_insee":"25092","population":74,"superficie_cadastrale":420,"nom_officiel":"La Bretenière","date_du_recensement":"2023-01-01Z","densite":17.6},"id":"commune.10819"},
{"type":"Feature","geometry":{"type":"Polygon","coordinates":[[[6.43909,47.41543],[6.44435,47.41898],[6.44494,47.42761],[6.44016,47.42956],[6.44044,47.43076],[6.42975,47.4339],[6.42659,47.43583],[6.42424,47.43579],[6.42057,47.43347],[6.41665,47.43307],[6.41492,47.43188],[6.40783,47.43041],[6.4055,47.43085],[6.40153,47.42902],[6.40032,47.42668],[6.39653,47.42188],[6.39939,47.41961],[6.40399,47.41888],[6.40495,47.41516],[6.41009,47.41303],[6.40988,47.40998],[6.41544,47.40546],[6.4246,47.40566],[6.42682,47.40356],[6.43152,47.40436],[6.43104,47.40753],[6.43152,47.41068],[6.43486,47.41342],[6.43909,47.41543]]]},"properties":{"code_insee":"25613","population":86,"superficie_cadastrale":790,"nom_officiel":"Viéthorey","date_du_recensement":"2023-01-01Z","densite":10.9},"id":"commune.10928"},
{"type":"Feature","geometry":{"type":"Polygon","coordinates":[[[5.8621,47.06751],[5.85935,47.06594],[5.85789,47.06371],[5.8577,47.05825],[5.85646,47.05433],[5.85625,47.04936],[5.86266,47.0483],[5.86309,47.04693],[5.87002,47.0469],[5.87006,47.04876],[5.86884,47.06046],[5.87031,47.06373],[5.87281,47.06345],[5.86964,47.06598],[5.87085,47.06903],[5.86738,47.07001],[5.8621,47.06751]]]},"properties":{"code_insee":"25090","population":78,"superficie_cadastrale":210,"nom_officiel":"Brères","date_du_recensement":"2023-01-01Z","densite":37.1},"id":"commune.10962"},
{"type":"Feature","geometry":{"type":"Polygon","coordinates":[[[6.24927,47.32712],[6.24711,47.32491],[6.24266,47.32444],[6.23318,47.32508],[6.22934,47.32631],[6.2224,47.32726],[6.21554,47.32568],[6.21654,47.32301],[6.21461,47.31854],[6.20342,47.31394],[6.20226,47.30872],[6.20309,47.30551],[6.20833,47.30646],[6.21301,47.30643],[6.2165,47.30646],[6.222,47.30749],[6.23136,47.30828],[6.23119,47.30684],[6.23661,47.30629],[6.23985,47.30808],[6.25367,47.31005],[6.25342,47.31289],[6.25726,47.31569],[6.26218,47.31692],[6.26408,47.3201],[6.26767,47.32349],[6.26996,47.32424],[6.26731,47.3298],[6.26448,47.33007],[6.26178,47.33206],[6.26021,47.32977],[6.24927,47.32712]]]},"properties":{"code_insee":"25508","population":1125,"superficie_cadastrale":830,"nom_officiel":"Roulans","date_du_recensement":"2023-01-01Z","densite":135.5},"id":"commune.11031"},
{"type":"Feature","geometry":{"type":"Polygon","coordinates":[[[6.67098,47.11964],[6.67471,47.11927],[6.68063,47.12086],[6.6774,47.12263],[6.67884,47.12429],[6.67821,47.12798],[6.68374,47.1307],[6.68416,47.1343],[6.68594,47.1367],[6.69,47.13728],[6.69399,47.13938],[6.70005,47.14136],[6.68897,47.14934],[6.68568,47.15134],[6.67499,47.15595],[6.67184,47.15611],[6.67103,47.15476],[6.66847,47.15031],[6.66356,47.14413],[6.66347,47.14229],[6.66019,47.13718],[6.65686,47.1348],[6.65362,47.1335],[6.65244,47.13038],[6.6503,47.12559],[6.65532,47.12172],[6.65685,47.11963],[6.66131,47.1209],[6.66509,47.11917],[6.67098,47.11964]]]},"properties":{"code_insee":"25062","population":305,"superficie_cadastrale":780,"nom_officiel":"Le Bizot","date_du_recensement":"2023-01-01Z","densite":39.1},"id":"commune.11476"},
{"type":"Feature","geometry":{"type":"Polygon","coordinates":[[[5.90932,47.13927],[5.9073,47.13555],[5.90383,47.13091],[5.90232,47.12711],[5.89756,47.12065],[5.88512,47.10857],[5.89158,47.10284],[5.89384,47.10416],[5.90019,47.10445],[5.90508,47.10693],[5.90854,47.10752],[5.91099,47.10905],[5.91327,47.11192],[5.91288,47.11823],[5.91377,47.12054],[5.92226,47.12438],[5.92389,47.12638],[5.92257,47.13026],[5.93125,47.13538],[5.93426,47.13828],[5.93497,47.14091],[5.92683,47.14328],[5.91822,47.13728],[5.91673,47.1358],[5.91239,47.13837],[5.90932,47.13927]]]},"properties":{"code_insee":"25154","population":249,"superficie_cadastrale":640,"nom_officiel":"Chouzelot","date_du_recensement":"2023-01-01Z","densite":38.9},"id":"commune.11559"},
{"type":"Feature","geometry":{"type":"Polygon","coordinates":[[[5.88485,47.15525],[5.88325,47.15523],[5.87581,47.16103],[5.87085,47.16693],[5.86539,47.16951],[5.86331,47.17188],[5.86011,47.17071],[5.85865,47.1722],[5.8661,47.17727],[5.86333,47.17916],[5.85908,47.18149],[5.85688,47.18092],[5.85047,47.17729],[5.84746,47.17408],[5.84244,47.17132],[5.83857,47.1699],[5.83637,47.16668],[5.84674,47.1651],[5.8502,47.16345],[5.85466,47.15824],[5.85502,47.15298],[5.85039,47.14719],[5.84785,47.14511],[5.8412,47.14223],[5.84053,47.13878],[5.83745,47.13496],[5.83738,47.13324],[5.8406,47.13219],[5.84357,47.1316],[5.85178,47.13179],[5.85862,47.13423],[5.86585,47.13866],[5.87088,47.14026],[5.88072,47.14055],[5.8847,47.14142],[5.88801,47.14375],[5.88565,47.14754],[5.88485,47.15525]]]},"properties":{"code_insee":"25438","population":961,"superficie_cadastrale":1070,"nom_officiel":"Osselle-Routelle","date_du_recensement":"2023-01-01Z","densite":89.8},"id":"commune.11581"},
{"type":"Feature","geometry":{"type":"Polygon","coordinates":[[[6.26718,47.27581],[6.26761,47.27783],[6.26499,47.27936],[6.26238,47.28217],[6.26246,47.28453],[6.25982,47.28518],[6.25869,47.29087],[6.25719,47.29484],[6.25988,47.30043],[6.26634,47.30235],[6.26367,47.30685],[6.25719,47.3056],[6.25209,47.30317],[6.25106,47.30382],[6.24531,47.30205],[6.24413,47.30388],[6.24136,47.30344],[6.2376,47.30574],[6.23602,47.30267],[6.23625,47.29831],[6.24015,47.29702],[6.2396,47.29461],[6.23225,47.29164],[6.22598,47.29133],[6.22388,47.29275],[6.22155,47.29237],[6.21661,47.29297],[6.21363,47.29023],[6.21597,47.28883],[6.2183,47.28604],[6.21754,47.28513],[6.21831,47.28086],[6.21945,47.27963],[6.22471,47.28138],[6.22713,47.27834],[6.22971,47.2771],[6.23606,47.27764],[6.23635,47.27596],[6.24257,47.27493],[6.24277,47.27617],[6.24723,47.27667],[6.24941,47.27515],[6.25235,47.27672],[6.25688,47.27621],[6.25886,47.27254],[6.26201,47.27023],[6.26463,47.27136],[6.26718,47.27581]]]},"properties":{"code_insee":"25116","population":253,"superficie_cadastrale":820,"nom_officiel":"Champlive","date_du_recensement":"2023-01-01Z","densite":30.9},"id":"commune.11656"},
{"type":"Feature","geometry":{"type":"Polygon","coordinates":[[[6.52077,47.16042],[6.52341,47.15859],[6.52724,47.15924],[6.53102,47.16325],[6.53521,47.16545],[6.53872,47.16976],[6.54184,47.17245],[6.54985,47.17557],[6.55235,47.17785],[6.55466,47.1817],[6.55645,47.18025],[6.55791,47.18183],[6.56436,47.18403],[6.56767,47.18647],[6.5725,47.1879],[6.57755,47.19002],[6.58112,47.19447],[6.58859,47.1984],[6.59393,47.19813],[6.59597,47.19664],[6.59928,47.19587],[6.60967,47.19741],[6.60704,47.20018],[6.60241,47.19947],[6.60086,47.19929],[6.59606,47.20107],[6.585,47.20135],[6.5787,47.19786],[6.57252,47.19771],[6.56571,47.19699],[6.55873,47.1988],[6.55153,47.19938],[6.54965,47.2007],[6.54671,47.19747],[6.54417,47.19696],[6.54074,47.19428],[6.53728,47.18924],[6.53345,47.18893],[6.52869,47.18702],[6.52051,47.1875],[6.51611,47.18537],[6.51747,47.18182],[6.51526,47.17899],[6.5186,47.17512],[6.51669,47.17461],[6.51803,47.17124],[6.51693,47.1701],[6.52234,47.16494],[6.52345,47.16247],[6.52077,47.16042]]]},"properties":{"code_insee":"25457","population":113,"superficie_cadastrale":1080,"nom_officiel":"Plaimbois-Vennes","date_du_recensement":"2023-01-01Z","densite":10.5},"id":"commune.11695"},
{"type":"Feature","geometry":{"type":"Polygon","coordinates":[[[6.07617,47.31638],[6.08978,47.3203],[6.09726,47.32332],[6.10259,47.32623],[6.10536,47.32929],[6.1102,47.33294],[6.11167,47.33568],[6.1068,47.33727],[6.10397,47.33933],[6.10054,47.33899],[6.09618,47.3442],[6.09368,47.34814],[6.09333,47.35131],[6.09551,47.35258],[6.0886,47.357],[6.09282,47.35811],[6.09149,47.3597],[6.09002,47.36071],[6.08743,47.35902],[6.08224,47.36075],[6.08198,47.35745],[6.07988,47.35392],[6.07586,47.35393],[6.07452,47.3512],[6.06791,47.34938],[6.06344,47.34974],[6.0574,47.34956],[6.05827,47.34764],[6.06449,47.34834],[6.06726,47.34539],[6.06912,47.34072],[6.06815,47.33905],[6.07037,47.33703],[6.07508,47.33111],[6.07314,47.32942],[6.07427,47.32521],[6.07413,47.32286],[6.06811,47.32141],[6.06897,47.31745],[6.07294,47.31168],[6.07617,47.31638]]]},"properties":{"code_insee":"25612","population":664,"superficie_cadastrale":940,"nom_officiel":"Vieilley","date_du_recensement":"2023-01-01Z","densite":70.6},"id":"commune.11732"},
{"type":"Feature","geometry":{"type":"Polygon","coordinates":[[[5.85519,47.09667],[5.85716,47.10094],[5.86154,47.10461],[5.86773,47.1088],[5.86951,47.11259],[5.86687,47.11401],[5.86816,47.11774],[5.86993,47.11713],[5.87273,47.12294],[5.8674,47.1257],[5.8618,47.12664],[5.85922,47.12913],[5.85492,47.12892],[5.85178,47.13179],[5.84357,47.1316],[5.8406,47.13219],[5.84078,47.12954],[5.83741,47.12745],[5.83463,47.12443],[5.83088,47.11876],[5.82972,47.11578],[5.82599,47.1119],[5.8238,47.11081],[5.82755,47.10976],[5.83778,47.10446],[5.83522,47.10206],[5.82952,47.09854],[5.82933,47.09698],[5.82563,47.09447],[5.82656,47.09339],[5.82458,47.08824],[5.83087,47.08994],[5.83515,47.09184],[5.84312,47.09578],[5.8462,47.0964],[5.84882,47.09974],[5.85519,47.09667]]]},"properties":{"code_insee":"25105","population":613,"superficie_cadastrale":990,"nom_officiel":"Byans-sur-Doubs","date_du_recensement":"2023-01-01Z","densite":61.9},"id":"commune.11842"},
{"type":"Feature","geometry":{"type":"Polygon","coordinates":[[[6.8081,47.45722],[6.80877,47.45522],[6.81313,47.45319],[6.81145,47.45159],[6.81206,47.45004],[6.8181,47.44702],[6.82079,47.44664],[6.83666,47.45008],[6.83832,47.44332],[6.84137,47.44391],[6.84139,47.4459],[6.84482,47.44814],[6.84648,47.45466],[6.84534,47.45899],[6.84203,47.46075],[6.8423,47.46258],[6.84248,47.46509],[6.8389,47.4694],[6.83775,47.47253],[6.83626,47.47983],[6.83777,47.4829],[6.8341,47.48484],[6.82504,47.48491],[6.82527,47.48335],[6.81891,47.48138],[6.81442,47.48187],[6.81386,47.47722],[6.80953,47.47755],[6.80222,47.46298],[6.80761,47.46079],[6.80927,47.45924],[6.8081,47.45722]]]},"properties":{"code_insee":"25580","population":10501,"superficie_cadastrale":970,"nom_officiel":"Valentigney","date_du_recensement":"2023-01-01Z","densite":1082.6},"id":"commune.11934"},
{"type":"Feature","geometry":{"type":"Polygon","coordinates":[[[6.19464,47.1351],[6.19059,47.13948],[6.18942,47.13934],[6.18259,47.13878],[6.17655,47.13774],[6.17477,47.14191],[6.1708,47.14583],[6.16654,47.14332],[6.16259,47.1421],[6.15835,47.13885],[6.15819,47.13755],[6.1522,47.13531],[6.15107,47.13388],[6.14555,47.13386],[6.14485,47.13486],[6.13777,47.13464],[6.13427,47.13386],[6.13121,47.1321],[6.12861,47.13062],[6.12466,47.12563],[6.12264,47.12038],[6.117,47.11512],[6.11301,47.10996],[6.11209,47.10641],[6.11351,47.10559],[6.11412,47.10293],[6.11832,47.10387],[6.12262,47.0976],[6.12311,47.09517],[6.13129,47.09524],[6.13024,47.09203],[6.12374,47.08797],[6.12268,47.08428],[6.12063,47.08259],[6.12189,47.08027],[6.12519,47.0804],[6.12441,47.07486],[6.12598,47.07004],[6.12483,47.06498],[6.12564,47.06364],[6.1238,47.06014],[6.12239,47.0592],[6.12094,47.05729],[6.12167,47.05426],[6.12179,47.05577],[6.12441,47.05845],[6.1287,47.05493],[6.12612,47.05916],[6.12723,47.0616],[6.12981,47.06127],[6.13987,47.06306],[6.14681,47.0648],[6.15597,47.06381],[6.15605,47.06183],[6.15969,47.05742],[6.17003,47.06364],[6.17248,47.0611],[6.17494,47.06078],[6.17807,47.05893],[6.17912,47.06166],[6.17584,47.06673],[6.17702,47.06973],[6.17237,47.07591],[6.17401,47.08046],[6.17688,47.08548],[6.17511,47.0872],[6.17677,47.08907],[6.17373,47.09076],[6.17167,47.09293],[6.17236,47.0955],[6.17561,47.09645],[6.17472,47.09934],[6.17714,47.10279],[6.1818,47.10586],[6.18464,47.109],[6.1804,47.11113],[6.17864,47.1137],[6.17954,47.11521],[6.18339,47.11681],[6.18534,47.1199],[6.18368,47.12046],[6.18665,47.12416],[6.18309,47.12753],[6.17916,47.13041],[6.18173,47.13311],[6.18825,47.13558],[6.19149,47.13605],[6.19464,47.1351]]]},"properties":{"code_insee":"25434","population":4419,"superficie_cadastrale":3570,"nom_officiel":"Ornans","date_du_recensement":"2023-01-01Z","densite":123.8},"id":"commune.11994"},
{"type":"Feature","geometry":{"type":"Polygon","coordinates":[[[6.44767,47.27138],[6.44847,47.2728],[6.45322,47.27347],[6.46012,47.27555],[6.46974,47.27752],[6.47556,47.27941],[6.47274,47.28128],[6.47025,47.28458],[6.47243,47.28558],[6.46915,47.2921],[6.45608,47.30134],[6.45655,47.30398],[6.45349,47.30485],[6.45014,47.30844],[6.44698,47.31387],[6.44428,47.31495],[6.43812,47.31058],[6.43729,47.31088],[6.43169,47.30817],[6.43006,47.30862],[6.4259,47.30664],[6.42375,47.3034],[6.41913,47.30463],[6.41771,47.30166],[6.42283,47.30071],[6.42233,47.2992],[6.43035,47.29071],[6.43748,47.28669],[6.44173,47.2782],[6.44326,47.27148],[6.44767,47.27138]]]},"properties":{"code_insee":"25324","population":163,"superficie_cadastrale":1010,"nom_officiel":"Lanans","date_du_recensement":"2023-01-01Z","densite":16.1},"id":"commune.12005"},
{"type":"Feature","geometry":{"type":"Polygon","coordinates":[[[6.55391,47.49045],[6.55343,47.49287],[6.54767,47.49441],[6.54713,47.49826],[6.54475,47.50049],[6.54285,47.50045],[6.53858,47.50335],[6.53514,47.50493],[6.53213,47.50492],[6.53044,47.50059],[6.52376,47.4987],[6.52242,47.49726],[6.52331,47.49254],[6.52152,47.49094],[6.52127,47.48775],[6.51825,47.48232],[6.51843,47.48029],[6.51619,47.47631],[6.52035,47.47513],[6.52201,47.47845],[6.52813,47.4787],[6.53524,47.4804],[6.53836,47.48191],[6.54312,47.4821],[6.54966,47.48446],[6.55414,47.48689],[6.55391,47.49045]]]},"properties":{"code_insee":"25005","population":87,"superficie_cadastrale":520,"nom_officiel":"Accolans","date_du_recensement":"2023-01-01Z","densite":16.7},"id":"commune.12073"},
{"type":"Feature","geometry":{"type":"Polygon","coordinates":[[[5.86626,47.28733],[5.85778,47.2825],[5.85234,47.27933],[5.85152,47.27731],[5.84774,47.27568],[5.8461,47.27401],[5.84833,47.27283],[5.84775,47.26995],[5.85039,47.26757],[5.8555,47.26621],[5.86063,47.26288],[5.86224,47.26279],[5.86498,47.26393],[5.87392,47.26414],[5.87673,47.26286],[5.8808,47.26232],[5.88201,47.26074],[5.88602,47.26231],[5.8913,47.26633],[5.89298,47.26866],[5.89412,47.27006],[5.89345,47.2715],[5.88442,47.28043],[5.88065,47.28208],[5.87583,47.28604],[5.87064,47.28776],[5.86626,47.28733]]]},"properties":{"code_insee":"25427","population":405,"superficie_cadastrale":670,"nom_officiel":"Noironte","date_du_recensement":"2023-01-01Z","densite":60.4},"id":"commune.12135"},
{"type":"Feature","geometry":{"type":"Polygon","coordinates":[[[6.62868,47.49043],[6.62265,47.48956],[6.62164,47.48575],[6.62157,47.48228],[6.62917,47.48298],[6.63332,47.48201],[6.64009,47.48205],[6.6472,47.48347],[6.64925,47.487],[6.64551,47.49106],[6.64371,47.49159],[6.63608,47.49067],[6.63462,47.49145],[6.62868,47.49043]]]},"properties":{"code_insee":"25093","population":74,"superficie_cadastrale":180,"nom_officiel":"Bretigney","date_du_recensement":"2023-01-01Z","densite":41.1},"id":"commune.12137"},
{"type":"Feature","geometry":{"type":"Polygon","coordinates":[[[6.44481,46.93338],[6.44651,46.93407],[6.45353,46.93874],[6.46034,46.94383],[6.46226,46.94714],[6.46521,46.94929],[6.4664,46.9512],[6.46946,46.95317],[6.47271,46.95692],[6.46812,46.95987],[6.46386,46.95863],[6.45208,46.95768],[6.44707,46.95602],[6.44496,46.95684],[6.44093,46.95634],[6.43666,46.95503],[6.43294,46.95625],[6.42888,46.95463],[6.42622,46.95613],[6.42442,46.95487],[6.42903,46.94857],[6.43344,46.9436],[6.43618,46.9441],[6.4384,46.94029],[6.44481,46.93338]]]},"properties":{"code_insee":"25012","population":172,"superficie_cadastrale":530,"nom_officiel":"Les Alliés","date_du_recensement":"2023-01-01Z","densite":32.5},"id":"commune.12326"},
{"type":"Feature","geometry":{"type":"Polygon","coordinates":[[[6.34063,46.99348],[6.34294,46.99693],[6.34387,47.00017],[6.34142,47.0021],[6.3451,47.00289],[6.34789,47.00484],[6.36335,47.01175],[6.37679,47.01772],[6.37591,47.02021],[6.37455,47.02012],[6.36324,47.01495],[6.36317,47.01354],[6.35393,47.0096],[6.34827,47.00678],[6.34635,47.00791],[6.33618,47.00603],[6.33235,47.00786],[6.32875,47.00866],[6.32724,47.007],[6.32323,47.00887],[6.31942,47.00928],[6.3097,47.01179],[6.30537,47.01324],[6.30758,47.01589],[6.30639,47.017],[6.30105,47.01875],[6.29873,47.01862],[6.29448,47.01448],[6.28959,47.01601],[6.28814,47.01366],[6.2875,47.01027],[6.2823,47.00918],[6.27337,47.00827],[6.26906,47.0084],[6.26279,47.01066],[6.26007,47.013],[6.25739,47.00996],[6.25634,47.00699],[6.24993,47.0015],[6.25387,47.00014],[6.26059,46.99943],[6.26591,46.99388],[6.269,46.99493],[6.27315,46.99121],[6.27833,46.98869],[6.28822,46.98701],[6.29497,46.98533],[6.30114,46.98528],[6.30665,46.98859],[6.31008,46.98773],[6.31812,46.98977],[6.32678,46.99133],[6.33481,46.99333],[6.33818,46.99211],[6.34063,46.99348]]]},"properties":{"code_insee":"25440","population":398,"superficie_cadastrale":1580,"nom_officiel":"Ouhans","date_du_recensement":"2023-01-01Z","densite":25.2},"id":"commune.12328"},
{"type":"Feature","geometry":{"type":"Polygon","coordinates":[[[6.77963,47.5095],[6.78197,47.507],[6.78294,47.50005],[6.78893,47.50033],[6.78998,47.49695],[6.79209,47.49359],[6.79725,47.4928],[6.7995,47.49206],[6.8089,47.49288],[6.81723,47.49208],[6.82028,47.49063],[6.8223,47.49129],[6.82471,47.49294],[6.82274,47.49466],[6.82167,47.50203],[6.81955,47.50623],[6.82423,47.50841],[6.82021,47.50959],[6.81729,47.51454],[6.81856,47.51942],[6.81754,47.52244],[6.81133,47.52917],[6.80846,47.53179],[6.80615,47.52942],[6.80467,47.53149],[6.80148,47.53099],[6.79977,47.52892],[6.80018,47.52604],[6.80497,47.52342],[6.80191,47.52056],[6.79743,47.52213],[6.79145,47.523],[6.78967,47.52525],[6.78615,47.52774],[6.78449,47.52996],[6.78453,47.53205],[6.78063,47.53665],[6.77716,47.53756],[6.77274,47.53495],[6.77276,47.53765],[6.76713,47.53831],[6.76405,47.54015],[6.7582,47.54157],[6.7568,47.54102],[6.74969,47.54265],[6.74212,47.54289],[6.74526,47.53898],[6.74792,47.53679],[6.74981,47.53717],[6.75221,47.53612],[6.75339,47.53236],[6.76282,47.53214],[6.76626,47.53141],[6.76849,47.5269],[6.76861,47.52442],[6.76546,47.51788],[6.77116,47.51073],[6.77491,47.512],[6.77963,47.5095]]]},"properties":{"code_insee":"25388","population":24672,"superficie_cadastrale":1500,"nom_officiel":"Montbéliard","date_du_recensement":"2023-01-01Z","densite":1644.8},"id":"commune.12383"},
{"type":"Feature","geometry":{"type":"Polygon","coordinates":[[[5.95203,47.2263],[5.94524,47.23023],[5.93451,47.2315],[5.9342,47.23315],[5.92918,47.23517],[5.922,47.23886],[5.91861,47.23766],[5.91702,47.23954],[5.91444,47.23842],[5.9123,47.24006],[5.90903,47.23835],[5.90483,47.24004],[5.90345,47.2381],[5.90522,47.23682],[5.90015,47.23343],[5.90793,47.22948],[5.90696,47.22827],[5.90939,47.22667],[5.91526,47.2213],[5.91201,47.21373],[5.91238,47.20917],[5.92059,47.21216],[5.92346,47.21223],[5.93312,47.21099],[5.93332,47.21098],[5.93951,47.21394],[5.94088,47.21579],[5.94139,47.21714],[5.94886,47.22243],[5.95203,47.2263]]]},"properties":{"code_insee":"25258","population":2257,"superficie_cadastrale":730,"nom_officiel":"Franois","date_du_recensement":"2023-01-01Z","densite":309.2},"id":"commune.12411"},
{"type":"Feature","geometry":{"type":"Polygon","coordinates":[[[5.79644,47.19737],[5.79271,47.19713],[5.78702,47.19341],[5.78783,47.19287],[5.78517,47.18889],[5.78466,47.1859],[5.78712,47.18459],[5.78363,47.18182],[5.78752,47.1803],[5.78511,47.17817],[5.78834,47.17439],[5.78361,47.17234],[5.78583,47.1716],[5.78811,47.17306],[5.79317,47.17485],[5.79598,47.17336],[5.80465,47.17227],[5.80924,47.17053],[5.81184,47.16883],[5.81381,47.16766],[5.82076,47.16728],[5.82652,47.16502],[5.83309,47.16643],[5.83637,47.16668],[5.83857,47.1699],[5.84244,47.17132],[5.84746,47.17408],[5.85047,47.17729],[5.84837,47.17826],[5.85773,47.18387],[5.86066,47.18632],[5.85734,47.18907],[5.86951,47.19512],[5.86769,47.19876],[5.85616,47.19551],[5.85148,47.19391],[5.85261,47.19161],[5.84892,47.18745],[5.84819,47.1855],[5.84556,47.18541],[5.83815,47.19313],[5.82696,47.19653],[5.82826,47.19805],[5.82985,47.20302],[5.83425,47.20762],[5.82527,47.21142],[5.82126,47.21015],[5.81812,47.20834],[5.81167,47.20181],[5.80723,47.19835],[5.80644,47.19602],[5.80089,47.19723],[5.79644,47.19737]]]},"properties":{"code_insee":"25527","population":5133,"superficie_cadastrale":1640,"nom_officiel":"Saint-Vit","date_du_recensement":"2023-01-01Z","densite":313},"id":"commune.12541"},
{"type":"Feature","geometry":{"type":"Polygon","coordinates":[[[6.31767,46.81917],[6.32693,46.82848],[6.32977,46.83167],[6.3389,46.83648],[6.33451,46.84033],[6.32945,46.84162],[6.3231,46.84156],[6.31474,46.84559],[6.3074,46.843],[6.30766,46.84174],[6.30413,46.83962],[6.29818,46.83386],[6.30177,46.83195],[6.29914,46.82656],[6.29413,46.82245],[6.2953,46.82173],[6.29967,46.82424],[6.30295,46.8215],[6.30818,46.82017],[6.31767,46.81917]]]},"properties":{"code_insee":"25295","population":334,"superficie_cadastrale":540,"nom_officiel":"Les Grangettes","date_du_recensement":"2023-01-01Z","densite":61.9},"id":"commune.12545"},
{"type":"Feature","geometry":{"type":"Polygon","coordinates":[[[6.85807,47.43848],[6.85608,47.43659],[6.85715,47.43367],[6.85627,47.43059],[6.84949,47.42754],[6.84927,47.42497],[6.84774,47.42117],[6.84818,47.41868],[6.85522,47.41992],[6.85963,47.41938],[6.86714,47.4228],[6.86513,47.42648],[6.86846,47.4297],[6.86542,47.43138],[6.86622,47.43387],[6.86912,47.4368],[6.8692,47.43814],[6.86621,47.43946],[6.86317,47.4389],[6.85881,47.4398],[6.85807,47.43848]]]},"properties":{"code_insee":"25562","population":203,"superficie_cadastrale":220,"nom_officiel":"Thulay","date_du_recensement":"2023-01-01Z","densite":92.3},"id":"commune.12744"},
{"type":"Feature","geometry":{"type":"Polygon","coordinates":[[[5.85643,47.2534],[5.85273,47.25038],[5.85201,47.24842],[5.8523,47.24742],[5.8499,47.24315],[5.85166,47.24261],[5.85403,47.23621],[5.85602,47.23446],[5.85454,47.2332],[5.85601,47.23158],[5.86235,47.23242],[5.865,47.23101],[5.86744,47.23476],[5.87442,47.23911],[5.87616,47.24095],[5.87433,47.24215],[5.8791,47.24643],[5.88433,47.24711],[5.88781,47.24887],[5.88334,47.25285],[5.87563,47.25403],[5.87134,47.25263],[5.86678,47.25413],[5.86256,47.25118],[5.85969,47.25293],[5.85643,47.2534]]]},"properties":{"code_insee":"25371","population":218,"superficie_cadastrale":420,"nom_officiel":"Mazerolles-le-Salin","date_du_recensement":"2023-01-01Z","densite":51.9},"id":"commune.12909"},
{"type":"Feature","geometry":{"type":"Polygon","coordinates":[[[5.96916,47.05031],[5.97047,47.04852],[5.96653,47.04511],[5.9661,47.04315],[5.96964,47.04218],[5.96566,47.03766],[5.9634,47.03592],[5.96384,47.03526],[5.96968,47.0337],[5.97165,47.03871],[5.97542,47.04361],[5.97755,47.04327],[5.98106,47.04533],[5.99524,47.04229],[6.00002,47.04767],[6.00446,47.04727],[6.00791,47.04374],[6.00866,47.04532],[6.00588,47.0476],[6.00817,47.0488],[6.00729,47.05312],[6.01283,47.06018],[6.01989,47.06703],[6.02096,47.06752],[6.02063,47.06908],[6.01602,47.07084],[6.01223,47.07077],[6.00469,47.07059],[5.99925,47.06796],[5.99485,47.06887],[5.99423,47.07147],[5.99105,47.07311],[5.98688,47.07252],[5.99102,47.07012],[5.98973,47.06676],[5.99288,47.06465],[5.99071,47.06251],[5.99081,47.0605],[5.98725,47.06067],[5.98295,47.0597],[5.97931,47.0541],[5.97434,47.05222],[5.9714,47.0528],[5.96916,47.05031]]]},"properties":{"code_insee":"25338","population":87,"superficie_cadastrale":730,"nom_officiel":"Lizine","date_du_recensement":"2023-01-01Z","densite":11.9},"id":"commune.12930"},
{"type":"Feature","geometry":{"type":"Polygon","coordinates":[[[6.3817,47.33854],[6.37872,47.3391],[6.37136,47.33725],[6.36613,47.3368],[6.36446,47.33303],[6.35919,47.32993],[6.35903,47.32867],[6.35104,47.32728],[6.34953,47.32653],[6.34753,47.32384],[6.34287,47.32054],[6.3414,47.32026],[6.34595,47.31874],[6.35386,47.31714],[6.35867,47.31508],[6.36426,47.31457],[6.36976,47.31461],[6.37108,47.31546],[6.37023,47.31703],[6.37276,47.31992],[6.3767,47.32238],[6.37966,47.32295],[6.38502,47.32266],[6.38481,47.3329],[6.3817,47.33854]]]},"properties":{"code_insee":"25465","population":208,"superficie_cadastrale":500,"nom_officiel":"Pont-les-Moulins","date_du_recensement":"2023-01-01Z","densite":41.6},"id":"commune.12977"},
{"type":"Feature","geometry":{"type":"Polygon","coordinates":[[[5.9161,47.07602],[5.92431,47.07149],[5.92791,47.06525],[5.93237,47.06571],[5.93666,47.06865],[5.94174,47.06881],[5.94795,47.07245],[5.95451,47.07031],[5.95124,47.07736],[5.94907,47.07939],[5.95009,47.08147],[5.95218,47.08266],[5.95413,47.08609],[5.95298,47.08662],[5.94856,47.08427],[5.94352,47.08503],[5.93856,47.08478],[5.93157,47.09221],[5.92869,47.09291],[5.92815,47.0876],[5.92653,47.08591],[5.92258,47.08901],[5.91806,47.08951],[5.91537,47.08751],[5.91496,47.08415],[5.91345,47.07903],[5.9161,47.07602]]]},"properties":{"code_insee":"25283","population":61,"superficie_cadastrale":540,"nom_officiel":"Goux-sous-Landet","date_du_recensement":"2023-01-01Z","densite":11.3},"id":"commune.13016"},
{"type":"Feature","geometry":{"type":"Polygon","coordinates":[[[6.26112,47.33668],[6.26236,47.33846],[6.26099,47.34056],[6.26073,47.34394],[6.26227,47.3443],[6.2635,47.34731],[6.26099,47.35125],[6.25813,47.35083],[6.25412,47.35195],[6.2501,47.35092],[6.24594,47.3491],[6.24217,47.34612],[6.24023,47.3425],[6.24488,47.34168],[6.2453,47.33685],[6.25401,47.33763],[6.26112,47.33668]]]},"properties":{"code_insee":"25215","population":101,"superficie_cadastrale":220,"nom_officiel":"L'Écouvotte","date_du_recensement":"2023-01-01Z","densite":45.9},"id":"commune.13069"},
{"type":"Feature","geometry":{"type":"Polygon","coordinates":[[[6.05974,46.97879],[6.06764,46.9802],[6.07112,46.98395],[6.07547,46.98529],[6.08348,46.98589],[6.09264,46.98601],[6.0967,46.98445],[6.10085,46.98423],[6.1022,46.98714],[6.1067,46.98888],[6.10617,46.99132],[6.10397,46.99441],[6.1023,46.99505],[6.09799,46.99881],[6.09529,47.00023],[6.09556,47.00289],[6.09777,47.00583],[6.09629,47.01267],[6.09189,47.01408],[6.0852,47.0141],[6.08125,47.0135],[6.07497,47.01482],[6.07333,47.01728],[6.06908,47.01839],[6.06463,47.01786],[6.06254,47.01927],[6.05896,47.01716],[6.05384,47.01572],[6.04588,47.00867],[6.04672,47.0081],[6.04508,47.0029],[6.04598,47.00041],[6.04485,46.99792],[6.0455,46.9954],[6.04531,46.99311],[6.04715,46.9908],[6.04915,46.99051],[6.05288,46.9861],[6.05836,46.98143],[6.05974,46.97879]]]},"properties":{"code_insee":"25199","population":341,"superficie_cadastrale":1390,"nom_officiel":"Déservillers","date_du_recensement":"2023-01-01Z","densite":24.5},"id":"commune.13114"},
{"type":"Feature","geometry":{"type":"Polygon","coordinates":[[[6.56173,47.32299],[6.565,47.32883],[6.56672,47.33427],[6.57193,47.34111],[6.57181,47.34218],[6.57616,47.34946],[6.56679,47.35557],[6.56695,47.35606],[6.56014,47.35818],[6.55701,47.35656],[6.55533,47.35421],[6.55592,47.34904],[6.55512,47.34745],[6.55782,47.3436],[6.5564,47.34018],[6.55287,47.33949],[6.54954,47.34148],[6.54723,47.34088],[6.54155,47.33682],[6.54252,47.33448],[6.54603,47.33145],[6.54543,47.32969],[6.5481,47.32654],[6.5492,47.32403],[6.54732,47.32238],[6.55674,47.31784],[6.56173,47.32299]]]},"properties":{"code_insee":"25436","population":59,"superficie_cadastrale":550,"nom_officiel":"Orve","date_du_recensement":"2023-01-01Z","densite":10.7},"id":"commune.13121"},
{"type":"Feature","geometry":{"type":"Polygon","coordinates":[[[6.86797,47.3039],[6.86485,47.30126],[6.86365,47.29797],[6.86042,47.29661],[6.85699,47.29388],[6.8565,47.29207],[6.8582,47.29068],[6.85366,47.28897],[6.85462,47.28638],[6.85398,47.28419],[6.85657,47.27929],[6.85767,47.2741],[6.8537,47.27364],[6.85485,47.26953],[6.85092,47.26588],[6.85535,47.26043],[6.85879,47.26093],[6.86479,47.26348],[6.86459,47.26675],[6.86819,47.26832],[6.87323,47.26879],[6.87766,47.27041],[6.8787,47.27174],[6.88671,47.27496],[6.89018,47.27542],[6.89314,47.27674],[6.89679,47.27704],[6.89593,47.27875],[6.90217,47.28055],[6.90418,47.282],[6.9034,47.28368],[6.90751,47.28538],[6.90659,47.29168],[6.89398,47.28808],[6.8888,47.29382],[6.88509,47.29695],[6.88229,47.29814],[6.88205,47.30083],[6.87861,47.30418],[6.87501,47.30653],[6.87204,47.30484],[6.86797,47.3039]]]},"properties":{"code_insee":"25571","population":533,"superficie_cadastrale":1070,"nom_officiel":"Trévillers","date_du_recensement":"2023-01-01Z","densite":49.8},"id":"commune.13176"},
{"type":"Feature","geometry":{"type":"Polygon","coordinates":[[[6.26199,46.7384],[6.25986,46.74251],[6.26229,46.74394],[6.26339,46.7465],[6.26644,46.75021],[6.26293,46.75268],[6.25934,46.753],[6.25663,46.75606],[6.25319,46.75719],[6.24421,46.75676],[6.24385,46.75734],[6.23618,46.75608],[6.22765,46.75194],[6.22647,46.74906],[6.2222,46.74786],[6.21875,46.75002],[6.21155,46.74565],[6.2144,46.74188],[6.21958,46.73791],[6.22294,46.7362],[6.22616,46.73715],[6.22778,46.73632],[6.23019,46.73863],[6.23323,46.73988],[6.23324,46.74388],[6.23583,46.74523],[6.24076,46.74388],[6.24385,46.74027],[6.24965,46.73545],[6.25791,46.73878],[6.26013,46.73801],[6.26199,46.7384]]]},"properties":{"code_insee":"25096","population":188,"superficie_cadastrale":620,"nom_officiel":"Brey-et-Maison-du-Bois","date_du_recensement":"2023-01-01Z","densite":30.3},"id":"commune.13220"},
{"type":"Feature","geometry":{"type":"Polygon","coordinates":[[[6.54275,47.3124],[6.54015,47.31623],[6.5366,47.31654],[6.53295,47.31819],[6.52495,47.31709],[6.52365,47.32009],[6.51749,47.3203],[6.51866,47.31758],[6.51614,47.31571],[6.51597,47.31279],[6.51473,47.3115],[6.51776,47.30592],[6.51098,47.30391],[6.5159,47.29662],[6.519,47.29336],[6.52401,47.29055],[6.53181,47.28912],[6.53324,47.29394],[6.5276,47.29322],[6.52566,47.29609],[6.5217,47.2962],[6.51879,47.29967],[6.51817,47.30273],[6.52073,47.30308],[6.52251,47.30152],[6.52741,47.30153],[6.53329,47.30385],[6.53487,47.3022],[6.54296,47.30482],[6.5443,47.3086],[6.54275,47.3124]]]},"properties":{"code_insee":"25478","population":106,"superficie_cadastrale":440,"nom_officiel":"Randevillers","date_du_recensement":"2023-01-01Z","densite":24.1},"id":"commune.13239"},
{"type":"Feature","geometry":{"type":"Polygon","coordinates":[[[6.71376,47.3978],[6.71376,47.3943],[6.70351,47.3918],[6.70131,47.39096],[6.6954,47.39203],[6.69297,47.38896],[6.6991,47.38769],[6.69472,47.38605],[6.6912,47.38673],[6.68978,47.38185],[6.69231,47.3813],[6.69469,47.37646],[6.68977,47.37482],[6.68736,47.37232],[6.68593,47.36854],[6.68594,47.36352],[6.69135,47.36355],[6.69628,47.3621],[6.69768,47.35833],[6.70687,47.35957],[6.71021,47.35947],[6.70874,47.36256],[6.71719,47.36676],[6.72121,47.36945],[6.71777,47.37571],[6.72109,47.37595],[6.72384,47.38105],[6.73317,47.38765],[6.72689,47.38704],[6.72334,47.39015],[6.72469,47.39129],[6.72845,47.39158],[6.72884,47.39756],[6.73063,47.39977],[6.73834,47.40106],[6.73896,47.40357],[6.72766,47.4011],[6.72197,47.39794],[6.71376,47.3978]]]},"properties":{"code_insee":"25485","population":205,"superficie_cadastrale":920,"nom_officiel":"Rémondans-Vaivre","date_du_recensement":"2023-01-01Z","densite":22.3},"id":"commune.13241"},
{"type":"Feature","geometry":{"type":"Polygon","coordinates":[[[6.31058,46.85247],[6.31399,46.85039],[6.31474,46.84559],[6.3231,46.84156],[6.32945,46.84162],[6.33451,46.84033],[6.3389,46.83648],[6.34456,46.84011],[6.34669,46.83861],[6.34717,46.83639],[6.35135,46.83744],[6.35481,46.83754],[6.36166,46.83637],[6.36648,46.83923],[6.3674,46.84166],[6.36569,46.8436],[6.36703,46.84739],[6.3609,46.8473],[6.35432,46.84961],[6.361,46.85642],[6.35975,46.85938],[6.35695,46.86192],[6.35912,46.86536],[6.36343,46.86837],[6.36189,46.87029],[6.35607,46.86771],[6.34498,46.86376],[6.33898,46.86692],[6.33416,46.86636],[6.32977,46.86478],[6.32682,46.86238],[6.32046,46.85943],[6.3148,46.86307],[6.30537,46.85929],[6.30806,46.85701],[6.30866,46.8541],[6.31058,46.85247]]]},"properties":{"code_insee":"25442","population":709,"superficie_cadastrale":1040,"nom_officiel":"Oye-et-Pallet","date_du_recensement":"2023-01-01Z","densite":68.2},"id":"commune.13291"},
{"type":"Feature","geometry":{"type":"Polygon","coordinates":[[[6.8583,47.5205],[6.85642,47.52276],[6.85191,47.52402],[6.85187,47.52622],[6.84791,47.52615],[6.84754,47.52929],[6.84048,47.53333],[6.8372,47.53665],[6.83543,47.53608],[6.83747,47.53096],[6.83424,47.52739],[6.82921,47.52522],[6.82791,47.52212],[6.83287,47.52144],[6.8331,47.52071],[6.83897,47.51966],[6.84379,47.5154],[6.84306,47.51331],[6.84793,47.51429],[6.85264,47.516],[6.85425,47.51731],[6.85787,47.51694],[6.8583,47.5205]]]},"properties":{"code_insee":"25614","population":2786,"superficie_cadastrale":250,"nom_officiel":"Vieux-Charmont","date_du_recensement":"2023-01-01Z","densite":1114.4},"id":"commune.13303"},
{"type":"Feature","geometry":{"type":"Polygon","coordinates":[[[6.31577,47.4644],[6.31532,47.46819],[6.31986,47.46931],[6.32494,47.46905],[6.32859,47.47268],[6.32273,47.47408],[6.3174,47.47665],[6.31254,47.47969],[6.31031,47.48631],[6.31163,47.48829],[6.30917,47.49004],[6.3025,47.49153],[6.30293,47.48656],[6.29916,47.48322],[6.29929,47.47926],[6.30161,47.47394],[6.30075,47.46789],[6.29376,47.46581],[6.29266,47.46283],[6.2871,47.46099],[6.28533,47.45818],[6.28575,47.45592],[6.28278,47.45106],[6.28921,47.4477],[6.29368,47.44698],[6.29831,47.44547],[6.30708,47.45134],[6.31005,47.45444],[6.30966,47.45751],[6.30612,47.46159],[6.31024,47.46339],[6.31304,47.46316],[6.31577,47.4644]]]},"properties":{"code_insee":"25385","population":121,"superficie_cadastrale":660,"nom_officiel":"Montagney-Servigney","date_du_recensement":"2023-01-01Z","densite":18.3},"id":"commune.13323"},
{"type":"Feature","geometry":{"type":"Polygon","coordinates":[[[6.89314,47.27674],[6.89018,47.27542],[6.88671,47.27496],[6.8787,47.27174],[6.87766,47.27041],[6.87323,47.26879],[6.87449,47.26573],[6.87697,47.26465],[6.88148,47.26449],[6.88563,47.25985],[6.8912,47.26297],[6.89339,47.26173],[6.8955,47.26262],[6.89686,47.26541],[6.90335,47.26472],[6.90498,47.26634],[6.90617,47.26892],[6.90331,47.27103],[6.89777,47.27165],[6.8948,47.27561],[6.89314,47.27674]]]},"properties":{"code_insee":"25234","population":160,"superficie_cadastrale":250,"nom_officiel":"Ferrières-le-Lac","date_du_recensement":"2023-01-01Z","densite":64},"id":"commune.13449"},
{"type":"Feature","geometry":{"type":"Polygon","coordinates":[[[5.95176,47.11559],[5.95531,47.115],[5.95904,47.11353],[5.96128,47.11424],[5.95923,47.11752],[5.96004,47.11839],[5.96596,47.12083],[5.96805,47.12256],[5.96879,47.12521],[5.96804,47.13128],[5.96482,47.13302],[5.96236,47.13546],[5.95918,47.13685],[5.95569,47.13742],[5.94846,47.13753],[5.94707,47.13999],[5.94716,47.14273],[5.94295,47.14592],[5.93928,47.14691],[5.93599,47.14157],[5.93853,47.13934],[5.93799,47.13681],[5.93974,47.13544],[5.93725,47.13073],[5.93668,47.12742],[5.93859,47.12308],[5.93842,47.11608],[5.94479,47.11646],[5.94953,47.11527],[5.95176,47.11559]]]},"properties":{"code_insee":"25126","population":467,"superficie_cadastrale":570,"nom_officiel":"Charnay","date_du_recensement":"2023-01-01Z","densite":81.9},"id":"commune.13572"},
{"type":"Feature","geometry":{"type":"Polygon","coordinates":[[[6.36878,47.46564],[6.36951,47.4627],[6.37317,47.46261],[6.37693,47.46141],[6.37579,47.45982],[6.37237,47.45786],[6.37326,47.45642],[6.37873,47.45621],[6.38695,47.45393],[6.39188,47.45454],[6.39345,47.45474],[6.39659,47.45586],[6.39805,47.46021],[6.3973,47.46266],[6.39836,47.46582],[6.39454,47.46389],[6.38793,47.47117],[6.39085,47.47285],[6.38911,47.47624],[6.3843,47.47512],[6.38222,47.47378],[6.37725,47.47516],[6.37676,47.47814],[6.37451,47.47922],[6.36944,47.47815],[6.37255,47.47339],[6.37052,47.47071],[6.36878,47.46564]]]},"properties":{"code_insee":"25277","population":84,"superficie_cadastrale":390,"nom_officiel":"Gondenans-les-Moulins","date_du_recensement":"2023-01-01Z","densite":21.5},"id":"commune.13662"},
{"type":"Feature","geometry":{"type":"Polygon","coordinates":[[[6.36494,46.77747],[6.36569,46.78239],[6.36219,46.78824],[6.35814,46.79063],[6.35614,46.79988],[6.36096,46.80645],[6.36239,46.81092],[6.36444,46.81378],[6.36995,46.81767],[6.37028,46.81907],[6.36829,46.81865],[6.36621,46.81644],[6.36051,46.81293],[6.35703,46.81017],[6.35387,46.8092],[6.35001,46.8092],[6.35232,46.8061],[6.35132,46.80495],[6.34603,46.80242],[6.3428,46.79925],[6.33416,46.80185],[6.32936,46.79967],[6.32801,46.79922],[6.33491,46.79574],[6.33705,46.79682],[6.33916,46.79343],[6.34379,46.78957],[6.34841,46.78754],[6.34542,46.78296],[6.34558,46.77844],[6.34992,46.77878],[6.34897,46.77686],[6.3602,46.77785],[6.36494,46.77747]]]},"properties":{"code_insee":"25565","population":262,"superficie_cadastrale":470,"nom_officiel":"Touillon-et-Loutelet","date_du_recensement":"2023-01-01Z","densite":55.7},"id":"commune.13671"},
{"type":"Feature","geometry":{"type":"Polygon","coordinates":[[[6.88936,47.38748],[6.88879,47.3888],[6.88466,47.38982],[6.8902,47.39293],[6.89321,47.39292],[6.89632,47.39469],[6.9009,47.39493],[6.90457,47.39675],[6.90953,47.39619],[6.91549,47.39716],[6.91555,47.39914],[6.91731,47.40267],[6.91718,47.40535],[6.91702,47.40673],[6.91221,47.4074],[6.91255,47.41158],[6.91574,47.41509],[6.91366,47.41629],[6.90951,47.41545],[6.90297,47.41531],[6.90024,47.41293],[6.895,47.41216],[6.89096,47.41374],[6.88558,47.4147],[6.87997,47.41234],[6.87466,47.41256],[6.87186,47.41001],[6.87103,47.40565],[6.87853,47.39754],[6.881,47.39689],[6.88215,47.39447],[6.882,47.39033],[6.88111,47.38912],[6.88936,47.38748]]]},"properties":{"code_insee":"25274","population":339,"superficie_cadastrale":650,"nom_officiel":"Glay","date_du_recensement":"2023-01-01Z","densite":52.2},"id":"commune.13702"},
{"type":"Feature","geometry":{"type":"Polygon","coordinates":[[[6.27137,46.81945],[6.26784,46.81186],[6.26361,46.80785],[6.265,46.8071],[6.26703,46.80707],[6.27129,46.81117],[6.27103,46.80774],[6.27634,46.80686],[6.27556,46.80497],[6.27754,46.8042],[6.29182,46.82274],[6.29413,46.82245],[6.29914,46.82656],[6.30177,46.83195],[6.29818,46.83386],[6.30413,46.83962],[6.30766,46.84174],[6.3074,46.843],[6.31474,46.84559],[6.31399,46.85039],[6.31058,46.85247],[6.30048,46.84597],[6.29205,46.84013],[6.28558,46.83693],[6.28378,46.83389],[6.28313,46.83036],[6.27933,46.82714],[6.27755,46.82423],[6.27137,46.81945]]]},"properties":{"code_insee":"25362","population":300,"superficie_cadastrale":580,"nom_officiel":"Malpas","date_du_recensement":"2023-01-01Z","densite":51.7},"id":"commune.14011"},
{"type":"Feature","geometry":{"type":"Polygon","coordinates":[[[5.87583,47.28604],[5.88065,47.28208],[5.88442,47.28043],[5.89345,47.2715],[5.89412,47.27006],[5.89904,47.27278],[5.90576,47.2772],[5.9079,47.28069],[5.91308,47.28341],[5.91785,47.28698],[5.91666,47.28833],[5.91858,47.29021],[5.91473,47.29164],[5.91216,47.29027],[5.90324,47.28981],[5.89803,47.29229],[5.8899,47.29696],[5.88879,47.29635],[5.89047,47.29299],[5.88704,47.29385],[5.88574,47.29529],[5.88109,47.29623],[5.87802,47.29586],[5.88148,47.29336],[5.87669,47.29038],[5.87583,47.28604]]]},"properties":{"code_insee":"25136","population":529,"superficie_cadastrale":490,"nom_officiel":"Chaucenne","date_du_recensement":"2023-01-01Z","densite":108},"id":"commune.14020"},
{"type":"Feature","geometry":{"type":"Polygon","coordinates":[[[6.76256,47.47942],[6.76235,47.48056],[6.7652,47.48273],[6.76477,47.48639],[6.75904,47.48811],[6.75646,47.48974],[6.7512,47.48974],[6.74891,47.49118],[6.74894,47.49314],[6.74298,47.49324],[6.74062,47.4939],[6.73671,47.49287],[6.7232,47.49334],[6.71828,47.49415],[6.71313,47.49373],[6.706,47.49098],[6.70078,47.48958],[6.69283,47.4844],[6.6957,47.48043],[6.69975,47.47659],[6.69757,47.47487],[6.69795,47.46898],[6.70014,47.46637],[6.70434,47.46724],[6.70852,47.46887],[6.71186,47.47132],[6.71483,47.47427],[6.72507,47.48083],[6.7296,47.4804],[6.73036,47.47762],[6.73412,47.47637],[6.73806,47.47759],[6.74183,47.47947],[6.74769,47.48002],[6.75314,47.4794],[6.75906,47.47869],[6.76256,47.47942]]]},"properties":{"code_insee":"25048","population":3582,"superficie_cadastrale":880,"nom_officiel":"Bavans","date_du_recensement":"2023-01-01Z","densite":407},"id":"commune.14024"},
{"type":"Feature","geometry":{"type":"Polygon","coordinates":[[[5.76754,47.24956],[5.76939,47.24784],[5.77238,47.24828],[5.77502,47.24633],[5.77644,47.24711],[5.78002,47.24436],[5.78029,47.24242],[5.78794,47.24164],[5.79219,47.24359],[5.79523,47.24706],[5.80183,47.24965],[5.79648,47.25167],[5.79764,47.25386],[5.79665,47.25929],[5.80154,47.26481],[5.80506,47.26509],[5.80803,47.26859],[5.80573,47.26988],[5.80061,47.27101],[5.79869,47.27329],[5.79682,47.27298],[5.79213,47.27489],[5.79018,47.2733],[5.78268,47.27452],[5.78064,47.27423],[5.77728,47.2796],[5.77507,47.28033],[5.77196,47.27746],[5.76679,47.27669],[5.76279,47.2744],[5.76196,47.27626],[5.75666,47.27601],[5.75603,47.27364],[5.75387,47.27289],[5.7553,47.27102],[5.75803,47.27129],[5.76165,47.26745],[5.76586,47.26679],[5.76532,47.26026],[5.76685,47.25675],[5.76613,47.2546],[5.7636,47.25336],[5.76754,47.24956]]]},"properties":{"code_insee":"25101","population":562,"superficie_cadastrale":930,"nom_officiel":"Burgille","date_du_recensement":"2023-01-01Z","densite":60.4},"id":"commune.14043"},
{"type":"Feature","geometry":{"type":"Polygon","coordinates":[[[6.44724,47.39193],[6.45215,47.39282],[6.45866,47.39308],[6.46026,47.39191],[6.46353,47.39178],[6.46997,47.39357],[6.47036,47.39856],[6.46923,47.40623],[6.46512,47.40802],[6.46086,47.40812],[6.46066,47.40671],[6.45647,47.40736],[6.45438,47.40642],[6.45229,47.40945],[6.44966,47.40705],[6.44485,47.40451],[6.44132,47.40162],[6.44057,47.39759],[6.44058,47.39336],[6.44361,47.39176],[6.44724,47.39193]]]},"properties":{"code_insee":"25306","population":121,"superficie_cadastrale":340,"nom_officiel":"L'Hôpital-Saint-Lieffroy","date_du_recensement":"2023-01-01Z","densite":35.6},"id":"commune.14112"},
{"type":"Feature","geometry":{"type":"Polygon","coordinates":[[[5.88209,47.00501],[5.88336,47.00238],[5.88267,46.9998],[5.88662,46.99697],[5.89053,46.9973],[5.89711,46.99573],[5.89886,46.99899],[5.91108,46.9995],[5.91302,47.00493],[5.91501,47.00805],[5.91606,47.01312],[5.9174,47.01449],[5.91404,47.01722],[5.91313,47.02021],[5.91525,47.02289],[5.91333,47.02553],[5.90601,47.02859],[5.90077,47.02918],[5.89639,47.0253],[5.89435,47.02627],[5.8903,47.02447],[5.88911,47.02164],[5.88677,47.01916],[5.88454,47.01954],[5.88317,47.01666],[5.88147,47.01172],[5.88144,47.00648],[5.88209,47.00501]]]},"properties":{"code_insee":"25104","population":79,"superficie_cadastrale":730,"nom_officiel":"By","date_du_recensement":"2023-01-01Z","densite":10.8},"id":"commune.14209"},
{"type":"Feature","geometry":{"type":"Polygon","coordinates":[[[5.91777,47.15729],[5.91856,47.15871],[5.92209,47.16053],[5.92863,47.16635],[5.93109,47.16696],[5.9336,47.16932],[5.93577,47.17186],[5.93419,47.17313],[5.93119,47.17215],[5.92161,47.1711],[5.90995,47.17124],[5.90675,47.17301],[5.90447,47.17817],[5.8939,47.18483],[5.89099,47.18408],[5.88979,47.18038],[5.88991,47.17639],[5.8918,47.17288],[5.90012,47.16919],[5.90245,47.16735],[5.90184,47.16525],[5.89353,47.16279],[5.89384,47.16174],[5.90213,47.1627],[5.91091,47.16269],[5.91492,47.15904],[5.91777,47.15729]]]},"properties":{"code_insee":"25561","population":336,"superficie_cadastrale":400,"nom_officiel":"Thoraise","date_du_recensement":"2022-01-01Z","densite":84},"id":"commune.14226"},
{"type":"Feature","geometry":{"type":"Polygon","coordinates":[[[5.89099,47.18408],[5.8939,47.18483],[5.90037,47.18883],[5.90234,47.19117],[5.90729,47.19158],[5.9141,47.19509],[5.90746,47.19661],[5.90954,47.19911],[5.91203,47.20044],[5.92272,47.20438],[5.92811,47.20922],[5.9321,47.20988],[5.93312,47.21099],[5.92346,47.21223],[5.92059,47.21216],[5.91238,47.20917],[5.90599,47.20863],[5.88549,47.20383],[5.88117,47.20274],[5.88137,47.19985],[5.8787,47.19832],[5.87752,47.19468],[5.88139,47.1906],[5.88774,47.18681],[5.89099,47.18408]]]},"properties":{"code_insee":"25287","population":1827,"superficie_cadastrale":570,"nom_officiel":"Grandfontaine","date_du_recensement":"2023-01-01Z","densite":320.5},"id":"commune.14250"},
{"type":"Feature","geometry":{"type":"Polygon","coordinates":[[[6.29366,46.86116],[6.29736,46.86684],[6.29866,46.87043],[6.29714,46.87365],[6.29684,46.87771],[6.29239,46.88427],[6.28808,46.88656],[6.29051,46.8896],[6.2886,46.8917],[6.28485,46.89195],[6.28243,46.8932],[6.28085,46.89384],[6.27435,46.891],[6.27007,46.89069],[6.26881,46.88782],[6.27014,46.88625],[6.26576,46.88302],[6.26244,46.88199],[6.2584,46.88389],[6.25357,46.87965],[6.25306,46.87337],[6.24577,46.87229],[6.25531,46.86603],[6.2599,46.86191],[6.26148,46.86204],[6.26376,46.85908],[6.2669,46.8612],[6.27188,46.85845],[6.27295,46.85945],[6.27711,46.85484],[6.27854,46.85641],[6.28195,46.85403],[6.28375,46.85595],[6.28567,46.85432],[6.29158,46.85692],[6.29216,46.85959],[6.29366,46.86116]]]},"properties":{"code_insee":"25515","population":488,"superficie_cadastrale":1050,"nom_officiel":"Sainte-Colombe","date_du_recensement":"2023-01-01Z","densite":46.5},"id":"commune.14450"},
{"type":"Feature","geometry":{"type":"Polygon","coordinates":[[[6.04659,47.21812],[6.04936,47.21797],[6.05739,47.21341],[6.06018,47.21537],[6.06341,47.21587],[6.06643,47.21415],[6.06811,47.21196],[6.07085,47.21291],[6.07223,47.21061],[6.07041,47.20771],[6.07439,47.20365],[6.07755,47.20394],[6.07946,47.20561],[6.07883,47.2071],[6.0837,47.20862],[6.09091,47.21785],[6.08853,47.21995],[6.086,47.22735],[6.08513,47.22627],[6.07292,47.22992],[6.07392,47.23304],[6.07273,47.23392],[6.06707,47.2312],[6.06034,47.23214],[6.06099,47.22866],[6.05896,47.22626],[6.05858,47.22337],[6.05189,47.2198],[6.04659,47.21812]]]},"properties":{"code_insee":"25410","population":1303,"superficie_cadastrale":530,"nom_officiel":"Morre","date_du_recensement":"2023-01-01Z","densite":245.8},"id":"commune.14504"},
{"type":"Feature","geometry":{"type":"Polygon","coordinates":[[[5.86443,47.08445],[5.86913,47.08352],[5.87142,47.08386],[5.87345,47.08659],[5.87108,47.09193],[5.87254,47.09412],[5.87613,47.09244],[5.88211,47.09307],[5.88344,47.0923],[5.89297,47.09141],[5.89545,47.09256],[5.89724,47.09492],[5.90484,47.09281],[5.90525,47.09564],[5.90917,47.10182],[5.90967,47.1037],[5.9082,47.10571],[5.90854,47.10752],[5.90508,47.10693],[5.90019,47.10445],[5.89384,47.10416],[5.89158,47.10284],[5.88512,47.10857],[5.89756,47.12065],[5.90232,47.12711],[5.90383,47.13091],[5.9073,47.13555],[5.90932,47.13927],[5.9086,47.13938],[5.90415,47.13706],[5.8992,47.13017],[5.89516,47.1236],[5.89265,47.12137],[5.88785,47.11923],[5.88325,47.11578],[5.88016,47.11163],[5.87583,47.10975],[5.86951,47.11259],[5.86773,47.1088],[5.86154,47.10461],[5.85716,47.10094],[5.85519,47.09667],[5.85434,47.09465],[5.85437,47.08743],[5.85608,47.08656],[5.85915,47.08796],[5.86204,47.08778],[5.86488,47.08556],[5.86443,47.08445]]]},"properties":{"code_insee":"25475","population":1299,"superficie_cadastrale":860,"nom_officiel":"Quingey","date_du_recensement":"2023-01-01Z","densite":151},"id":"commune.14803"},
{"type":"Feature","geometry":{"type":"Polygon","coordinates":[[[5.93497,47.14091],[5.93426,47.13828],[5.93125,47.13538],[5.92257,47.13026],[5.92389,47.12638],[5.92226,47.12438],[5.91377,47.12054],[5.91288,47.11823],[5.91327,47.11192],[5.91099,47.10905],[5.90854,47.10752],[5.9082,47.10571],[5.90967,47.1037],[5.90917,47.10182],[5.90525,47.09564],[5.90484,47.09281],[5.90497,47.09123],[5.90768,47.08935],[5.91139,47.0889],[5.91986,47.09486],[5.9197,47.09879],[5.92875,47.09895],[5.92857,47.09799],[5.93186,47.09971],[5.93359,47.10582],[5.93725,47.11215],[5.93842,47.11608],[5.93859,47.12308],[5.93668,47.12742],[5.93725,47.13073],[5.93974,47.13544],[5.93799,47.13681],[5.93853,47.13934],[5.93599,47.14157],[5.93517,47.14164],[5.93497,47.14091]]]},"properties":{"code_insee":"25109","population":326,"superficie_cadastrale":750,"nom_officiel":"Cessey","date_du_recensement":"2023-01-01Z","densite":43.5},"id":"commune.14822"},
{"type":"Feature","geometry":{"type":"Polygon","coordinates":[[[6.69455,47.18164],[6.69068,47.18029],[6.6859,47.17947],[6.67883,47.17982],[6.6757,47.17711],[6.67272,47.17683],[6.66925,47.17353],[6.66592,47.17197],[6.65092,47.17233],[6.64811,47.17306],[6.65225,47.1689],[6.65441,47.16549],[6.664,47.16063],[6.66477,47.15973],[6.67184,47.15611],[6.67519,47.16196],[6.67882,47.16553],[6.68454,47.16781],[6.69338,47.17032],[6.6957,47.16782],[6.69859,47.16917],[6.70472,47.16532],[6.70729,47.16652],[6.70528,47.17066],[6.70279,47.17308],[6.70029,47.17613],[6.69569,47.17999],[6.69455,47.18164]]]},"properties":{"code_insee":"25351","population":244,"superficie_cadastrale":520,"nom_officiel":"Le Luhier","date_du_recensement":"2023-01-01Z","densite":46.9},"id":"commune.14959"},
{"type":"Feature","geometry":{"type":"Polygon","coordinates":[[[6.65906,47.40756],[6.65814,47.41061],[6.65491,47.41634],[6.65461,47.41953],[6.64943,47.42104],[6.64439,47.42356],[6.6415,47.42132],[6.64061,47.4183],[6.63699,47.41745],[6.63294,47.41511],[6.63207,47.41257],[6.62761,47.4121],[6.62155,47.41063],[6.62206,47.40862],[6.62502,47.40763],[6.62292,47.40551],[6.62535,47.40279],[6.63063,47.40121],[6.63287,47.39791],[6.63554,47.39795],[6.63744,47.40112],[6.63564,47.40312],[6.64345,47.40397],[6.64515,47.40286],[6.65155,47.40248],[6.65293,47.40387],[6.65427,47.40796],[6.65906,47.40756]]]},"properties":{"code_insee":"25552","population":113,"superficie_cadastrale":420,"nom_officiel":"Sourans","date_du_recensement":"2023-01-01Z","densite":26.9},"id":"commune.15227"},
{"type":"Feature","geometry":{"type":"Polygon","coordinates":[[[6.34897,46.77686],[6.34992,46.77878],[6.34558,46.77844],[6.34542,46.78296],[6.34841,46.78754],[6.34379,46.78957],[6.33916,46.79343],[6.33705,46.79682],[6.33491,46.79574],[6.33485,46.7944],[6.32385,46.79198],[6.3177,46.78744],[6.3189,46.78367],[6.32611,46.78333],[6.32722,46.78005],[6.32144,46.77777],[6.31735,46.77386],[6.31903,46.77299],[6.32631,46.77174],[6.32942,46.76914],[6.33098,46.77045],[6.33359,46.77183],[6.33625,46.77189],[6.33842,46.77328],[6.34218,46.77335],[6.34383,46.77456],[6.34888,46.77518],[6.34897,46.77686]]]},"properties":{"code_insee":"25514","population":305,"superficie_cadastrale":450,"nom_officiel":"Saint-Antoine","date_du_recensement":"2023-01-01Z","densite":67.8},"id":"commune.15275"},
{"type":"Feature","geometry":{"type":"Polygon","coordinates":[[[6.52907,47.44171],[6.52668,47.44247],[6.5261,47.44781],[6.5232,47.44971],[6.52622,47.45167],[6.5272,47.45335],[6.52671,47.45639],[6.52086,47.46609],[6.52035,47.47513],[6.51619,47.47631],[6.50907,47.47698],[6.50116,47.47447],[6.49712,47.47376],[6.49565,47.47022],[6.49248,47.46699],[6.48727,47.46321],[6.48395,47.46153],[6.48223,47.45907],[6.4818,47.4544],[6.4767,47.45026],[6.47648,47.44852],[6.48347,47.44092],[6.48651,47.43383],[6.49181,47.4321],[6.49837,47.42766],[6.50339,47.42649],[6.50817,47.42843],[6.51019,47.43062],[6.50994,47.43222],[6.51252,47.43538],[6.52008,47.4387],[6.52907,47.44171]]]},"properties":{"code_insee":"25553","population":360,"superficie_cadastrale":1390,"nom_officiel":"Soye","date_du_recensement":"2023-01-01Z","densite":25.9},"id":"commune.15294"},
{"type":"Feature","geometry":{"type":"Polygon","coordinates":[[[6.08169,46.63663],[6.07836,46.63565],[6.0739,46.63264],[6.07062,46.63136],[6.06665,46.62856],[6.06217,46.62803],[6.05927,46.62606],[6.06104,46.62268],[6.05815,46.61886],[6.06008,46.61826],[6.06148,46.61557],[6.0649,46.61331],[6.05566,46.61417],[6.05348,46.61166],[6.05139,46.61094],[6.04848,46.60785],[6.07124,46.59435],[6.08871,46.58165],[6.09075,46.57918],[6.09544,46.57588],[6.0987,46.57475],[6.10314,46.57202],[6.12352,46.55813],[6.13132,46.5538],[6.13796,46.5578],[6.11047,46.57644],[6.11503,46.57993],[6.12185,46.58401],[6.12393,46.58743],[6.12652,46.58992],[6.12988,46.59157],[6.1396,46.59762],[6.14184,46.59809],[6.14802,46.60218],[6.15383,46.60398],[6.15788,46.60768],[6.1612,46.60997],[6.16532,46.61007],[6.17508,46.614],[6.16959,46.61822],[6.16006,46.62199],[6.15844,46.62617],[6.15331,46.62671],[6.15048,46.6282],[6.1515,46.63078],[6.14898,46.63196],[6.14202,46.633],[6.14136,46.63145],[6.13849,46.63007],[6.13249,46.63138],[6.13313,46.63478],[6.13056,46.63417],[6.12312,46.63518],[6.12104,46.63257],[6.12267,46.6301],[6.11834,46.62859],[6.11731,46.63018],[6.11146,46.63047],[6.10511,46.62839],[6.09776,46.63585],[6.09273,46.63459],[6.08905,46.63307],[6.08169,46.63663]]]},"properties":{"code_insee":"25121","population":268,"superficie_cadastrale":3970,"nom_officiel":"Chapelle-des-Bois","date_du_recensement":"2023-01-01Z","densite":6.8},"id":"commune.15336"},
{"type":"Feature","geometry":{"type":"Polygon","coordinates":[[[6.32607,47.38625],[6.32567,47.3884],[6.33187,47.38972],[6.3367,47.39216],[6.3424,47.39059],[6.34866,47.39053],[6.36888,47.38669],[6.37091,47.38509],[6.37351,47.38814],[6.37673,47.38797],[6.37787,47.39205],[6.37801,47.39651],[6.37879,47.40405],[6.37167,47.40384],[6.36662,47.40464],[6.36382,47.4039],[6.35969,47.40567],[6.35834,47.40796],[6.34899,47.41259],[6.34553,47.41199],[6.34214,47.40981],[6.33281,47.39854],[6.32884,47.39581],[6.32402,47.3941],[6.31382,47.38797],[6.31101,47.3852],[6.31449,47.38411],[6.31797,47.38419],[6.32053,47.38601],[6.32607,47.38625]]]},"properties":{"code_insee":"25604","population":125,"superficie_cadastrale":780,"nom_officiel":"Verne","date_du_recensement":"2023-01-01Z","densite":16},"id":"commune.15365"},
{"type":"Feature","geometry":{"type":"Polygon","coordinates":[[[5.85778,47.2825],[5.85477,47.28199],[5.85202,47.28035],[5.84871,47.28461],[5.84875,47.28816],[5.84654,47.29074],[5.8432,47.29172],[5.83772,47.29037],[5.8364,47.28803],[5.83437,47.28374],[5.83106,47.28354],[5.82006,47.28484],[5.81819,47.28309],[5.82038,47.28074],[5.81924,47.2785],[5.8138,47.27395],[5.81115,47.27263],[5.81084,47.26949],[5.81179,47.26788],[5.8145,47.26705],[5.81919,47.26731],[5.82196,47.26308],[5.82371,47.26437],[5.82845,47.2629],[5.82872,47.26119],[5.83269,47.25967],[5.83823,47.25929],[5.84481,47.26427],[5.84605,47.26598],[5.85039,47.26757],[5.84775,47.26995],[5.84833,47.27283],[5.8461,47.27401],[5.84774,47.27568],[5.85152,47.27731],[5.85234,47.27933],[5.85778,47.2825]]]},"properties":{"code_insee":"25482","population":730,"superficie_cadastrale":680,"nom_officiel":"Recologne","date_du_recensement":"2023-01-01Z","densite":107.4},"id":"commune.15425"},
{"type":"Feature","geometry":{"type":"Polygon","coordinates":[[[6.48295,47.32668],[6.48104,47.32598],[6.47974,47.32378],[6.48098,47.32013],[6.48486,47.31801],[6.48357,47.31364],[6.47964,47.30972],[6.47915,47.30763],[6.48231,47.30529],[6.48236,47.30268],[6.48578,47.29876],[6.48601,47.29621],[6.48931,47.29091],[6.49145,47.29145],[6.49296,47.2887],[6.49788,47.28906],[6.50007,47.28521],[6.49467,47.28519],[6.49499,47.28401],[6.49869,47.28327],[6.5028,47.27894],[6.50464,47.27988],[6.51303,47.281],[6.51903,47.28331],[6.5225,47.28368],[6.52199,47.28156],[6.52532,47.28155],[6.5284,47.28339],[6.53117,47.28576],[6.53181,47.28912],[6.52401,47.29055],[6.519,47.29336],[6.5159,47.29662],[6.51098,47.30391],[6.51776,47.30592],[6.51473,47.3115],[6.51597,47.31279],[6.51614,47.31571],[6.51866,47.31758],[6.51749,47.3203],[6.51421,47.3215],[6.51352,47.32373],[6.51664,47.32465],[6.51617,47.32651],[6.51428,47.32636],[6.51249,47.32843],[6.51261,47.3307],[6.50808,47.33892],[6.50562,47.33798],[6.50266,47.33484],[6.49978,47.33309],[6.49758,47.32921],[6.49336,47.3286],[6.48968,47.32945],[6.48803,47.32819],[6.48295,47.32668]]]},"properties":{"code_insee":"25597","population":253,"superficie_cadastrale":1350,"nom_officiel":"Vellevans","date_du_recensement":"2023-01-01Z","densite":18.7},"id":"commune.15449"},
{"type":"Feature","geometry":{"type":"Polygon","coordinates":[[[6.45637,47.17103],[6.44905,47.17562],[6.44602,47.17163],[6.43951,47.17514],[6.43398,47.17618],[6.43154,47.17417],[6.42588,47.17372],[6.42091,47.17026],[6.41757,47.16406],[6.4192,47.16261],[6.41778,47.16062],[6.4191,47.15982],[6.42083,47.15626],[6.42322,47.1564],[6.42941,47.15315],[6.43447,47.1551],[6.44026,47.15647],[6.44732,47.15981],[6.44721,47.15485],[6.45048,47.158],[6.45329,47.16447],[6.45358,47.16662],[6.45637,47.17103]]]},"properties":{"code_insee":"25342","population":78,"superficie_cadastrale":510,"nom_officiel":"Longechaux","date_du_recensement":"2022-01-01Z","densite":15.3},"id":"commune.15484"},
{"type":"Feature","geometry":{"type":"Polygon","coordinates":[[[6.1118,47.37867],[6.10656,47.37689],[6.10804,47.37582],[6.1122,47.37499],[6.11459,47.3734],[6.11971,47.36852],[6.12237,47.36713],[6.13538,47.36924],[6.14588,47.3696],[6.14701,47.37008],[6.15129,47.3658],[6.15623,47.36716],[6.16026,47.37002],[6.16016,47.3718],[6.15426,47.3819],[6.15036,47.38244],[6.14817,47.38077],[6.14443,47.381],[6.14186,47.38226],[6.13743,47.38204],[6.13033,47.38481],[6.12917,47.38206],[6.12529,47.38271],[6.11906,47.37886],[6.11548,47.37774],[6.1118,47.37867]]]},"properties":{"code_insee":"25563","population":114,"superficie_cadastrale":480,"nom_officiel":"Thurey-le-Mont","date_du_recensement":"2023-01-01Z","densite":23.8},"id":"commune.15521"},
{"type":"Feature","geometry":{"type":"Polygon","coordinates":[[[6.39876,47.02629],[6.40556,47.02721],[6.40554,47.02818],[6.41632,47.03287],[6.41666,47.03518],[6.42209,47.0363],[6.42385,47.03878],[6.4268,47.04045],[6.43005,47.04058],[6.43195,47.0382],[6.43606,47.03911],[6.44485,47.04312],[6.44619,47.04598],[6.45067,47.04912],[6.44908,47.05044],[6.45104,47.05198],[6.45648,47.05431],[6.45583,47.05697],[6.45148,47.05573],[6.44088,47.06551],[6.4402,47.06846],[6.43593,47.06713],[6.42857,47.06585],[6.42798,47.0675],[6.42243,47.07166],[6.42115,47.07092],[6.41491,47.07043],[6.41021,47.0721],[6.41287,47.07577],[6.41188,47.07852],[6.40365,47.07778],[6.39803,47.07672],[6.3899,47.07295],[6.37909,47.07212],[6.37171,47.06871],[6.36523,47.06731],[6.36128,47.06138],[6.35351,47.04939],[6.35344,47.04204],[6.3503,47.03484],[6.35575,47.03073],[6.3641,47.03217],[6.36791,47.03337],[6.36961,47.03106],[6.38357,47.03363],[6.38789,47.03389],[6.39122,47.03516],[6.3971,47.03206],[6.39899,47.02942],[6.39639,47.02809],[6.39876,47.02629]]]},"properties":{"code_insee":"25025","population":768,"superficie_cadastrale":2850,"nom_officiel":"Arc-sous-Cicon","date_du_recensement":"2023-01-01Z","densite":26.9},"id":"commune.15582"},
{"type":"Feature","geometry":{"type":"Polygon","coordinates":[[[6.70375,47.53267],[6.7084,47.538],[6.70715,47.54081],[6.709,47.54327],[6.70379,47.54506],[6.69957,47.54463],[6.68867,47.54557],[6.67684,47.55041],[6.67632,47.54479],[6.67935,47.54141],[6.68476,47.53785],[6.68623,47.53388],[6.68922,47.53329],[6.69333,47.53402],[6.69525,47.53289],[6.69812,47.53334],[6.70375,47.53267]]]},"properties":{"code_insee":"25540","population":301,"superficie_cadastrale":280,"nom_officiel":"Semondans","date_du_recensement":"2023-01-01Z","densite":107.5},"id":"commune.15654"},
{"type":"Feature","geometry":{"type":"Polygon","coordinates":[[[6.6218,47.46557],[6.61971,47.46065],[6.61481,47.45651],[6.61284,47.4531],[6.60877,47.44998],[6.60426,47.44924],[6.5979,47.44888],[6.59782,47.44423],[6.59971,47.43608],[6.601,47.43386],[6.60528,47.43326],[6.60996,47.43754],[6.61645,47.44087],[6.61579,47.44158],[6.62103,47.44762],[6.61951,47.44917],[6.61882,47.45495],[6.62388,47.46474],[6.6218,47.46557]]]},"properties":{"code_insee":"25470","population":159,"superficie_cadastrale":270,"nom_officiel":"La Prétière","date_du_recensement":"2023-01-01Z","densite":58.9},"id":"commune.15682"},
{"type":"Feature","geometry":{"type":"Polygon","coordinates":[[[6.59636,47.47473],[6.59413,47.47695],[6.59311,47.48046],[6.58962,47.47978],[6.58653,47.4802],[6.585,47.48169],[6.58055,47.48322],[6.57478,47.48158],[6.57268,47.47939],[6.57081,47.47302],[6.57016,47.46684],[6.56449,47.46575],[6.56626,47.4639],[6.56631,47.45876],[6.56969,47.45752],[6.5709,47.46169],[6.571,47.46565],[6.57514,47.47146],[6.57617,47.46897],[6.57526,47.46406],[6.57617,47.4609],[6.58058,47.46202],[6.58044,47.4648],[6.58266,47.46665],[6.58306,47.46856],[6.5867,47.47097],[6.59442,47.47339],[6.59636,47.47473]]]},"properties":{"code_insee":"25226","population":202,"superficie_cadastrale":290,"nom_officiel":"Étrappe","date_du_recensement":"2023-01-01Z","densite":69.7},"id":"commune.15730"},
{"type":"Feature","geometry":{"type":"Polygon","coordinates":[[[6.75753,47.34712],[6.76024,47.35105],[6.75865,47.35831],[6.75632,47.36033],[6.75702,47.36521],[6.75586,47.36713],[6.75674,47.36881],[6.76083,47.37204],[6.7649,47.3786],[6.76018,47.37766],[6.75806,47.37897],[6.75247,47.37724],[6.75239,47.37408],[6.74822,47.37012],[6.74431,47.36658],[6.7392,47.36417],[6.74322,47.35864],[6.75238,47.35751],[6.7531,47.35583],[6.75243,47.35221],[6.7509,47.35113],[6.74271,47.3476],[6.74378,47.34614],[6.7392,47.34218],[6.74462,47.34492],[6.75239,47.3478],[6.75753,47.34712]]]},"properties":{"code_insee":"25617","population":350,"superficie_cadastrale":310,"nom_officiel":"Villars-sous-Dampjoux","date_du_recensement":"2023-01-01Z","densite":112.9},"id":"commune.15791"},
{"type":"Feature","geometry":{"type":"Polygon","coordinates":[[[6.3101,47.15019],[6.30603,47.15287],[6.30971,47.15548],[6.30693,47.15694],[6.30922,47.15843],[6.30441,47.16361],[6.30529,47.16526],[6.30303,47.1686],[6.29414,47.17523],[6.29026,47.17721],[6.29237,47.17495],[6.29161,47.1714],[6.2931,47.16987],[6.29343,47.16661],[6.29675,47.16416],[6.29779,47.15991],[6.29594,47.15398],[6.29294,47.15012],[6.29172,47.14699],[6.29227,47.1456],[6.28292,47.13942],[6.27964,47.13613],[6.27342,47.13415],[6.26813,47.13386],[6.26213,47.12949],[6.26368,47.12723],[6.26169,47.12455],[6.2678,47.1247],[6.26683,47.12266],[6.26791,47.12105],[6.27063,47.12004],[6.2697,47.1186],[6.27527,47.11801],[6.27734,47.11663],[6.28523,47.12035],[6.29244,47.12284],[6.29444,47.12118],[6.29798,47.12047],[6.30288,47.12386],[6.30443,47.12691],[6.31138,47.13172],[6.31319,47.13563],[6.3172,47.13817],[6.31664,47.14026],[6.30919,47.14374],[6.30794,47.14794],[6.3101,47.15019]]]},"properties":{"code_insee":"25233","population":293,"superficie_cadastrale":1080,"nom_officiel":"Fallerans","date_du_recensement":"2023-01-01Z","densite":27.1},"id":"commune.15798"},
{"type":"Feature","geometry":{"type":"Polygon","coordinates":[[[6.43909,47.41543],[6.44349,47.41222],[6.45176,47.41631],[6.454,47.41679],[6.45534,47.41863],[6.45563,47.42606],[6.46071,47.42731],[6.46158,47.42993],[6.46725,47.43204],[6.46791,47.43373],[6.4661,47.43857],[6.46791,47.446],[6.47648,47.44852],[6.4767,47.45026],[6.4818,47.4544],[6.48223,47.45907],[6.48395,47.46153],[6.48727,47.46321],[6.49248,47.46699],[6.49565,47.47022],[6.49712,47.47376],[6.49521,47.47311],[6.48972,47.47319],[6.4849,47.47224],[6.48038,47.47197],[6.47884,47.46726],[6.47518,47.46696],[6.47431,47.46829],[6.47058,47.46676],[6.47157,47.46334],[6.46936,47.46286],[6.47066,47.46051],[6.47308,47.45876],[6.46693,47.45614],[6.46376,47.45988],[6.45653,47.46073],[6.45594,47.4583],[6.44829,47.45042],[6.43947,47.45015],[6.4389,47.44749],[6.43232,47.44738],[6.42921,47.44573],[6.43019,47.443],[6.42659,47.43583],[6.42975,47.4339],[6.44044,47.43076],[6.44016,47.42956],[6.44494,47.42761],[6.44435,47.41898],[6.43909,47.41543]]]},"properties":{"code_insee":"25276","population":161,"superficie_cadastrale":1180,"nom_officiel":"Gondenans-Montby","date_du_recensement":"2023-01-01Z","densite":13.6},"id":"commune.15908"},
{"type":"Feature","geometry":{"type":"Polygon","coordinates":[[[6.60528,47.43326],[6.61118,47.42958],[6.61631,47.42798],[6.62182,47.42729],[6.62421,47.42756],[6.62809,47.42975],[6.62979,47.43169],[6.6299,47.43387],[6.6262,47.43973],[6.62174,47.44235],[6.62048,47.44387],[6.62215,47.44687],[6.62103,47.44762],[6.61579,47.44158],[6.61645,47.44087],[6.60996,47.43754],[6.60528,47.43326]]]},"properties":{"code_insee":"25066","population":75,"superficie_cadastrale":210,"nom_officiel":"Blussangeaux","date_du_recensement":"2023-01-01Z","densite":35.7},"id":"commune.15940"},
{"type":"Feature","geometry":{"type":"Polygon","coordinates":[[[6.59663,47.31517],[6.59479,47.31878],[6.59653,47.32032],[6.59324,47.32415],[6.59372,47.32862],[6.60097,47.33191],[6.60214,47.33052],[6.60583,47.33372],[6.6056,47.33465],[6.60486,47.33584],[6.59957,47.33497],[6.59753,47.33643],[6.59539,47.3341],[6.59129,47.33486],[6.58579,47.33708],[6.58327,47.33871],[6.57602,47.34134],[6.57193,47.34111],[6.56672,47.33427],[6.565,47.32883],[6.56173,47.32299],[6.57528,47.31768],[6.57948,47.31574],[6.5837,47.31608],[6.58287,47.314],[6.58517,47.31296],[6.58905,47.31436],[6.59303,47.31419],[6.59663,47.31517]]]},"properties":{"code_insee":"25476","population":140,"superficie_cadastrale":570,"nom_officiel":"Rahon","date_du_recensement":"2023-01-01Z","densite":24.6},"id":"commune.15960"},
{"type":"Feature","geometry":{"type":"Polygon","coordinates":[[[6.9323,47.26926],[6.92471,47.26734],[6.91988,47.26495],[6.91841,47.26324],[6.91929,47.26164],[6.91696,47.25949],[6.91276,47.25715],[6.91467,47.25574],[6.9097,47.25361],[6.91094,47.25192],[6.91361,47.25073],[6.91926,47.24868],[6.92311,47.24832],[6.92452,47.25021],[6.92826,47.25135],[6.93504,47.25147],[6.93484,47.25415],[6.93294,47.25627],[6.92982,47.25688],[6.9283,47.25907],[6.92871,47.2613],[6.92732,47.26543],[6.92881,47.26752],[6.9323,47.26926]]]},"properties":{"code_insee":"25573","population":15,"superficie_cadastrale":210,"nom_officiel":"Urtière","date_du_recensement":"2023-01-01Z","densite":7.1},"id":"commune.15983"},
{"type":"Feature","geometry":{"type":"Polygon","coordinates":[[[6.91718,47.40535],[6.91971,47.40663],[6.9227,47.4057],[6.93423,47.40577],[6.93843,47.40608],[6.94086,47.41159],[6.94155,47.4157],[6.9403,47.43332],[6.93728,47.43534],[6.93298,47.44062],[6.93577,47.44414],[6.93504,47.4472],[6.92866,47.44571],[6.91981,47.44732],[6.90825,47.44662],[6.90752,47.44429],[6.90269,47.44278],[6.90048,47.44112],[6.901,47.43817],[6.89739,47.43595],[6.90141,47.43242],[6.90152,47.43055],[6.89828,47.42685],[6.89937,47.42481],[6.91198,47.42189],[6.91366,47.41629],[6.91574,47.41509],[6.91255,47.41158],[6.91221,47.4074],[6.91702,47.40673],[6.91718,47.40535]]]},"properties":{"code_insee":"25004","population":1071,"superficie_cadastrale":1120,"nom_officiel":"Abbévillers","date_du_recensement":"2023-01-01Z","densite":95.6},"id":"commune.15997"},
{"type":"Feature","geometry":{"type":"Polygon","coordinates":[[[6.03713,47.09973],[6.0403,47.10397],[6.03957,47.10674],[6.04291,47.11113],[6.03797,47.11026],[6.03563,47.10881],[6.02914,47.11135],[6.02874,47.10749],[6.0265,47.10563],[6.02386,47.10069],[6.02377,47.09403],[6.02069,47.09234],[6.01643,47.09198],[6.01478,47.08888],[6.01575,47.08563],[6.01289,47.0831],[6.01546,47.07897],[6.01475,47.07641],[6.01785,47.0766],[6.02201,47.07815],[6.02416,47.08074],[6.02414,47.08305],[6.02828,47.08499],[6.03018,47.08906],[6.03416,47.09048],[6.03575,47.09257],[6.03249,47.09574],[6.03223,47.09724],[6.03463,47.09936],[6.03713,47.09973]]]},"properties":{"code_insee":"25106","population":66,"superficie_cadastrale":340,"nom_officiel":"Cademène","date_du_recensement":"2022-01-01Z","densite":19.4},"id":"commune.16043"},
{"type":"Feature","geometry":{"type":"Polygon","coordinates":[[[5.99673,47.32236],[5.99621,47.31927],[5.99882,47.3195],[6.00115,47.31786],[6.00625,47.31852],[6.00995,47.31972],[6.01609,47.31702],[6.0144,47.31363],[6.01575,47.3116],[6.01981,47.31348],[6.02142,47.31512],[6.02935,47.31652],[6.02969,47.32115],[6.03785,47.32303],[6.03549,47.32594],[6.03408,47.32516],[6.02891,47.32934],[6.02532,47.33078],[6.02353,47.33238],[6.02134,47.33325],[6.01853,47.33123],[6.01423,47.33266],[6.01247,47.33455],[6.01036,47.33294],[6.01142,47.33147],[6.0026,47.32463],[5.99673,47.32236]]]},"properties":{"code_insee":"25200","population":1296,"superficie_cadastrale":380,"nom_officiel":"Devecey","date_du_recensement":"2023-01-01Z","densite":341.1},"id":"commune.16046"},
{"type":"Feature","geometry":{"type":"Polygon","coordinates":[[[6.18332,46.85913],[6.18287,46.86092],[6.17582,46.86607],[6.16804,46.87029],[6.15201,46.88083],[6.13445,46.89363],[6.13426,46.897],[6.13279,46.89877],[6.12828,46.89986],[6.12335,46.89778],[6.12185,46.89427],[6.12372,46.89196],[6.11984,46.88773],[6.11782,46.88817],[6.11743,46.88496],[6.11932,46.8847],[6.12422,46.88202],[6.12177,46.87858],[6.12452,46.87713],[6.12327,46.87547],[6.12331,46.8726],[6.12503,46.87241],[6.12454,46.86851],[6.12316,46.86671],[6.11742,46.86382],[6.1141,46.86025],[6.11211,46.85716],[6.10845,46.85449],[6.10416,46.84782],[6.10551,46.84557],[6.10721,46.84272],[6.11102,46.83814],[6.11465,46.83539],[6.13107,46.82748],[6.13662,46.82504],[6.14546,46.82209],[6.15134,46.82127],[6.15189,46.81969],[6.1587,46.81708],[6.1644,46.81572],[6.16715,46.81442],[6.17289,46.80964],[6.1759,46.8082],[6.17843,46.81007],[6.17446,46.81653],[6.17617,46.8185],[6.18111,46.8177],[6.18548,46.8225],[6.18439,46.82606],[6.18164,46.82748],[6.17786,46.82925],[6.17532,46.83695],[6.17247,46.84209],[6.17534,46.84904],[6.17729,46.84872],[6.18011,46.85255],[6.18332,46.85913]]]},"properties":{"code_insee":"25259","population":1975,"superficie_cadastrale":3290,"nom_officiel":"Frasne","date_du_recensement":"2023-01-01Z","densite":60},"id":"commune.16140"},
{"type":"Feature","geometry":{"type":"Polygon","coordinates":[[[6.63848,47.1725],[6.63724,47.17102],[6.63154,47.17081],[6.63041,47.17273],[6.62595,47.17613],[6.62255,47.17453],[6.61974,47.17697],[6.61658,47.17592],[6.61977,47.17331],[6.61575,47.17096],[6.60969,47.16622],[6.61131,47.16178],[6.61293,47.16141],[6.61202,47.15824],[6.61567,47.14944],[6.61812,47.15086],[6.621,47.15004],[6.6263,47.15147],[6.62775,47.14967],[6.63125,47.15229],[6.63766,47.15242],[6.63916,47.15076],[6.64334,47.15196],[6.64268,47.1537],[6.64539,47.15417],[6.64891,47.15611],[6.65473,47.1514],[6.65271,47.15019],[6.6553,47.14884],[6.65863,47.15147],[6.66279,47.15357],[6.66625,47.15424],[6.66819,47.15565],[6.67103,47.15476],[6.67184,47.15611],[6.66477,47.15973],[6.664,47.16063],[6.65441,47.16549],[6.65225,47.1689],[6.64811,47.17306],[6.64431,47.17562],[6.63848,47.1725]]]},"properties":{"code_insee":"25391","population":194,"superficie_cadastrale":840,"nom_officiel":"Mont-de-Laval","date_du_recensement":"2023-01-01Z","densite":23.1},"id":"commune.16305"},
{"type":"Feature","geometry":{"type":"Polygon","coordinates":[[[6.68897,47.14934],[6.69199,47.15165],[6.69145,47.15358],[6.69376,47.15553],[6.69191,47.15715],[6.70278,47.15925],[6.70449,47.1614],[6.70353,47.16343],[6.70472,47.16532],[6.69859,47.16917],[6.6957,47.16782],[6.69338,47.17032],[6.68454,47.16781],[6.67882,47.16553],[6.67519,47.16196],[6.67184,47.15611],[6.67499,47.15595],[6.68568,47.15134],[6.68897,47.14934]]]},"properties":{"code_insee":"25373","population":47,"superficie_cadastrale":320,"nom_officiel":"Le Mémont","date_du_recensement":"2023-01-01Z","densite":14.7},"id":"commune.16558"},
{"type":"Feature","geometry":{"type":"Polygon","coordinates":[[[6.70128,47.52516],[6.7046,47.52673],[6.70971,47.5271],[6.71266,47.52848],[6.71779,47.52823],[6.72663,47.53131],[6.72756,47.53461],[6.7309,47.53517],[6.74193,47.53578],[6.74792,47.53679],[6.74526,47.53898],[6.74212,47.54289],[6.7395,47.54401],[6.73217,47.54458],[6.72729,47.54446],[6.7221,47.54593],[6.71949,47.54594],[6.71511,47.54289],[6.709,47.54327],[6.70715,47.54081],[6.7084,47.538],[6.70375,47.53267],[6.70484,47.53102],[6.70415,47.52808],[6.70128,47.52516]]]},"properties":{"code_insee":"25481","population":338,"superficie_cadastrale":400,"nom_officiel":"Raynans","date_du_recensement":"2023-01-01Z","densite":84.5},"id":"commune.16594"},
{"type":"Feature","geometry":{"type":"Polygon","coordinates":[[[6.13909,47.23637],[6.14404,47.23117],[6.14698,47.22895],[6.14873,47.22351],[6.1462,47.21918],[6.14477,47.21519],[6.14089,47.2102],[6.1363,47.2076],[6.12781,47.20179],[6.12757,47.19569],[6.13407,47.19549],[6.14463,47.20706],[6.15474,47.21146],[6.16327,47.21376],[6.16898,47.21648],[6.17283,47.21736],[6.18053,47.21413],[6.18678,47.20919],[6.19103,47.21044],[6.18327,47.21898],[6.18134,47.22426],[6.17744,47.22296],[6.17172,47.22936],[6.16359,47.2318],[6.15773,47.23516],[6.15503,47.2393],[6.15093,47.24212],[6.14429,47.24035],[6.13909,47.23637]]]},"properties":{"code_insee":"25152","population":135,"superficie_cadastrale":770,"nom_officiel":"La Chevillotte","date_du_recensement":"2023-01-01Z","densite":17.5},"id":"commune.16650"},
{"type":"Feature","geometry":{"type":"Polygon","coordinates":[[[6.19053,47.37328],[6.19358,47.37639],[6.18827,47.3808],[6.18721,47.38082],[6.1858,47.38528],[6.18633,47.38895],[6.18992,47.39335],[6.19253,47.39221],[6.19631,47.39218],[6.20143,47.39409],[6.2103,47.39484],[6.21279,47.39407],[6.2178,47.39546],[6.21694,47.39769],[6.2173,47.40179],[6.21926,47.40629],[6.20817,47.40541],[6.20241,47.40455],[6.19574,47.40424],[6.19322,47.40585],[6.18926,47.40573],[6.19059,47.40229],[6.18726,47.40189],[6.18015,47.40255],[6.17771,47.4018],[6.17356,47.39891],[6.1717,47.39616],[6.17191,47.39204],[6.16923,47.38943],[6.16652,47.39296],[6.15995,47.39193],[6.164,47.38975],[6.15907,47.38791],[6.15605,47.38996],[6.15218,47.38598],[6.15036,47.38244],[6.15426,47.3819],[6.16016,47.3718],[6.16026,47.37002],[6.15623,47.36716],[6.15851,47.36533],[6.16077,47.36493],[6.16245,47.36245],[6.1699,47.37171],[6.16923,47.37374],[6.17144,47.37444],[6.17438,47.37683],[6.17884,47.37614],[6.18256,47.37345],[6.19053,47.37328]]]},"properties":{"code_insee":"25490","population":367,"superficie_cadastrale":960,"nom_officiel":"Rigney","date_du_recensement":"2023-01-01Z","densite":38.2},"id":"commune.16678"},
{"type":"Feature","geometry":{"type":"Polygon","coordinates":[[[6.32942,46.76914],[6.32631,46.77174],[6.31903,46.77299],[6.31735,46.77386],[6.31257,46.76951],[6.30414,46.7658],[6.29833,46.76261],[6.29666,46.76108],[6.30087,46.757],[6.30417,46.75486],[6.3134,46.75735],[6.32135,46.75981],[6.32285,46.76295],[6.32578,46.76374],[6.32659,46.76665],[6.32942,46.76914]]]},"properties":{"code_insee":"25252","population":130,"superficie_cadastrale":280,"nom_officiel":"Fourcatier-et-Maison-Neuve","date_du_recensement":"2023-01-01Z","densite":46.4},"id":"commune.16692"},
{"type":"Feature","geometry":{"type":"Polygon","coordinates":[[[6.43082,47.27343],[6.4257,47.27376],[6.4241,47.27621],[6.41548,47.27737],[6.41466,47.28328],[6.4177,47.28748],[6.42034,47.29467],[6.42103,47.2983],[6.41744,47.29906],[6.40545,47.30412],[6.39403,47.29498],[6.38883,47.29204],[6.38057,47.2895],[6.37843,47.28974],[6.37036,47.28572],[6.36751,47.28357],[6.36616,47.27924],[6.36241,47.27073],[6.36024,47.26819],[6.36106,47.26686],[6.3659,47.2652],[6.37198,47.26247],[6.3748,47.26395],[6.3796,47.26355],[6.38592,47.26223],[6.39128,47.25956],[6.39221,47.26045],[6.39823,47.25704],[6.40544,47.25449],[6.40739,47.25608],[6.41026,47.26404],[6.41083,47.26786],[6.42056,47.26985],[6.43082,47.27343]]]},"properties":{"code_insee":"25446","population":191,"superficie_cadastrale":1500,"nom_officiel":"Passavant","date_du_recensement":"2023-01-01Z","densite":12.7},"id":"commune.16727"},
{"type":"Feature","geometry":{"type":"Polygon","coordinates":[[[6.65328,47.35429],[6.65261,47.35638],[6.64804,47.3576],[6.64613,47.35683],[6.6369,47.35911],[6.62737,47.36085],[6.62075,47.36045],[6.61433,47.36182],[6.61189,47.36168],[6.61017,47.35997],[6.60854,47.3572],[6.61061,47.3541],[6.60797,47.35265],[6.60629,47.34796],[6.60266,47.34521],[6.6061,47.33985],[6.60543,47.33825],[6.60672,47.33486],[6.61172,47.33585],[6.61421,47.33797],[6.61823,47.33751],[6.62318,47.33981],[6.62713,47.33885],[6.63017,47.33606],[6.63416,47.33858],[6.63697,47.33913],[6.64452,47.33903],[6.64443,47.34113],[6.64645,47.34171],[6.64768,47.34584],[6.64803,47.35389],[6.65328,47.35429]]]},"properties":{"code_insee":"25635","population":179,"superficie_cadastrale":750,"nom_officiel":"Vyt-lès-Belvoir","date_du_recensement":"2023-01-01Z","densite":23.9},"id":"commune.16822"},
{"type":"Feature","geometry":{"type":"Polygon","coordinates":[[[6.36944,47.47815],[6.37451,47.47922],[6.37676,47.47814],[6.37725,47.47516],[6.38222,47.47378],[6.3843,47.47512],[6.38911,47.47624],[6.39085,47.47285],[6.38793,47.47117],[6.39454,47.46389],[6.39836,47.46582],[6.40155,47.46607],[6.40102,47.47307],[6.39963,47.47488],[6.40075,47.48083],[6.40438,47.48309],[6.40433,47.48552],[6.40002,47.49077],[6.40057,47.49321],[6.39197,47.49512],[6.38933,47.49769],[6.3855,47.49635],[6.38743,47.50048],[6.38586,47.50166],[6.38325,47.499],[6.37802,47.49627],[6.37477,47.48643],[6.37275,47.48459],[6.37452,47.48273],[6.37392,47.48027],[6.36944,47.47815]]]},"properties":{"code_insee":"25184","population":274,"superficie_cadastrale":540,"nom_officiel":"Cuse-et-Adrisans","date_du_recensement":"2023-01-01Z","densite":50.7},"id":"commune.16846"},
{"type":"Feature","geometry":{"type":"Polygon","coordinates":[[[6.27661,47.06696],[6.27626,47.0704],[6.27736,47.07258],[6.28216,47.07335],[6.2804,47.07529],[6.28131,47.07713],[6.27885,47.08237],[6.28634,47.08561],[6.28284,47.08754],[6.27854,47.09145],[6.27471,47.0904],[6.2738,47.09313],[6.26783,47.09218],[6.26152,47.09235],[6.25813,47.09306],[6.2568,47.09457],[6.25055,47.09122],[6.23536,47.09475],[6.23386,47.0925],[6.22943,47.09357],[6.22727,47.09044],[6.22447,47.09113],[6.22083,47.08981],[6.22211,47.08899],[6.22344,47.08739],[6.22967,47.08515],[6.23002,47.08244],[6.23667,47.08371],[6.24379,47.07739],[6.24651,47.07098],[6.25915,47.05999],[6.26327,47.06125],[6.27328,47.06517],[6.27661,47.06696]]]},"properties":{"code_insee":"25331","population":232,"superficie_cadastrale":1020,"nom_officiel":"Lavans-Vuillafans","date_du_recensement":"2023-01-01Z","densite":22.7},"id":"commune.16860"},
{"type":"Feature","geometry":{"type":"Polygon","coordinates":[[[6.00791,47.04374],[6.00871,47.04117],[6.01385,47.04028],[6.01311,47.03473],[6.01635,47.03304],[6.01668,47.03142],[6.0193,47.02967],[6.02523,47.03044],[6.02858,47.02991],[6.03086,47.02842],[6.032,47.02519],[6.03012,47.02286],[6.03888,47.02506],[6.04303,47.02607],[6.04485,47.02921],[6.0469,47.0265],[6.04933,47.02559],[6.04996,47.02823],[6.04905,47.03119],[6.05292,47.03337],[6.05089,47.03869],[6.05108,47.04194],[6.05256,47.04287],[6.05104,47.04433],[6.05147,47.04625],[6.04108,47.0511],[6.03785,47.05145],[6.04044,47.05821],[6.03969,47.05899],[6.03667,47.05975],[6.03351,47.06441],[6.02742,47.06184],[6.02214,47.06467],[6.02096,47.06752],[6.01989,47.06703],[6.01283,47.06018],[6.00729,47.05312],[6.00817,47.0488],[6.00588,47.0476],[6.00866,47.04532],[6.00791,47.04374]]]},"properties":{"code_insee":"25359","population":157,"superficie_cadastrale":1050,"nom_officiel":"Malans","date_du_recensement":"2023-01-01Z","densite":15},"id":"commune.16869"},
{"type":"Feature","geometry":{"type":"Polygon","coordinates":[[[6.67404,47.32957],[6.67707,47.33222],[6.68029,47.33493],[6.68773,47.33635],[6.69171,47.34161],[6.69467,47.34395],[6.69161,47.3476],[6.69104,47.35033],[6.69189,47.35192],[6.69094,47.35705],[6.68197,47.35554],[6.68325,47.35434],[6.67846,47.35278],[6.6685,47.35194],[6.66061,47.35431],[6.65702,47.35382],[6.65328,47.35429],[6.64803,47.35389],[6.64768,47.34584],[6.64645,47.34171],[6.64443,47.34113],[6.64452,47.33903],[6.6486,47.33885],[6.64833,47.33616],[6.64637,47.33181],[6.65262,47.32989],[6.65093,47.32652],[6.65348,47.32618],[6.65679,47.32779],[6.66318,47.33024],[6.66967,47.33053],[6.67404,47.32957]]]},"properties":{"code_insee":"25583","population":269,"superficie_cadastrale":830,"nom_officiel":"Valonne","date_du_recensement":"2023-01-01Z","densite":32.4},"id":"commune.16921"},
{"type":"Feature","geometry":{"type":"Polygon","coordinates":[[[6.62535,47.40279],[6.62201,47.40133],[6.6183,47.39704],[6.61279,47.39605],[6.61231,47.39431],[6.61332,47.39073],[6.61159,47.3887],[6.61388,47.38841],[6.61668,47.38539],[6.61722,47.3836],[6.62178,47.38018],[6.62608,47.38113],[6.63438,47.38463],[6.63905,47.3883],[6.6404,47.39008],[6.63675,47.39523],[6.63554,47.39795],[6.63287,47.39791],[6.63063,47.40121],[6.62535,47.40279]]]},"properties":{"code_insee":"25327","population":68,"superficie_cadastrale":340,"nom_officiel":"Lanthenans","date_du_recensement":"2023-01-01Z","densite":20},"id":"commune.16989"},
{"type":"Feature","geometry":{"type":"Polygon","coordinates":[[[6.25998,47.40399],[6.24933,47.39737],[6.25052,47.39487],[6.25674,47.38949],[6.25795,47.38313],[6.25632,47.37882],[6.2517,47.37227],[6.25523,47.36878],[6.25777,47.36953],[6.26122,47.37448],[6.26388,47.3771],[6.26696,47.38259],[6.26942,47.38512],[6.27098,47.38931],[6.2768,47.3904],[6.27638,47.39543],[6.27538,47.39865],[6.27324,47.40068],[6.26845,47.40161],[6.26782,47.40503],[6.26522,47.40655],[6.25998,47.40399]]]},"properties":{"code_insee":"25506","population":87,"superficie_cadastrale":420,"nom_officiel":"Rougemontot","date_du_recensement":"2023-01-01Z","densite":20.7},"id":"commune.17003"},
{"type":"Feature","geometry":{"type":"Polygon","coordinates":[[[6.01097,47.29543],[6.0048,47.2953],[6.00684,47.29956],[6.00998,47.30052],[6.01547,47.30407],[6.01247,47.3054],[6.01522,47.30695],[6.01677,47.31012],[6.02071,47.31264],[6.02425,47.31318],[6.02326,47.31469],[6.02649,47.31585],[6.02961,47.31545],[6.02935,47.31652],[6.02142,47.31512],[6.01981,47.31348],[6.01575,47.3116],[6.0144,47.31363],[6.01609,47.31702],[6.00995,47.31972],[6.00625,47.31852],[6.00115,47.31786],[5.99882,47.3195],[5.99621,47.31927],[5.99673,47.32236],[5.99437,47.32309],[5.98865,47.3267],[5.98725,47.32646],[5.98585,47.32994],[5.9836,47.3291],[5.98398,47.32682],[5.98749,47.32357],[5.99055,47.32164],[5.98912,47.32002],[5.99425,47.31431],[5.99343,47.31211],[5.98758,47.30964],[5.98541,47.30812],[5.98962,47.30425],[5.98867,47.30064],[5.9914,47.29866],[5.99525,47.29901],[5.99276,47.2934],[5.99137,47.28739],[5.99192,47.28421],[5.99939,47.28408],[6.00402,47.28028],[6.00261,47.27904],[6.00501,47.2761],[6.00491,47.283],[6.00611,47.2847],[6.00508,47.28652],[6.00147,47.28897],[6.0046,47.2924],[6.01097,47.29543]]]},"properties":{"code_insee":"25133","population":2042,"superficie_cadastrale":630,"nom_officiel":"Châtillon-le-Duc","date_du_recensement":"2023-01-01Z","densite":324.1},"id":"commune.17057"},
{"type":"Feature","geometry":{"type":"Polygon","coordinates":[[[6.10796,47.24035],[6.09833,47.23763],[6.09328,47.23467],[6.08998,47.23052],[6.08819,47.23026],[6.086,47.22735],[6.08853,47.21995],[6.09091,47.21785],[6.0837,47.20862],[6.07883,47.2071],[6.07946,47.20561],[6.07755,47.20394],[6.08229,47.20221],[6.08516,47.1999],[6.09154,47.19622],[6.09251,47.19518],[6.09737,47.19276],[6.09936,47.18913],[6.10235,47.18682],[6.10884,47.18761],[6.11328,47.18728],[6.12098,47.18559],[6.12767,47.18601],[6.12624,47.19213],[6.12757,47.19569],[6.12781,47.20179],[6.1363,47.2076],[6.14089,47.2102],[6.14477,47.21519],[6.1462,47.21918],[6.14873,47.22351],[6.14698,47.22895],[6.14404,47.23117],[6.13909,47.23637],[6.13586,47.23622],[6.13137,47.23508],[6.12929,47.23568],[6.12659,47.23386],[6.12104,47.23639],[6.11833,47.23537],[6.1164,47.23665],[6.10796,47.24035]]]},"properties":{"code_insee":"25532","population":3195,"superficie_cadastrale":2060,"nom_officiel":"Saône","date_du_recensement":"2023-01-01Z","densite":155.1},"id":"commune.17152"},
{"type":"Feature","geometry":{"type":"Polygon","coordinates":[[[6.39188,47.45454],[6.39072,47.45123],[6.38099,47.45053],[6.37956,47.44993],[6.37454,47.45111],[6.36677,47.45097],[6.3641,47.44612],[6.36179,47.44633],[6.35977,47.44447],[6.35751,47.44478],[6.35747,47.44338],[6.35421,47.43748],[6.35535,47.43468],[6.36076,47.43647],[6.3675,47.43646],[6.37103,47.43851],[6.3732,47.43725],[6.37878,47.43659],[6.38043,47.43789],[6.38653,47.43913],[6.39352,47.43915],[6.40151,47.43703],[6.40302,47.43988],[6.40246,47.44402],[6.40291,47.44668],[6.4005,47.45007],[6.39995,47.4531],[6.39566,47.45331],[6.39345,47.45474],[6.39188,47.45454]]]},"properties":{"code_insee":"25499","population":116,"superficie_cadastrale":480,"nom_officiel":"Romain","date_du_recensement":"2023-01-01Z","densite":24.2},"id":"commune.17182"},
{"type":"Feature","geometry":{"type":"Polygon","coordinates":[[[6.32826,47.25205],[6.32684,47.24895],[6.32453,47.2462],[6.32126,47.24502],[6.32007,47.2433],[6.32441,47.24249],[6.32708,47.23868],[6.33061,47.23662],[6.32383,47.23511],[6.31663,47.22896],[6.31174,47.22551],[6.31486,47.22305],[6.31667,47.21895],[6.31619,47.21694],[6.32413,47.21792],[6.32972,47.22298],[6.33035,47.22521],[6.33675,47.23115],[6.33929,47.23415],[6.33911,47.23773],[6.34117,47.24156],[6.34267,47.24229],[6.34437,47.24555],[6.33378,47.24795],[6.3308,47.24991],[6.32826,47.25205]]]},"properties":{"code_insee":"25355","population":60,"superficie_cadastrale":420,"nom_officiel":"Magny-Châtelard","date_du_recensement":"2023-01-01Z","densite":14.3},"id":"commune.17186"},
{"type":"Feature","geometry":{"type":"Polygon","coordinates":[[[6.46282,47.16733],[6.46022,47.16877],[6.4579,47.16704],[6.45311,47.15578],[6.45196,47.15497],[6.4513,47.15002],[6.45306,47.14777],[6.45035,47.13998],[6.45198,47.13799],[6.44675,47.12712],[6.44724,47.12356],[6.45134,47.12011],[6.44925,47.11737],[6.45154,47.1136],[6.45405,47.11175],[6.45869,47.10419],[6.46653,47.08971],[6.46859,47.08115],[6.46943,47.07939],[6.47476,47.08053],[6.48259,47.07088],[6.48536,47.07291],[6.49276,47.07655],[6.48891,47.07959],[6.48735,47.0816],[6.49131,47.0837],[6.4897,47.08898],[6.48987,47.09375],[6.49058,47.09607],[6.48666,47.09687],[6.48502,47.09586],[6.48151,47.09794],[6.47752,47.10282],[6.47947,47.1055],[6.48443,47.10953],[6.48394,47.11166],[6.48768,47.11405],[6.48818,47.11962],[6.49271,47.12445],[6.49687,47.12693],[6.50195,47.13205],[6.50237,47.13411],[6.49962,47.13498],[6.50021,47.13982],[6.49839,47.13946],[6.49569,47.14169],[6.4869,47.14147],[6.48704,47.14386],[6.48442,47.14691],[6.48165,47.14737],[6.47955,47.14966],[6.4721,47.15612],[6.47252,47.15785],[6.46868,47.16097],[6.47073,47.16205],[6.46327,47.16497],[6.46282,47.16733]]]},"properties":{"code_insee":"25243","population":850,"superficie_cadastrale":2330,"nom_officiel":"Flangebouche","date_du_recensement":"2023-01-01Z","densite":36.5},"id":"commune.17240"},
{"type":"Feature","geometry":{"type":"Polygon","coordinates":[[[6.80222,47.46298],[6.80953,47.47755],[6.81386,47.47722],[6.81442,47.48187],[6.81891,47.48138],[6.82527,47.48335],[6.82504,47.48491],[6.81436,47.48352],[6.8129,47.48339],[6.805,47.48497],[6.80123,47.48639],[6.79636,47.486],[6.78921,47.4824],[6.78548,47.48287],[6.77784,47.48474],[6.77463,47.48476],[6.77155,47.47976],[6.76871,47.47921],[6.76441,47.48048],[6.76256,47.47942],[6.75906,47.47869],[6.75314,47.4794],[6.75261,47.47657],[6.75079,47.47365],[6.75322,47.47239],[6.75244,47.46615],[6.75649,47.4615],[6.7594,47.4593],[6.7639,47.46184],[6.76604,47.46079],[6.7699,47.46229],[6.77505,47.46202],[6.78067,47.46338],[6.78897,47.46444],[6.79804,47.46431],[6.80222,47.46298]]]},"properties":{"code_insee":"25632","population":3174,"superficie_cadastrale":940,"nom_officiel":"Voujeaucourt","date_du_recensement":"2023-01-01Z","densite":337.7},"id":"commune.17277"},
{"type":"Feature","geometry":{"type":"Polygon","coordinates":[[[7.03314,47.3414],[7.03641,47.34198],[7.04022,47.34386],[7.04235,47.34209],[7.0437,47.33709],[7.04679,47.33514],[7.04898,47.33762],[7.05186,47.33799],[7.05293,47.33669],[7.05511,47.33872],[7.05981,47.33975],[7.06239,47.34411],[7.05588,47.34725],[7.04988,47.34771],[7.05052,47.34993],[7.05279,47.35133],[7.05163,47.35477],[7.05194,47.3566],[7.05008,47.35898],[7.04994,47.36143],[7.04313,47.36427],[7.03484,47.36335],[7.03408,47.36967],[7.02939,47.36912],[7.02014,47.37034],[7.01818,47.37263],[7.01557,47.37292],[7.01311,47.37143],[7.01152,47.37243],[7.0074,47.36812],[6.99879,47.3645],[6.99434,47.36323],[6.98934,47.36365],[6.98951,47.36239],[6.9947,47.36203],[7.00475,47.36361],[7.01024,47.36007],[7.00698,47.35605],[7.01384,47.35593],[7.01667,47.35231],[7.0167,47.34813],[7.0206,47.34833],[7.02704,47.3495],[7.03085,47.34824],[7.03236,47.34598],[7.03133,47.34447],[7.03314,47.3414]]]},"properties":{"code_insee":"25386","population":127,"superficie_cadastrale":890,"nom_officiel":"Montancy","date_du_recensement":"2023-01-01Z","densite":14.3},"id":"commune.17281"},
{"type":"Feature","geometry":{"type":"Polygon","coordinates":[[[5.86565,47.07931],[5.88408,47.07913],[5.88957,47.07869],[5.89863,47.07869],[5.90738,47.08],[5.91345,47.07903],[5.91496,47.08415],[5.91537,47.08751],[5.91806,47.08951],[5.92258,47.08901],[5.92653,47.08591],[5.92815,47.0876],[5.92869,47.09291],[5.92857,47.09799],[5.92875,47.09895],[5.9197,47.09879],[5.91986,47.09486],[5.91139,47.0889],[5.90768,47.08935],[5.90497,47.09123],[5.90484,47.09281],[5.89724,47.09492],[5.89545,47.09256],[5.89297,47.09141],[5.88344,47.0923],[5.88211,47.09307],[5.87613,47.09244],[5.87254,47.09412],[5.87108,47.09193],[5.87345,47.08659],[5.87142,47.08386],[5.86913,47.08352],[5.86443,47.08445],[5.86317,47.08265],[5.86546,47.08134],[5.86565,47.07931]]]},"properties":{"code_insee":"25330","population":188,"superficie_cadastrale":590,"nom_officiel":"Lavans-Quingey","date_du_recensement":"2023-01-01Z","densite":31.9},"id":"commune.17321"},
{"type":"Feature","geometry":{"type":"Polygon","coordinates":[[[6.5316,47.4415],[6.54365,47.44055],[6.54922,47.44146],[6.54981,47.44468],[6.55301,47.44518],[6.55547,47.44989],[6.558,47.45239],[6.56075,47.45379],[6.56358,47.45861],[6.56631,47.45876],[6.56626,47.4639],[6.56449,47.46575],[6.56307,47.46571],[6.55944,47.47094],[6.55499,47.47483],[6.55374,47.47743],[6.55844,47.47986],[6.5582,47.48224],[6.55626,47.48583],[6.55414,47.48689],[6.54966,47.48446],[6.54312,47.4821],[6.53836,47.48191],[6.53524,47.4804],[6.52813,47.4787],[6.52201,47.47845],[6.52035,47.47513],[6.52086,47.46609],[6.52671,47.45639],[6.5272,47.45335],[6.52622,47.45167],[6.5232,47.44971],[6.5261,47.44781],[6.52668,47.44247],[6.52907,47.44171],[6.5316,47.4415]]]},"properties":{"code_insee":"25365","population":321,"superficie_cadastrale":1190,"nom_officiel":"Mancenans","date_du_recensement":"2023-01-01Z","densite":27},"id":"commune.17403"},
{"type":"Feature","geometry":{"type":"Polygon","coordinates":[[[6.75024,47.14102],[6.74105,47.13818],[6.73171,47.13665],[6.72767,47.1344],[6.72294,47.12957],[6.71816,47.12844],[6.71024,47.13056],[6.70773,47.12758],[6.70375,47.12453],[6.70221,47.12598],[6.69945,47.12469],[6.70156,47.12134],[6.69852,47.11949],[6.6964,47.12016],[6.69484,47.11846],[6.69146,47.12326],[6.68898,47.12226],[6.68737,47.12344],[6.68161,47.12038],[6.68569,47.12022],[6.69336,47.11717],[6.70169,47.10982],[6.70443,47.10632],[6.70668,47.1061],[6.70912,47.10282],[6.71856,47.10553],[6.71995,47.1075],[6.72615,47.11037],[6.72773,47.1091],[6.73125,47.11181],[6.74114,47.11594],[6.74232,47.11452],[6.74524,47.11533],[6.75077,47.11804],[6.75283,47.12127],[6.75978,47.12423],[6.7565,47.1282],[6.75944,47.12945],[6.75779,47.13282],[6.75024,47.14102]]]},"properties":{"code_insee":"25042","population":251,"superficie_cadastrale":1130,"nom_officiel":"Le Barboux","date_du_recensement":"2023-01-01Z","densite":22.2},"id":"commune.17550"},
{"type":"Feature","geometry":{"type":"Polygon","coordinates":[[[6.71939,47.55285],[6.71475,47.55306],[6.70847,47.55658],[6.70837,47.55791],[6.70315,47.5575],[6.6886,47.56069],[6.6852,47.56347],[6.68146,47.55703],[6.67724,47.55548],[6.67684,47.55041],[6.68867,47.54557],[6.69957,47.54463],[6.70379,47.54506],[6.709,47.54327],[6.71511,47.54289],[6.71949,47.54594],[6.7221,47.54593],[6.72146,47.54937],[6.71939,47.55285]]]},"properties":{"code_insee":"25008","population":434,"superficie_cadastrale":450,"nom_officiel":"Aibre","date_du_recensement":"2023-01-01Z","densite":96.4},"id":"commune.17688"},
{"type":"Feature","geometry":{"type":"Polygon","coordinates":[[[6.11738,47.33985],[6.12056,47.33696],[6.12393,47.33625],[6.12595,47.33467],[6.1317,47.33312],[6.13293,47.33182],[6.13764,47.3338],[6.13915,47.33271],[6.14677,47.33548],[6.15075,47.3431],[6.14198,47.34337],[6.1421,47.34525],[6.14532,47.34692],[6.1478,47.34993],[6.14563,47.35202],[6.14291,47.35013],[6.13699,47.3488],[6.13512,47.34773],[6.13129,47.3479],[6.12535,47.34462],[6.1228,47.34243],[6.11738,47.33985]]]},"properties":{"code_insee":"25117","population":90,"superficie_cadastrale":300,"nom_officiel":"Champoux","date_du_recensement":"2022-01-01Z","densite":30},"id":"commune.17725"},
{"type":"Feature","geometry":{"type":"Polygon","coordinates":[[[6.76546,47.51788],[6.76861,47.52442],[6.76849,47.5269],[6.76626,47.53141],[6.76282,47.53214],[6.75339,47.53236],[6.75221,47.53612],[6.74981,47.53717],[6.74627,47.53417],[6.74197,47.52898],[6.73632,47.52371],[6.73452,47.52074],[6.73438,47.51809],[6.73294,47.51466],[6.74036,47.51425],[6.74706,47.51118],[6.75373,47.51029],[6.75772,47.51167],[6.76557,47.51388],[6.76546,47.51788]]]},"properties":{"code_insee":"25013","population":234,"superficie_cadastrale":510,"nom_officiel":"Allondans","date_du_recensement":"2023-01-01Z","densite":45.9},"id":"commune.17735"},
{"type":"Feature","geometry":{"type":"Polygon","coordinates":[[[6.79174,47.4046],[6.78585,47.40578],[6.78234,47.40564],[6.7752,47.39977],[6.77601,47.39517],[6.77566,47.39381],[6.77857,47.38877],[6.78504,47.38668],[6.78859,47.38628],[6.7957,47.38671],[6.79194,47.39036],[6.79689,47.39191],[6.79949,47.3911],[6.80453,47.39562],[6.81233,47.40036],[6.81545,47.40166],[6.81761,47.40402],[6.82501,47.40368],[6.82952,47.4045],[6.83204,47.40388],[6.83427,47.4086],[6.83744,47.41098],[6.83895,47.41516],[6.83585,47.41443],[6.83362,47.41582],[6.83085,47.4175],[6.82307,47.41927],[6.81973,47.41712],[6.81992,47.41406],[6.81674,47.41421],[6.81284,47.41093],[6.8105,47.41243],[6.80624,47.41263],[6.80203,47.41173],[6.79502,47.40654],[6.79174,47.4046]]]},"properties":{"code_insee":"25216","population":270,"superficie_cadastrale":740,"nom_officiel":"Écurcey","date_du_recensement":"2023-01-01Z","densite":36.5},"id":"commune.17751"},
{"type":"Feature","geometry":{"type":"Polygon","coordinates":[[[5.98868,47.32751],[5.98771,47.33062],[5.98589,47.33082],[5.98123,47.3286],[5.98096,47.32714],[5.97722,47.32625],[5.97419,47.32841],[5.97806,47.32958],[5.97394,47.33114],[5.97158,47.33038],[5.9712,47.33391],[5.96711,47.33668],[5.96365,47.33716],[5.96113,47.33299],[5.95576,47.33004],[5.95417,47.32835],[5.95578,47.32437],[5.95221,47.32294],[5.95288,47.32023],[5.95219,47.31786],[5.94738,47.31527],[5.94487,47.31183],[5.94722,47.31204],[5.95272,47.31419],[5.96218,47.3147],[5.97089,47.31243],[5.97143,47.30926],[5.97386,47.30642],[5.97747,47.30761],[5.97987,47.30699],[5.98541,47.30812],[5.98758,47.30964],[5.99343,47.31211],[5.99425,47.31431],[5.98912,47.32002],[5.99055,47.32164],[5.98749,47.32357],[5.98398,47.32682],[5.9836,47.3291],[5.98585,47.32994],[5.98725,47.32646],[5.98865,47.3267],[5.98868,47.32751]]]},"properties":{"code_insee":"25265","population":1280,"superficie_cadastrale":640,"nom_officiel":"Geneuille","date_du_recensement":"2023-01-01Z","densite":200},"id":"commune.17768"},
{"type":"Feature","geometry":{"type":"Polygon","coordinates":[[[6.05664,47.26713],[6.05982,47.26935],[6.06283,47.27026],[6.06675,47.26902],[6.0699,47.26984],[6.06968,47.26562],[6.0746,47.26725],[6.0755,47.26671],[6.08005,47.27003],[6.08738,47.27087],[6.09006,47.27231],[6.08975,47.27448],[6.09264,47.27478],[6.09166,47.27706],[6.08817,47.27782],[6.09108,47.28406],[6.09333,47.28462],[6.0983,47.28735],[6.10222,47.29341],[6.10434,47.29452],[6.10596,47.29724],[6.10348,47.30115],[6.10688,47.307],[6.10297,47.30811],[6.09719,47.3083],[6.09566,47.30929],[6.09055,47.30814],[6.08587,47.30258],[6.08364,47.30141],[6.07842,47.29823],[6.07678,47.29502],[6.07236,47.29287],[6.07053,47.2909],[6.0675,47.28541],[6.0675,47.28367],[6.06522,47.28284],[6.05878,47.27883],[6.06076,47.27536],[6.05746,47.27365],[6.05395,47.26965],[6.05664,47.26713]]]},"properties":{"code_insee":"25560","population":2994,"superficie_cadastrale":890,"nom_officiel":"Thise","date_du_recensement":"2023-01-01Z","densite":336.4},"id":"commune.17793"},
{"type":"Feature","geometry":{"type":"Polygon","coordinates":[[[6.66258,47.2312],[6.66271,47.23333],[6.65905,47.23663],[6.66085,47.2392],[6.659,47.24203],[6.64809,47.24534],[6.64183,47.24191],[6.63903,47.23957],[6.6358,47.24149],[6.63623,47.24261],[6.63322,47.24488],[6.63473,47.24779],[6.63063,47.24709],[6.62219,47.24652],[6.61816,47.24531],[6.61502,47.24204],[6.61133,47.24269],[6.60913,47.24061],[6.60675,47.2417],[6.605,47.23918],[6.60386,47.2357],[6.6004,47.23333],[6.60579,47.23274],[6.6082,47.22981],[6.61293,47.22734],[6.61508,47.22885],[6.62967,47.23091],[6.63638,47.23027],[6.64013,47.23111],[6.64329,47.22885],[6.64406,47.23044],[6.64861,47.23104],[6.65341,47.22992],[6.66094,47.23173],[6.66258,47.2312]]]},"properties":{"code_insee":"25113","population":143,"superficie_cadastrale":640,"nom_officiel":"Chamesey","date_du_recensement":"2023-01-01Z","densite":22.3},"id":"commune.17857"},
{"type":"Feature","geometry":{"type":"Polygon","coordinates":[[[6.03616,47.30954],[6.03505,47.31319],[6.02961,47.31545],[6.02649,47.31585],[6.02326,47.31469],[6.02425,47.31318],[6.02071,47.31264],[6.01677,47.31012],[6.01522,47.30695],[6.01247,47.3054],[6.01547,47.30407],[6.00998,47.30052],[6.00684,47.29956],[6.0048,47.2953],[6.01097,47.29543],[6.01753,47.29943],[6.02162,47.30013],[6.02914,47.30367],[6.03451,47.30743],[6.03616,47.30954]]]},"properties":{"code_insee":"25557","population":436,"superficie_cadastrale":230,"nom_officiel":"Tallenay","date_du_recensement":"2023-01-01Z","densite":189.6},"id":"commune.18028"},
{"type":"Feature","geometry":{"type":"Polygon","coordinates":[[[6.05739,47.21341],[6.05339,47.20976],[6.05465,47.20733],[6.05911,47.20804],[6.05854,47.20576],[6.06131,47.19992],[6.06178,47.19613],[6.06426,47.19331],[6.06868,47.19006],[6.0699,47.18679],[6.07335,47.18417],[6.07513,47.18471],[6.07579,47.18114],[6.07726,47.18056],[6.08192,47.18091],[6.08514,47.18352],[6.08807,47.1888],[6.09114,47.19093],[6.09251,47.19518],[6.09154,47.19622],[6.08516,47.1999],[6.08229,47.20221],[6.07755,47.20394],[6.07439,47.20365],[6.07041,47.20771],[6.07223,47.21061],[6.07085,47.21291],[6.06811,47.21196],[6.06643,47.21415],[6.06341,47.21587],[6.06018,47.21537],[6.05739,47.21341]]]},"properties":{"code_insee":"25611","population":493,"superficie_cadastrale":530,"nom_officiel":"La Vèze","date_du_recensement":"2023-01-01Z","densite":93},"id":"commune.18086"},
{"type":"Feature","geometry":{"type":"Polygon","coordinates":[[[6.37151,47.20718],[6.37741,47.20751],[6.37927,47.20574],[6.38384,47.20508],[6.38618,47.20284],[6.39154,47.20429],[6.39559,47.20399],[6.39817,47.20551],[6.40484,47.20709],[6.40901,47.2072],[6.41223,47.20599],[6.41266,47.20333],[6.41681,47.20685],[6.41715,47.21013],[6.41881,47.21204],[6.41952,47.21567],[6.41794,47.21858],[6.41461,47.22245],[6.41072,47.22219],[6.40889,47.22324],[6.40245,47.22375],[6.39641,47.22351],[6.39287,47.22215],[6.39359,47.22032],[6.39046,47.22019],[6.38441,47.21742],[6.3825,47.21819],[6.37928,47.21692],[6.37502,47.21514],[6.37197,47.20949],[6.37151,47.20718]]]},"properties":{"code_insee":"25218","population":167,"superficie_cadastrale":580,"nom_officiel":"Épenouse","date_du_recensement":"2022-01-01Z","densite":28.8},"id":"commune.18094"},
{"type":"Feature","geometry":{"type":"Polygon","coordinates":[[[6.8692,47.43814],[6.86912,47.4368],[6.86622,47.43387],[6.86542,47.43138],[6.86846,47.4297],[6.86513,47.42648],[6.86714,47.4228],[6.87326,47.42017],[6.8749,47.4181],[6.87701,47.42057],[6.88279,47.42347],[6.8857,47.4239],[6.89677,47.42388],[6.89937,47.42481],[6.89828,47.42685],[6.90152,47.43055],[6.90141,47.43242],[6.89739,47.43595],[6.901,47.43817],[6.90048,47.44112],[6.90269,47.44278],[6.90752,47.44429],[6.90825,47.44662],[6.90483,47.44635],[6.89512,47.45092],[6.89273,47.45007],[6.88807,47.45101],[6.88119,47.45065],[6.87764,47.45252],[6.8742,47.45219],[6.87383,47.45048],[6.875,47.44701],[6.87689,47.44398],[6.87541,47.44233],[6.8692,47.43814]]]},"properties":{"code_insee":"25304","population":3508,"superficie_cadastrale":730,"nom_officiel":"Hérimoncourt","date_du_recensement":"2023-01-01Z","densite":480.5},"id":"commune.18121"},
{"type":"Feature","geometry":{"type":"Polygon","coordinates":[[[6.67306,47.41405],[6.67207,47.40973],[6.66137,47.40749],[6.65906,47.40756],[6.65427,47.40796],[6.65293,47.40387],[6.65167,47.39964],[6.64752,47.39916],[6.64983,47.39484],[6.65416,47.39204],[6.65908,47.39212],[6.6637,47.39],[6.66145,47.3877],[6.65827,47.3824],[6.66503,47.38574],[6.66841,47.38515],[6.67176,47.38842],[6.67441,47.3892],[6.67605,47.38554],[6.67928,47.38594],[6.68479,47.38803],[6.68828,47.38866],[6.6912,47.38673],[6.69472,47.38605],[6.6991,47.38769],[6.69297,47.38896],[6.6954,47.39203],[6.70131,47.39096],[6.70351,47.3918],[6.71376,47.3943],[6.71376,47.3978],[6.71346,47.39812],[6.71136,47.39747],[6.70707,47.39864],[6.70331,47.39814],[6.70109,47.39871],[6.69978,47.4032],[6.69206,47.4048],[6.68964,47.40765],[6.68102,47.40891],[6.67794,47.41487],[6.67306,47.41405]]]},"properties":{"code_insee":"25281","population":270,"superficie_cadastrale":890,"nom_officiel":"Goux-lès-Dambelin","date_du_recensement":"2023-01-01Z","densite":30.3},"id":"commune.18134"},
{"type":"Feature","geometry":{"type":"Polygon","coordinates":[[[6.25915,47.05999],[6.24651,47.07098],[6.24379,47.07739],[6.23667,47.08371],[6.23002,47.08244],[6.22967,47.08515],[6.22344,47.08739],[6.22211,47.08899],[6.22124,47.08512],[6.2182,47.08005],[6.21442,47.07785],[6.20647,47.07761],[6.20552,47.0764],[6.20947,47.07488],[6.21136,47.07582],[6.21398,47.07525],[6.21622,47.07232],[6.22026,47.07514],[6.22296,47.0746],[6.22502,47.07659],[6.22887,47.07268],[6.23069,47.06566],[6.23674,47.06256],[6.24045,47.05582],[6.23979,47.05467],[6.24328,47.05184],[6.24532,47.05451],[6.25764,47.05869],[6.25915,47.05999]]]},"properties":{"code_insee":"25211","population":88,"superficie_cadastrale":520,"nom_officiel":"Échevannes","date_du_recensement":"2023-01-01Z","densite":16.9},"id":"commune.18145"},
{"type":"Feature","geometry":{"type":"Polygon","coordinates":[[[6.78504,47.38668],[6.77857,47.38877],[6.77566,47.39381],[6.77601,47.39517],[6.77266,47.39485],[6.76712,47.40028],[6.76779,47.40347],[6.76435,47.40437],[6.76355,47.40793],[6.75949,47.4087],[6.75898,47.40999],[6.75437,47.4102],[6.75514,47.41235],[6.75203,47.41225],[6.74666,47.40758],[6.73896,47.40357],[6.73834,47.40106],[6.73931,47.39197],[6.73356,47.39048],[6.73581,47.38664],[6.74684,47.37775],[6.74312,47.37064],[6.74822,47.37012],[6.75239,47.37408],[6.75247,47.37724],[6.75806,47.37897],[6.76018,47.37766],[6.7649,47.3786],[6.76083,47.37204],[6.75674,47.36881],[6.75586,47.36713],[6.75702,47.36521],[6.767,47.3641],[6.77028,47.36416],[6.77682,47.36207],[6.78637,47.36288],[6.79149,47.3628],[6.79699,47.3634],[6.79783,47.36558],[6.79171,47.36636],[6.79125,47.36914],[6.78812,47.37158],[6.78779,47.37569],[6.78675,47.37994],[6.78479,47.38328],[6.78504,47.38668]]]},"properties":{"code_insee":"25463","population":3912,"superficie_cadastrale":1360,"nom_officiel":"Pont-de-Roide-Vermondans","date_du_recensement":"2023-01-01Z","densite":287.6},"id":"commune.18215"},
{"type":"Feature","geometry":{"type":"Polygon","coordinates":[[[6.79725,47.4928],[6.79746,47.48951],[6.79636,47.486],[6.80123,47.48639],[6.805,47.48497],[6.8129,47.48339],[6.81436,47.48352],[6.81641,47.48755],[6.821,47.48955],[6.8223,47.49129],[6.82028,47.49063],[6.81723,47.49208],[6.8089,47.49288],[6.7995,47.49206],[6.79725,47.4928]]]},"properties":{"code_insee":"25020","population":876,"superficie_cadastrale":130,"nom_officiel":"Arbouans","date_du_recensement":"2023-01-01Z","densite":673.8},"id":"commune.18290"},
{"type":"Feature","geometry":{"type":"Polygon","coordinates":[[[6.79997,47.32897],[6.80515,47.33178],[6.81864,47.33473],[6.81825,47.33087],[6.82287,47.32893],[6.82918,47.33048],[6.82758,47.33263],[6.82855,47.33413],[6.8273,47.33603],[6.82367,47.33676],[6.82056,47.33447],[6.81955,47.3408],[6.82109,47.34262],[6.82089,47.34485],[6.82466,47.34736],[6.824,47.34855],[6.82514,47.35166],[6.82149,47.35439],[6.8245,47.3547],[6.82654,47.36122],[6.82047,47.362],[6.81169,47.36482],[6.80428,47.36552],[6.79783,47.36558],[6.79699,47.3634],[6.79149,47.3628],[6.78637,47.36288],[6.77682,47.36207],[6.77028,47.36416],[6.767,47.3641],[6.77213,47.36105],[6.76619,47.35875],[6.76373,47.35252],[6.76586,47.35324],[6.76946,47.35188],[6.77407,47.35301],[6.77537,47.35069],[6.77224,47.34802],[6.76757,47.34681],[6.77241,47.34269],[6.7754,47.34144],[6.7728,47.339],[6.76952,47.33768],[6.76745,47.33617],[6.77094,47.33384],[6.7727,47.33614],[6.77593,47.33746],[6.77748,47.33929],[6.78325,47.34268],[6.78767,47.34176],[6.78613,47.3397],[6.78912,47.3376],[6.78891,47.33546],[6.79694,47.32865],[6.79997,47.32897]]]},"properties":{"code_insee":"25393","population":563,"superficie_cadastrale":1310,"nom_officiel":"Montécheroux","date_du_recensement":"2023-01-01Z","densite":43},"id":"commune.18341"},
{"type":"Feature","geometry":{"type":"Polygon","coordinates":[[[6.37606,46.82036],[6.37252,46.82154],[6.36911,46.82141],[6.37028,46.81907],[6.36995,46.81767],[6.36444,46.81378],[6.36239,46.81092],[6.36096,46.80645],[6.35614,46.79988],[6.35814,46.79063],[6.36219,46.78824],[6.36569,46.78239],[6.37971,46.78443],[6.38357,46.78799],[6.38963,46.79461],[6.39804,46.80082],[6.40241,46.80037],[6.40811,46.80165],[6.41551,46.80054],[6.42694,46.79783],[6.43421,46.79319],[6.4415,46.79785],[6.43479,46.80149],[6.43104,46.81236],[6.42863,46.81614],[6.42448,46.81565],[6.42222,46.81759],[6.41704,46.81625],[6.40769,46.81459],[6.39955,46.81497],[6.39797,46.81566],[6.39341,46.81515],[6.38508,46.81575],[6.38037,46.81728],[6.379,46.81687],[6.37606,46.82036]]]},"properties":{"code_insee":"25308","population":462,"superficie_cadastrale":1420,"nom_officiel":"Les Hôpitaux-Vieux","date_du_recensement":"2023-01-01Z","densite":32.5},"id":"commune.18457"},
{"type":"Feature","geometry":{"type":"Polygon","coordinates":[[[6.69283,47.4844],[6.68592,47.48947],[6.68267,47.48884],[6.6793,47.48558],[6.68062,47.48308],[6.67822,47.47824],[6.6686,47.47922],[6.66004,47.47847],[6.66367,47.47833],[6.66815,47.47552],[6.66935,47.46852],[6.66892,47.4675],[6.67163,47.46273],[6.67397,47.46033],[6.67943,47.45676],[6.68185,47.45417],[6.68407,47.455],[6.69164,47.45951],[6.69649,47.46435],[6.69928,47.46593],[6.70014,47.46637],[6.69795,47.46898],[6.69757,47.47487],[6.69975,47.47659],[6.6957,47.48043],[6.69283,47.4844]]]},"properties":{"code_insee":"25350","population":742,"superficie_cadastrale":600,"nom_officiel":"Lougres","date_du_recensement":"2023-01-01Z","densite":123.7},"id":"commune.18469"},
{"type":"Feature","geometry":{"type":"Polygon","coordinates":[[[6.76611,47.5023],[6.76041,47.50074],[6.75725,47.49917],[6.75318,47.4953],[6.74524,47.49577],[6.74539,47.49405],[6.74894,47.49314],[6.74891,47.49118],[6.7512,47.48974],[6.75646,47.48974],[6.75904,47.48811],[6.76477,47.48639],[6.7652,47.48273],[6.76235,47.48056],[6.76256,47.47942],[6.76441,47.48048],[6.76871,47.47921],[6.77155,47.47976],[6.77463,47.48476],[6.77784,47.48474],[6.78548,47.48287],[6.786,47.48803],[6.78455,47.48999],[6.78593,47.49099],[6.78045,47.49356],[6.77783,47.49287],[6.77449,47.49527],[6.77301,47.49978],[6.76839,47.50065],[6.76611,47.5023]]]},"properties":{"code_insee":"25043","population":1985,"superficie_cadastrale":380,"nom_officiel":"Bart","date_du_recensement":"2023-01-01Z","densite":522.4},"id":"commune.18526"},
{"type":"Feature","geometry":{"type":"Polygon","coordinates":[[[6.74792,47.53679],[6.74193,47.53578],[6.7309,47.53517],[6.72756,47.53461],[6.72663,47.53131],[6.71779,47.52823],[6.71941,47.52575],[6.72358,47.52248],[6.72692,47.5139],[6.73294,47.51466],[6.73438,47.51809],[6.73452,47.52074],[6.73632,47.52371],[6.74197,47.52898],[6.74627,47.53417],[6.74981,47.53717],[6.74792,47.53679]]]},"properties":{"code_insee":"25316","population":239,"superficie_cadastrale":270,"nom_officiel":"Issans","date_du_recensement":"2023-01-01Z","densite":88.5},"id":"commune.18537"},
{"type":"Feature","geometry":{"type":"Polygon","coordinates":[[[6.07688,46.92577],[6.07364,46.93315],[6.0755,46.93975],[6.06712,46.95514],[6.06352,46.95507],[6.02971,46.95217],[6.02754,46.95273],[6.01169,46.94427],[6.00806,46.94174],[6.00519,46.94344],[5.99714,46.93353],[6.00221,46.93437],[6.00263,46.93248],[6.00559,46.93156],[6.0081,46.92972],[6.0098,46.93097],[6.01254,46.92978],[6.01517,46.93209],[6.018,46.93158],[6.01863,46.92993],[6.02163,46.92787],[6.02127,46.92571],[6.03574,46.92401],[6.06724,46.92935],[6.07029,46.92837],[6.07345,46.92561],[6.07688,46.92577]]]},"properties":{"code_insee":"25621","population":213,"superficie_cadastrale":1430,"nom_officiel":"Villeneuve-d'Amont","date_du_recensement":"2023-01-01Z","densite":14.9},"id":"commune.18717"},
{"type":"Feature","geometry":{"type":"Polygon","coordinates":[[[6.36291,46.87577],[6.36189,46.87029],[6.36343,46.86837],[6.35912,46.86536],[6.35695,46.86192],[6.35975,46.85938],[6.361,46.85642],[6.35432,46.84961],[6.3609,46.8473],[6.36703,46.84739],[6.36569,46.8436],[6.3674,46.84166],[6.36825,46.83701],[6.36744,46.83076],[6.37052,46.82346],[6.36911,46.82141],[6.37252,46.82154],[6.37606,46.82036],[6.3774,46.82376],[6.38217,46.83165],[6.38123,46.83458],[6.3835,46.83937],[6.38047,46.84213],[6.37786,46.84127],[6.37122,46.84401],[6.37326,46.84806],[6.37204,46.85064],[6.37368,46.853],[6.3728,46.85538],[6.37523,46.85768],[6.38324,46.85768],[6.38759,46.85895],[6.3882,46.85794],[6.39706,46.85579],[6.40716,46.85424],[6.41289,46.85623],[6.41169,46.86141],[6.41764,46.86389],[6.42932,46.8645],[6.43392,46.86547],[6.44145,46.86779],[6.43771,46.87506],[6.43321,46.8803],[6.43538,46.88155],[6.42658,46.89247],[6.42438,46.89471],[6.41732,46.89262],[6.41157,46.89044],[6.41075,46.89197],[6.40611,46.88841],[6.4009,46.88739],[6.39711,46.88735],[6.39055,46.88601],[6.38652,46.88572],[6.38277,46.88723],[6.37495,46.88799],[6.37341,46.88951],[6.36934,46.89122],[6.3637,46.89238],[6.36439,46.88659],[6.36387,46.88409],[6.36196,46.884],[6.36286,46.88045],[6.36291,46.87577]]]},"properties":{"code_insee":"25157","population":1310,"superficie_cadastrale":2250,"nom_officiel":"La Cluse-et-Mijoux","date_du_recensement":"2023-01-01Z","densite":58.2},"id":"commune.18741"},
{"type":"Feature","geometry":{"type":"Polygon","coordinates":[[[6.88141,47.21077],[6.88191,47.21264],[6.88432,47.21322],[6.88695,47.21788],[6.88875,47.21886],[6.89272,47.22271],[6.89756,47.22397],[6.89379,47.22811],[6.89791,47.23246],[6.9011,47.23494],[6.90515,47.23689],[6.90378,47.23783],[6.91013,47.24065],[6.91745,47.24334],[6.91745,47.2459],[6.91157,47.24955],[6.91361,47.25073],[6.91094,47.25192],[6.90619,47.2492],[6.90155,47.25105],[6.89199,47.25372],[6.89191,47.25565],[6.88556,47.25681],[6.88563,47.25985],[6.88148,47.26449],[6.87697,47.26465],[6.87449,47.26573],[6.87323,47.26879],[6.86819,47.26832],[6.86459,47.26675],[6.86479,47.26348],[6.85879,47.26093],[6.85535,47.26043],[6.85658,47.25846],[6.85447,47.25368],[6.85305,47.25362],[6.84829,47.25068],[6.84699,47.24705],[6.84253,47.2455],[6.84467,47.24212],[6.84237,47.23809],[6.84456,47.23655],[6.84646,47.23369],[6.84249,47.2316],[6.83991,47.22751],[6.84098,47.22533],[6.84452,47.22162],[6.84864,47.22144],[6.85058,47.21908],[6.85302,47.21855],[6.85157,47.2138],[6.85446,47.21198],[6.85801,47.21248],[6.86056,47.20954],[6.86071,47.20784],[6.86611,47.21118],[6.87367,47.21319],[6.88141,47.21077]]]},"properties":{"code_insee":"25193","population":1776,"superficie_cadastrale":2190,"nom_officiel":"Damprichard","date_du_recensement":"2023-01-01Z","densite":81.1},"id":"commune.18792"},
{"type":"Feature","geometry":{"type":"Polygon","coordinates":[[[6.16414,46.73449],[6.15574,46.73179],[6.15122,46.7288],[6.13912,46.72505],[6.13746,46.72396],[6.1482,46.71322],[6.15242,46.71274],[6.1564,46.71585],[6.15935,46.71331],[6.15805,46.71183],[6.16448,46.70734],[6.17411,46.71106],[6.18005,46.71826],[6.1843,46.71602],[6.18419,46.71999],[6.19026,46.72407],[6.18958,46.72514],[6.18552,46.72703],[6.18129,46.72737],[6.17839,46.72614],[6.17236,46.72881],[6.16986,46.72926],[6.17118,46.73171],[6.16866,46.73368],[6.16634,46.73272],[6.16414,46.73449]]]},"properties":{"code_insee":"25464","population":141,"superficie_cadastrale":640,"nom_officiel":"Les Pontets","date_du_recensement":"2023-01-01Z","densite":22},"id":"commune.18815"},
{"type":"Feature","geometry":{"type":"Polygon","coordinates":[[[6.64431,47.17562],[6.64811,47.17306],[6.65092,47.17233],[6.66592,47.17197],[6.66925,47.17353],[6.67272,47.17683],[6.6757,47.17711],[6.67883,47.17982],[6.6859,47.17947],[6.69068,47.18029],[6.69455,47.18164],[6.69372,47.18376],[6.68517,47.19309],[6.68463,47.19292],[6.6782,47.19068],[6.67488,47.19026],[6.67255,47.18722],[6.66643,47.18399],[6.66429,47.18356],[6.65758,47.18008],[6.6535,47.17921],[6.64737,47.17895],[6.64662,47.17627],[6.64431,47.17562]]]},"properties":{"code_insee":"25389","population":114,"superficie_cadastrale":380,"nom_officiel":"Montbéliardot","date_du_recensement":"2023-01-01Z","densite":30},"id":"commune.18833"},
{"type":"Feature","geometry":{"type":"Polygon","coordinates":[[[6.3177,46.78744],[6.32385,46.79198],[6.33485,46.7944],[6.33491,46.79574],[6.32801,46.79922],[6.32936,46.79967],[6.32763,46.80115],[6.33117,46.80351],[6.33158,46.80562],[6.32865,46.80827],[6.32417,46.8091],[6.32124,46.81095],[6.32109,46.81307],[6.3174,46.81421],[6.31432,46.81616],[6.29532,46.79971],[6.28767,46.79237],[6.28714,46.79142],[6.2852,46.78912],[6.2883,46.78757],[6.29235,46.78839],[6.2968,46.78846],[6.2995,46.78739],[6.30777,46.78896],[6.3117,46.7868],[6.31375,46.78817],[6.3177,46.78744]]]},"properties":{"code_insee":"25361","population":903,"superficie_cadastrale":660,"nom_officiel":"Malbuisson","date_du_recensement":"2023-01-01Z","densite":136.8},"id":"commune.18850"},
{"type":"Feature","geometry":{"type":"Polygon","coordinates":[[[6.01361,47.16083],[6.01154,47.16223],[6.00845,47.16704],[6.00881,47.17234],[6.00766,47.17588],[6.00577,47.17743],[6.00032,47.18493],[5.99412,47.19145],[5.9896,47.19299],[5.9874,47.19064],[5.98631,47.18684],[5.98326,47.18597],[5.9756,47.17515],[5.97573,47.17284],[5.97829,47.17176],[5.98298,47.16707],[5.97835,47.15871],[5.98064,47.15892],[5.98234,47.16089],[5.98516,47.15904],[5.98877,47.15791],[5.99304,47.15766],[5.99625,47.15612],[5.9991,47.15635],[5.99979,47.1547],[6.00479,47.15464],[6.0078,47.15522],[6.01106,47.15556],[6.01383,47.1575],[6.01361,47.16083]]]},"properties":{"code_insee":"25473","population":676,"superficie_cadastrale":730,"nom_officiel":"Pugey","date_du_recensement":"2023-01-01Z","densite":92.6},"id":"commune.18871"},
{"type":"Feature","geometry":{"type":"Polygon","coordinates":[[[6.2386,46.8406],[6.23883,46.8413],[6.24561,46.84501],[6.25268,46.84992],[6.26076,46.85298],[6.26161,46.85643],[6.26376,46.85908],[6.26148,46.86204],[6.2599,46.86191],[6.25531,46.86603],[6.24577,46.87229],[6.24321,46.87176],[6.23456,46.87879],[6.22708,46.88042],[6.22573,46.88156],[6.21214,46.88747],[6.20562,46.88862],[6.20351,46.88955],[6.18729,46.90273],[6.17647,46.90557],[6.1727,46.90589],[6.15959,46.90984],[6.15555,46.91163],[6.15361,46.91036],[6.15491,46.90834],[6.16111,46.90443],[6.16053,46.90156],[6.16646,46.89567],[6.17633,46.88937],[6.1796,46.88815],[6.18767,46.88343],[6.19783,46.87654],[6.19514,46.87385],[6.19825,46.87207],[6.19746,46.87041],[6.19821,46.86531],[6.20048,46.86487],[6.20679,46.86205],[6.21605,46.8585],[6.22924,46.8506],[6.23201,46.84934],[6.23425,46.84689],[6.2386,46.8406]]]},"properties":{"code_insee":"25493","population":933,"superficie_cadastrale":1920,"nom_officiel":"La Rivière-Drugeon","date_du_recensement":"2023-01-01Z","densite":48.6},"id":"commune.18902"},
{"type":"Feature","geometry":{"type":"Polygon","coordinates":[[[6.14433,47.26242],[6.1484,47.25724],[6.15122,47.25053],[6.15339,47.24318],[6.15093,47.24212],[6.15503,47.2393],[6.15773,47.23516],[6.16359,47.2318],[6.17172,47.22936],[6.17744,47.22296],[6.18134,47.22426],[6.1871,47.22803],[6.19096,47.22941],[6.20432,47.23898],[6.20586,47.24195],[6.20479,47.24287],[6.20358,47.24729],[6.20545,47.24912],[6.20974,47.25024],[6.20765,47.25337],[6.20562,47.25495],[6.20321,47.25503],[6.19979,47.25885],[6.19849,47.25844],[6.19314,47.26887],[6.1894,47.26892],[6.18629,47.27507],[6.18,47.27282],[6.1762,47.27047],[6.16839,47.26917],[6.163,47.26666],[6.15651,47.266],[6.1531,47.26468],[6.14433,47.26242]]]},"properties":{"code_insee":"25418","population":1308,"superficie_cadastrale":1650,"nom_officiel":"Nancray","date_du_recensement":"2023-01-01Z","densite":79.3},"id":"commune.18985"},
{"type":"Feature","geometry":{"type":"Polygon","coordinates":[[[6.28711,46.93669],[6.29277,46.92853],[6.29672,46.9256],[6.29515,46.92443],[6.30031,46.92038],[6.3045,46.91787],[6.30552,46.91985],[6.30893,46.91958],[6.32153,46.91449],[6.32828,46.91141],[6.3352,46.91928],[6.33069,46.92171],[6.32907,46.92352],[6.32069,46.92931],[6.3166,46.93085],[6.3112,46.93457],[6.30907,46.93751],[6.31338,46.94103],[6.31099,46.94243],[6.31332,46.94432],[6.30585,46.94917],[6.295,46.94112],[6.28711,46.93669]]]},"properties":{"code_insee":"25201","population":864,"superficie_cadastrale":640,"nom_officiel":"Dommartin","date_du_recensement":"2023-01-01Z","densite":135},"id":"commune.19030"},
{"type":"Feature","geometry":{"type":"Polygon","coordinates":[[[6.31767,46.81917],[6.31432,46.81616],[6.3174,46.81421],[6.32109,46.81307],[6.32124,46.81095],[6.32417,46.8091],[6.32865,46.80827],[6.33158,46.80562],[6.33117,46.80351],[6.32763,46.80115],[6.32936,46.79967],[6.33416,46.80185],[6.3428,46.79925],[6.34603,46.80242],[6.35132,46.80495],[6.35232,46.8061],[6.35001,46.8092],[6.35387,46.8092],[6.35703,46.81017],[6.36051,46.81293],[6.36621,46.81644],[6.36829,46.81865],[6.37028,46.81907],[6.36911,46.82141],[6.37052,46.82346],[6.36744,46.83076],[6.36825,46.83701],[6.3674,46.84166],[6.36648,46.83923],[6.36166,46.83637],[6.35481,46.83754],[6.35135,46.83744],[6.34717,46.83639],[6.34669,46.83861],[6.34456,46.84011],[6.3389,46.83648],[6.32977,46.83167],[6.32693,46.82848],[6.31767,46.81917]]]},"properties":{"code_insee":"25405","population":940,"superficie_cadastrale":1160,"nom_officiel":"Montperreux","date_du_recensement":"2023-01-01Z","densite":81},"id":"commune.19049"},
{"type":"Feature","geometry":{"type":"Polygon","coordinates":[[[6.05703,47.06842],[6.04867,47.05937],[6.0438,47.05977],[6.03969,47.05899],[6.04044,47.05821],[6.03785,47.05145],[6.04108,47.0511],[6.05147,47.04625],[6.05104,47.04433],[6.05256,47.04287],[6.05863,47.0409],[6.06224,47.04087],[6.06681,47.0436],[6.07308,47.04404],[6.07663,47.04754],[6.07759,47.04616],[6.08188,47.04552],[6.08369,47.0519],[6.08321,47.05382],[6.09177,47.05443],[6.09712,47.05465],[6.09822,47.05616],[6.09086,47.05706],[6.08767,47.05704],[6.0855,47.0609],[6.08306,47.06337],[6.08155,47.06628],[6.07792,47.06938],[6.07251,47.07071],[6.06704,47.07101],[6.06664,47.06932],[6.06149,47.07058],[6.05703,47.06842]]]},"properties":{"code_insee":"25236","population":319,"superficie_cadastrale":820,"nom_officiel":"Fertans","date_du_recensement":"2023-01-01Z","densite":38.9},"id":"commune.19074"},
{"type":"Feature","geometry":{"type":"Polygon","coordinates":[[[6.73113,47.3367],[6.73081,47.33984],[6.73218,47.34086],[6.73729,47.34044],[6.7392,47.34218],[6.74378,47.34614],[6.74271,47.3476],[6.7509,47.35113],[6.75243,47.35221],[6.7531,47.35583],[6.75238,47.35751],[6.74322,47.35864],[6.7392,47.36417],[6.73134,47.36105],[6.72539,47.36007],[6.72861,47.3541],[6.72389,47.34901],[6.72421,47.34631],[6.72229,47.33779],[6.724,47.33835],[6.73113,47.3367]]]},"properties":{"code_insee":"25239","population":190,"superficie_cadastrale":380,"nom_officiel":"Feule","date_du_recensement":"2023-01-01Z","densite":50},"id":"commune.19137"},
{"type":"Feature","geometry":{"type":"Polygon","coordinates":[[[6.82156,47.18554],[6.8228,47.18918],[6.81565,47.18774],[6.81401,47.18947],[6.81618,47.19138],[6.8151,47.19395],[6.807,47.19481],[6.80821,47.19843],[6.80598,47.19933],[6.80511,47.20193],[6.80647,47.20357],[6.80423,47.20687],[6.8062,47.21052],[6.80787,47.21164],[6.80694,47.21417],[6.80943,47.21553],[6.80867,47.2171],[6.80321,47.21572],[6.80492,47.2187],[6.80313,47.22079],[6.80293,47.22399],[6.79947,47.22365],[6.79922,47.2284],[6.80337,47.23182],[6.80242,47.2333],[6.79613,47.23137],[6.79592,47.229],[6.78369,47.22591],[6.78296,47.22461],[6.7789,47.22309],[6.77903,47.22013],[6.77518,47.21826],[6.77596,47.21566],[6.77787,47.21498],[6.77991,47.21246],[6.77736,47.21117],[6.78103,47.20811],[6.78558,47.20346],[6.79013,47.19611],[6.79169,47.19117],[6.7884,47.19024],[6.79072,47.1883],[6.79387,47.18813],[6.79115,47.18512],[6.79503,47.18182],[6.7974,47.18293],[6.79893,47.18064],[6.80398,47.1773],[6.80682,47.17769],[6.8102,47.18056],[6.81683,47.183],[6.81614,47.1845],[6.82156,47.18554]]]},"properties":{"code_insee":"25213","population":777,"superficie_cadastrale":950,"nom_officiel":"Les Écorces","date_du_recensement":"2023-01-01Z","densite":81.8},"id":"commune.19157"},
{"type":"Feature","geometry":{"type":"Polygon","coordinates":[[[6.5241,47.14516],[6.5327,47.14592],[6.53385,47.14527],[6.53887,47.14665],[6.54013,47.14466],[6.54361,47.14629],[6.54633,47.14363],[6.54945,47.14547],[6.5514,47.14427],[6.55468,47.14645],[6.55642,47.14525],[6.5581,47.14726],[6.5553,47.15106],[6.55619,47.15615],[6.55466,47.16014],[6.55155,47.1635],[6.55483,47.16737],[6.55426,47.16824],[6.55613,47.17191],[6.5643,47.17949],[6.56114,47.17861],[6.55645,47.18025],[6.55466,47.1817],[6.55235,47.17785],[6.54985,47.17557],[6.54184,47.17245],[6.53872,47.16976],[6.53521,47.16545],[6.53102,47.16325],[6.52724,47.15924],[6.52341,47.15859],[6.52077,47.16042],[6.51506,47.15569],[6.51464,47.15158],[6.51818,47.15105],[6.52282,47.14837],[6.5241,47.14516]]]},"properties":{"code_insee":"25600","population":238,"superficie_cadastrale":730,"nom_officiel":"Vennes","date_du_recensement":"2023-01-01Z","densite":32.6},"id":"commune.19270"},
{"type":"Feature","geometry":{"type":"Polygon","coordinates":[[[6.29696,47.40629],[6.29997,47.41014],[6.30454,47.40927],[6.30527,47.41008],[6.31601,47.41005],[6.31715,47.41199],[6.32138,47.4129],[6.32056,47.41688],[6.32298,47.41682],[6.32577,47.4207],[6.32353,47.4225],[6.32241,47.42479],[6.31766,47.42665],[6.31691,47.42925],[6.31299,47.4274],[6.31142,47.42583],[6.30918,47.42883],[6.3037,47.42906],[6.30365,47.4302],[6.29666,47.42828],[6.29448,47.42604],[6.29639,47.42],[6.29802,47.41792],[6.29411,47.40896],[6.29696,47.40629]]]},"properties":{"code_insee":"25498","population":44,"superficie_cadastrale":410,"nom_officiel":"Rognon","date_du_recensement":"2023-01-01Z","densite":10.7},"id":"commune.19350"},
{"type":"Feature","geometry":{"type":"Polygon","coordinates":[[[6.50339,47.42649],[6.49837,47.42766],[6.49181,47.4321],[6.48651,47.43383],[6.48347,47.44092],[6.47648,47.44852],[6.46791,47.446],[6.4661,47.43857],[6.46791,47.43373],[6.46725,47.43204],[6.46158,47.42993],[6.46071,47.42731],[6.45563,47.42606],[6.45534,47.41863],[6.454,47.41679],[6.45176,47.41631],[6.44349,47.41222],[6.43909,47.41543],[6.43486,47.41342],[6.43152,47.41068],[6.43104,47.40753],[6.43152,47.40436],[6.433,47.40439],[6.43716,47.40074],[6.43613,47.39903],[6.44057,47.39759],[6.44132,47.40162],[6.44485,47.40451],[6.44966,47.40705],[6.45229,47.40945],[6.45438,47.40642],[6.45647,47.40736],[6.46066,47.40671],[6.46086,47.40812],[6.46512,47.40802],[6.46923,47.40623],[6.47321,47.40706],[6.48017,47.41],[6.48895,47.41672],[6.49223,47.41818],[6.49542,47.41758],[6.49846,47.41835],[6.49825,47.42361],[6.50166,47.42446],[6.50339,47.42649]]]},"properties":{"code_insee":"25246","population":253,"superficie_cadastrale":1150,"nom_officiel":"Fontaine-lès-Clerval","date_du_recensement":"2023-01-01Z","densite":22},"id":"commune.19367"},
{"type":"Feature","geometry":{"type":"Polygon","coordinates":[[[5.83637,47.16668],[5.83309,47.16643],[5.82652,47.16502],[5.82076,47.16728],[5.81381,47.16766],[5.81184,47.16883],[5.81086,47.1633],[5.80882,47.1602],[5.81206,47.15462],[5.8162,47.15221],[5.81335,47.14996],[5.81735,47.14727],[5.82341,47.14184],[5.82705,47.1426],[5.82819,47.1412],[5.8312,47.13639],[5.83556,47.13213],[5.83738,47.13324],[5.83745,47.13496],[5.84053,47.13878],[5.8412,47.14223],[5.84785,47.14511],[5.85039,47.14719],[5.85502,47.15298],[5.85466,47.15824],[5.8502,47.16345],[5.84674,47.1651],[5.83637,47.16668]]]},"properties":{"code_insee":"25502","population":599,"superficie_cadastrale":830,"nom_officiel":"Roset-Fluans","date_du_recensement":"2023-01-01Z","densite":72.2},"id":"commune.19413"},
{"type":"Feature","geometry":{"type":"Polygon","coordinates":[[[6.84306,47.51331],[6.84156,47.51162],[6.83558,47.50888],[6.8299,47.50787],[6.82423,47.50841],[6.81955,47.50623],[6.82167,47.50203],[6.82274,47.49466],[6.82471,47.49294],[6.82714,47.4901],[6.83179,47.4916],[6.8339,47.49295],[6.83993,47.49258],[6.8406,47.49815],[6.84922,47.49867],[6.8536,47.49969],[6.85473,47.50158],[6.85114,47.5033],[6.84921,47.50549],[6.84688,47.50493],[6.84493,47.50799],[6.84306,47.51331]]]},"properties":{"code_insee":"25230","population":3277,"superficie_cadastrale":350,"nom_officiel":"Exincourt","date_du_recensement":"2023-01-01Z","densite":936.3},"id":"commune.19455"},
{"type":"Feature","geometry":{"type":"Polygon","coordinates":[[[6.26013,46.73801],[6.25791,46.73878],[6.24965,46.73545],[6.24385,46.74027],[6.24076,46.74388],[6.23583,46.74523],[6.23324,46.74388],[6.23323,46.73988],[6.23019,46.73863],[6.22778,46.73632],[6.22616,46.73715],[6.22294,46.7362],[6.21958,46.73791],[6.2144,46.74188],[6.20861,46.73971],[6.22245,46.73347],[6.2252,46.73459],[6.22824,46.73363],[6.22707,46.73129],[6.22928,46.72908],[6.22838,46.72775],[6.22517,46.72712],[6.22503,46.72544],[6.22845,46.72185],[6.23566,46.7128],[6.23959,46.70921],[6.24319,46.70722],[6.24763,46.70643],[6.25066,46.70509],[6.25006,46.702],[6.25184,46.69865],[6.25616,46.69504],[6.25983,46.69058],[6.26314,46.69256],[6.25739,46.69988],[6.25107,46.70875],[6.24042,46.71489],[6.23003,46.72713],[6.23414,46.72674],[6.23769,46.72928],[6.24158,46.73],[6.24847,46.73251],[6.25217,46.73266],[6.25541,46.73516],[6.25919,46.73664],[6.26013,46.73801]]]},"properties":{"code_insee":"25263","population":267,"superficie_cadastrale":490,"nom_officiel":"Gellin","date_du_recensement":"2023-01-01Z","densite":54.5},"id":"commune.19511"},
{"type":"Feature","geometry":{"type":"Polygon","coordinates":[[[6.605,47.23918],[6.60675,47.2417],[6.60913,47.24061],[6.61133,47.24269],[6.61502,47.24204],[6.61816,47.24531],[6.62219,47.24652],[6.63063,47.24709],[6.63473,47.24779],[6.63919,47.2518],[6.64401,47.25257],[6.65779,47.25561],[6.66073,47.25521],[6.66753,47.25562],[6.66927,47.25692],[6.67474,47.25743],[6.67607,47.25999],[6.67586,47.26253],[6.67962,47.26289],[6.68278,47.26544],[6.68556,47.26517],[6.68398,47.26917],[6.68599,47.2699],[6.69424,47.27162],[6.69605,47.26948],[6.69872,47.27115],[6.70351,47.27031],[6.71061,47.26972],[6.71199,47.27215],[6.70514,47.27199],[6.70131,47.27258],[6.69707,47.27496],[6.7012,47.2785],[6.70636,47.28011],[6.70807,47.28238],[6.70598,47.28774],[6.70962,47.29029],[6.70595,47.2913],[6.70335,47.29221],[6.69921,47.29123],[6.69711,47.29285],[6.69366,47.29196],[6.69261,47.29004],[6.68984,47.29005],[6.68964,47.287],[6.68504,47.28701],[6.68432,47.28212],[6.67959,47.27075],[6.67968,47.26952],[6.67614,47.26875],[6.67438,47.26984],[6.66916,47.26962],[6.66756,47.27106],[6.66262,47.27069],[6.66298,47.27318],[6.65448,47.27553],[6.65231,47.27569],[6.645,47.27483],[6.6428,47.27111],[6.63786,47.27201],[6.63352,47.27129],[6.63158,47.26986],[6.62856,47.26983],[6.62675,47.26719],[6.62692,47.2653],[6.62496,47.26268],[6.62575,47.26138],[6.62085,47.25958],[6.61989,47.26011],[6.60454,47.25889],[6.60433,47.25719],[6.59916,47.25614],[6.59931,47.25331],[6.59735,47.25223],[6.59376,47.25202],[6.5954,47.24478],[6.59827,47.24107],[6.60254,47.23901],[6.605,47.23918]]]},"properties":{"code_insee":"25051","population":630,"superficie_cadastrale":1610,"nom_officiel":"Belleherbe","date_du_recensement":"2023-01-01Z","densite":39.1},"id":"commune.19612"},
{"type":"Feature","geometry":{"type":"Polygon","coordinates":[[[6.44326,47.27148],[6.44173,47.2782],[6.43748,47.28669],[6.43035,47.29071],[6.42233,47.2992],[6.42283,47.30071],[6.41771,47.30166],[6.41744,47.29906],[6.42103,47.2983],[6.42034,47.29467],[6.4177,47.28748],[6.41466,47.28328],[6.41548,47.27737],[6.4241,47.27621],[6.4257,47.27376],[6.43082,47.27343],[6.44326,47.27148]]]},"properties":{"code_insee":"25590","population":77,"superficie_cadastrale":360,"nom_officiel":"Vaudrivillers","date_du_recensement":"2023-01-01Z","densite":21.4},"id":"commune.19673"},
{"type":"Feature","geometry":{"type":"Polygon","coordinates":[[[6.01662,46.96774],[6.02343,46.9698],[6.02958,46.9708],[6.0335,46.97371],[6.03725,46.97497],[6.03888,46.97418],[6.04869,46.97474],[6.05394,46.9761],[6.0557,46.97793],[6.05974,46.97879],[6.05836,46.98143],[6.05288,46.9861],[6.04915,46.99051],[6.04715,46.9908],[6.04531,46.99311],[6.0455,46.9954],[6.04424,46.99569],[6.03328,46.99384],[6.02609,46.99102],[6.02424,46.99252],[6.02011,46.99215],[6.01313,46.99032],[6.00756,46.98775],[6.00361,46.98504],[6.00565,46.98275],[6.01271,46.9802],[6.0208,46.98051],[6.02596,46.97846],[6.02516,46.97406],[6.01964,46.97211],[6.01643,46.97041],[6.01662,46.96774]]]},"properties":{"code_insee":"25404","population":94,"superficie_cadastrale":650,"nom_officiel":"Montmahoux","date_du_recensement":"2023-01-01Z","densite":14.5},"id":"commune.19724"},
{"type":"Feature","geometry":{"type":"Polygon","coordinates":[[[6.88155,47.52348],[6.88574,47.51797],[6.88661,47.51605],[6.89121,47.51269],[6.90102,47.51065],[6.90444,47.51245],[6.9122,47.51383],[6.91476,47.51985],[6.92056,47.51767],[6.92517,47.51959],[6.92081,47.52014],[6.919,47.52122],[6.91681,47.5247],[6.90744,47.52593],[6.90719,47.52711],[6.90213,47.5265],[6.89978,47.52741],[6.89613,47.52627],[6.89458,47.52405],[6.88773,47.52427],[6.88551,47.52611],[6.88155,47.52348]]]},"properties":{"code_insee":"25237","population":2129,"superficie_cadastrale":350,"nom_officiel":"Fesches-le-Châtel","date_du_recensement":"2023-01-01Z","densite":608.3},"id":"commune.19741"},
{"type":"Feature","geometry":{"type":"Polygon","coordinates":[[[6.25338,47.1128],[6.25127,47.11034],[6.2497,47.111],[6.24301,47.1035],[6.24177,47.10335],[6.23496,47.09546],[6.23536,47.09475],[6.25055,47.09122],[6.2568,47.09457],[6.25813,47.09306],[6.26152,47.09235],[6.26783,47.09218],[6.2738,47.09313],[6.27471,47.0904],[6.27854,47.09145],[6.28284,47.09468],[6.27797,47.09819],[6.275,47.09703],[6.27173,47.09695],[6.26867,47.09999],[6.26714,47.10275],[6.26926,47.10394],[6.26796,47.10745],[6.26108,47.11171],[6.25893,47.1136],[6.25603,47.11474],[6.25338,47.1128]]]},"properties":{"code_insee":"25630","population":77,"superficie_cadastrale":490,"nom_officiel":"Voires","date_du_recensement":"2023-01-01Z","densite":15.7},"id":"commune.19861"},
{"type":"Feature","geometry":{"type":"Polygon","coordinates":[[[6.30585,46.94917],[6.31332,46.94432],[6.31099,46.94243],[6.31338,46.94103],[6.30907,46.93751],[6.3112,46.93457],[6.3166,46.93085],[6.32069,46.92931],[6.32907,46.92352],[6.33069,46.92171],[6.33075,46.92395],[6.33386,46.92682],[6.33663,46.92763],[6.33521,46.92959],[6.33546,46.93163],[6.33738,46.93265],[6.34337,46.93358],[6.34294,46.94299],[6.34388,46.94467],[6.34764,46.94454],[6.34759,46.94702],[6.35084,46.94852],[6.35163,46.95097],[6.35142,46.95572],[6.35241,46.95931],[6.35334,46.96646],[6.35456,46.97082],[6.35986,46.97718],[6.35736,46.98018],[6.35621,46.98278],[6.35051,46.98294],[6.34221,46.97991],[6.33182,46.97425],[6.32804,46.96991],[6.32153,46.9663],[6.31679,46.96007],[6.31352,46.95681],[6.31193,46.95172],[6.30585,46.94917]]]},"properties":{"code_insee":"25634","population":687,"superficie_cadastrale":1420,"nom_officiel":"Vuillecin","date_du_recensement":"2023-01-01Z","densite":48.4},"id":"commune.19891"},
{"type":"Feature","geometry":{"type":"Polygon","coordinates":[[[6.75183,47.25523],[6.75322,47.25797],[6.75642,47.26054],[6.76007,47.25966],[6.76269,47.26169],[6.76191,47.26482],[6.76478,47.26555],[6.76668,47.26835],[6.77262,47.27247],[6.77162,47.27764],[6.77837,47.27996],[6.77669,47.28191],[6.77342,47.28096],[6.76886,47.28269],[6.76613,47.28245],[6.76248,47.28411],[6.76077,47.28126],[6.76241,47.27789],[6.7583,47.27594],[6.757,47.27216],[6.75192,47.27223],[6.74699,47.2703],[6.74597,47.26887],[6.74631,47.26576],[6.74212,47.26566],[6.73853,47.26339],[6.73466,47.26321],[6.73528,47.26121],[6.73301,47.26002],[6.7325,47.25571],[6.73364,47.25191],[6.73878,47.25095],[6.73971,47.2518],[6.74506,47.25105],[6.75183,47.25523]]]},"properties":{"code_insee":"25433","population":41,"superficie_cadastrale":480,"nom_officiel":"Orgeans-Blanchefontaine","date_du_recensement":"2023-01-01Z","densite":8.5},"id":"commune.19903"},
{"type":"Feature","geometry":{"type":"Polygon","coordinates":[[[6.46477,47.32724],[6.46366,47.32319],[6.45703,47.32481],[6.45712,47.32337],[6.45293,47.32226],[6.45285,47.31955],[6.45001,47.31732],[6.44698,47.31387],[6.45014,47.30844],[6.45349,47.30485],[6.45655,47.30398],[6.45608,47.30134],[6.46915,47.2921],[6.47243,47.28558],[6.47025,47.28458],[6.47274,47.28128],[6.47556,47.27941],[6.48925,47.2842],[6.49467,47.28519],[6.50007,47.28521],[6.49788,47.28906],[6.49296,47.2887],[6.49145,47.29145],[6.48931,47.29091],[6.48601,47.29621],[6.48578,47.29876],[6.48236,47.30268],[6.48231,47.30529],[6.47915,47.30763],[6.47964,47.30972],[6.48357,47.31364],[6.48486,47.31801],[6.48098,47.32013],[6.47974,47.32378],[6.48104,47.32598],[6.48295,47.32668],[6.48037,47.32862],[6.47722,47.32783],[6.47393,47.32897],[6.47292,47.32774],[6.46707,47.32783],[6.46477,47.32724]]]},"properties":{"code_insee":"25544","population":195,"superficie_cadastrale":1000,"nom_officiel":"Servin","date_du_recensement":"2023-01-01Z","densite":19.5},"id":"commune.19909"},
{"type":"Feature","geometry":{"type":"Polygon","coordinates":[[[5.98939,47.20068],[5.98525,47.19862],[5.97975,47.19779],[5.97912,47.19585],[5.98253,47.19424],[5.98445,47.19364],[5.9874,47.19064],[5.9896,47.19299],[5.99204,47.19641],[6.0012,47.20089],[6.00337,47.2038],[6.00627,47.20458],[6.00862,47.2036],[6.01291,47.20523],[6.01497,47.20278],[6.01595,47.19871],[6.01895,47.20467],[6.01815,47.20584],[6.02999,47.20982],[6.02912,47.21439],[6.02435,47.21365],[6.0234,47.2155],[6.01743,47.21446],[6.01656,47.21745],[6.00571,47.21695],[6.00121,47.21467],[5.99583,47.20949],[5.99291,47.20294],[5.98939,47.20068]]]},"properties":{"code_insee":"25058","population":1305,"superficie_cadastrale":400,"nom_officiel":"Beure","date_du_recensement":"2023-01-01Z","densite":326.2},"id":"commune.19950"},
{"type":"Feature","geometry":{"type":"Polygon","coordinates":[[[6.16134,46.70247],[6.16059,46.70606],[6.16448,46.70734],[6.15805,46.71183],[6.15935,46.71331],[6.1564,46.71585],[6.15242,46.71274],[6.1482,46.71322],[6.13746,46.72396],[6.13103,46.7198],[6.13463,46.71765],[6.13788,46.71264],[6.14181,46.70921],[6.14091,46.70737],[6.14278,46.70559],[6.14571,46.70636],[6.15104,46.70053],[6.16134,46.70247]]]},"properties":{"code_insee":"25483","population":45,"superficie_cadastrale":250,"nom_officiel":"Reculfoz","date_du_recensement":"2023-01-01Z","densite":18},"id":"commune.20048"},
{"type":"Feature","geometry":{"type":"Polygon","coordinates":[[[6.62458,47.29807],[6.63223,47.30239],[6.63322,47.30646],[6.63064,47.30727],[6.63508,47.31233],[6.63444,47.31506],[6.63768,47.31724],[6.63203,47.31717],[6.62851,47.32537],[6.63215,47.32776],[6.63455,47.33204],[6.63209,47.33357],[6.63017,47.33606],[6.62713,47.33885],[6.62318,47.33981],[6.61823,47.33751],[6.61421,47.33797],[6.61172,47.33585],[6.60672,47.33486],[6.6056,47.33465],[6.60583,47.33372],[6.60214,47.33052],[6.60097,47.33191],[6.59372,47.32862],[6.59324,47.32415],[6.59653,47.32032],[6.59479,47.31878],[6.59663,47.31517],[6.60016,47.31013],[6.60525,47.31137],[6.60727,47.31086],[6.6071,47.30678],[6.61353,47.30758],[6.6178,47.30496],[6.62192,47.29769],[6.62458,47.29807]]]},"properties":{"code_insee":"25053","population":95,"superficie_cadastrale":930,"nom_officiel":"Belvoir","date_du_recensement":"2023-01-01Z","densite":10.2},"id":"commune.20073"},
{"type":"Feature","geometry":{"type":"Polygon","coordinates":[[[6.90147,47.33336],[6.9071,47.3368],[6.90964,47.33672],[6.91196,47.33913],[6.91192,47.34225],[6.91618,47.34339],[6.91536,47.34534],[6.91631,47.35008],[6.91488,47.35131],[6.90899,47.35328],[6.90704,47.35527],[6.90454,47.356],[6.90122,47.35885],[6.89964,47.35772],[6.89627,47.35851],[6.89486,47.35666],[6.883,47.35241],[6.87964,47.35254],[6.87904,47.35046],[6.87982,47.34778],[6.87616,47.34596],[6.87886,47.34324],[6.8789,47.34188],[6.88512,47.33732],[6.88851,47.33799],[6.8906,47.33691],[6.89182,47.33724],[6.89614,47.33445],[6.89773,47.3353],[6.90147,47.33336]]]},"properties":{"code_insee":"25402","population":23,"superficie_cadastrale":540,"nom_officiel":"Montjoie-le-Château","date_du_recensement":"2023-01-01Z","densite":4.3},"id":"commune.20115"},
{"type":"Feature","geometry":{"type":"Polygon","coordinates":[[[6.80398,47.1773],[6.79893,47.18064],[6.7974,47.18293],[6.79503,47.18182],[6.79115,47.18512],[6.79387,47.18813],[6.79072,47.1883],[6.7884,47.19024],[6.79169,47.19117],[6.79013,47.19611],[6.78558,47.20346],[6.78103,47.20811],[6.77736,47.21117],[6.77991,47.21246],[6.77787,47.21498],[6.77596,47.21566],[6.77518,47.21826],[6.77903,47.22013],[6.7789,47.22309],[6.78296,47.22461],[6.78369,47.22591],[6.78136,47.22751],[6.77715,47.23199],[6.76995,47.22795],[6.7632,47.22628],[6.75445,47.22307],[6.75678,47.22031],[6.75802,47.21654],[6.76058,47.21533],[6.75331,47.2123],[6.75818,47.20927],[6.76212,47.20407],[6.77028,47.19219],[6.77539,47.1853],[6.78012,47.17713],[6.78135,47.17577],[6.78854,47.1687],[6.79205,47.16864],[6.79583,47.17021],[6.79939,47.17276],[6.79988,47.17525],[6.80398,47.1773]]]},"properties":{"code_insee":"25256","population":867,"superficie_cadastrale":1010,"nom_officiel":"Frambouhans","date_du_recensement":"2023-01-01Z","densite":85.8},"id":"commune.20116"},
{"type":"Feature","geometry":{"type":"Polygon","coordinates":[[[6.68599,47.2699],[6.68398,47.26917],[6.68556,47.26517],[6.68278,47.26544],[6.67962,47.26289],[6.67586,47.26253],[6.67607,47.25999],[6.67474,47.25743],[6.67778,47.25736],[6.67808,47.25394],[6.68043,47.25179],[6.68039,47.24965],[6.68239,47.24736],[6.68698,47.24935],[6.69058,47.24845],[6.68833,47.24366],[6.68991,47.24],[6.69,47.23657],[6.6873,47.23218],[6.68495,47.23289],[6.68207,47.23136],[6.68389,47.22923],[6.69237,47.2285],[6.69278,47.22722],[6.6997,47.22713],[6.70013,47.23446],[6.69913,47.23683],[6.69972,47.23995],[6.69883,47.2431],[6.69961,47.24658],[6.70478,47.24689],[6.70459,47.25005],[6.7058,47.2531],[6.69871,47.25253],[6.69757,47.25361],[6.69862,47.25667],[6.69533,47.25949],[6.69439,47.26254],[6.68599,47.2699]]]},"properties":{"code_insee":"25588","population":115,"superficie_cadastrale":500,"nom_officiel":"Vaucluse","date_du_recensement":"2023-01-01Z","densite":23},"id":"commune.20146"},
{"type":"Feature","geometry":{"type":"Polygon","coordinates":[[[6.75432,47.41424],[6.75514,47.41235],[6.75437,47.4102],[6.75898,47.40999],[6.75949,47.4087],[6.76355,47.40793],[6.76435,47.40437],[6.76779,47.40347],[6.76712,47.40028],[6.77266,47.39485],[6.77601,47.39517],[6.7752,47.39977],[6.78234,47.40564],[6.78585,47.40578],[6.79174,47.4046],[6.78795,47.40682],[6.78782,47.40847],[6.79109,47.41237],[6.78958,47.4134],[6.78712,47.41827],[6.78716,47.42025],[6.79166,47.42366],[6.78864,47.42425],[6.77671,47.4233],[6.77535,47.42632],[6.76559,47.42209],[6.75943,47.42053],[6.75448,47.4186],[6.75321,47.41579],[6.75432,47.41424]]]},"properties":{"code_insee":"25082","population":876,"superficie_cadastrale":560,"nom_officiel":"Bourguignon","date_du_recensement":"2023-01-01Z","densite":156.4},"id":"commune.20335"},
{"type":"Feature","geometry":{"type":"Polygon","coordinates":[[[6.55674,47.31784],[6.54732,47.32238],[6.5492,47.32403],[6.5481,47.32654],[6.54543,47.32969],[6.54603,47.33145],[6.54252,47.33448],[6.54155,47.33682],[6.54723,47.34088],[6.54954,47.34148],[6.55287,47.33949],[6.5564,47.34018],[6.55782,47.3436],[6.55512,47.34745],[6.55592,47.34904],[6.55533,47.35421],[6.55174,47.35054],[6.54814,47.34773],[6.54306,47.34499],[6.54336,47.34346],[6.53808,47.33788],[6.53552,47.33392],[6.531,47.33044],[6.5228,47.32722],[6.51617,47.32651],[6.51664,47.32465],[6.51352,47.32373],[6.51421,47.3215],[6.51749,47.3203],[6.52365,47.32009],[6.52495,47.31709],[6.53295,47.31819],[6.5366,47.31654],[6.54015,47.31623],[6.54275,47.3124],[6.55679,47.31739],[6.55674,47.31784]]]},"properties":{"code_insee":"25145","population":117,"superficie_cadastrale":530,"nom_officiel":"Chazot","date_du_recensement":"2022-01-01Z","densite":22.1},"id":"commune.20431"},
{"type":"Feature","geometry":{"type":"Polygon","coordinates":[[[6.76952,47.33768],[6.7728,47.339],[6.7754,47.34144],[6.77241,47.34269],[6.76757,47.34681],[6.77224,47.34802],[6.77537,47.35069],[6.77407,47.35301],[6.76946,47.35188],[6.76586,47.35324],[6.76373,47.35252],[6.76619,47.35875],[6.77213,47.36105],[6.767,47.3641],[6.75702,47.36521],[6.75632,47.36033],[6.75865,47.35831],[6.76024,47.35105],[6.75753,47.34712],[6.75774,47.34539],[6.76026,47.34253],[6.75978,47.34065],[6.75577,47.33675],[6.75568,47.33544],[6.75854,47.33312],[6.76197,47.32999],[6.76865,47.32759],[6.77367,47.32685],[6.77816,47.32728],[6.77821,47.32899],[6.77323,47.32882],[6.77057,47.33032],[6.76887,47.32962],[6.76537,47.33241],[6.76368,47.33533],[6.76952,47.33768]]]},"properties":{"code_insee":"25426","population":324,"superficie_cadastrale":340,"nom_officiel":"Noirefontaine","date_du_recensement":"2023-01-01Z","densite":95.3},"id":"commune.20445"},
{"type":"Feature","geometry":{"type":"Polygon","coordinates":[[[6.06416,47.24005],[6.06635,47.24226],[6.0686,47.24622],[6.0739,47.25057],[6.0756,47.25198],[6.07939,47.25329],[6.0824,47.25699],[6.08221,47.25865],[6.07903,47.26022],[6.0744,47.26132],[6.07072,47.26115],[6.0713,47.2637],[6.0755,47.26671],[6.0746,47.26725],[6.06968,47.26562],[6.0699,47.26984],[6.06675,47.26902],[6.06283,47.27026],[6.05982,47.26935],[6.05664,47.26713],[6.05349,47.2637],[6.05277,47.26017],[6.05603,47.2575],[6.0576,47.25375],[6.06044,47.25103],[6.05779,47.249],[6.06049,47.24587],[6.05805,47.24313],[6.06416,47.24005]]]},"properties":{"code_insee":"25112","population":1335,"superficie_cadastrale":390,"nom_officiel":"Chalezeule","date_du_recensement":"2023-01-01Z","densite":342.3},"id":"commune.20490"},
{"type":"Feature","geometry":{"type":"Polygon","coordinates":[[[6.63294,47.41511],[6.62617,47.41824],[6.62393,47.42172],[6.62132,47.42351],[6.62346,47.42542],[6.62421,47.42756],[6.62182,47.42729],[6.61631,47.42798],[6.61118,47.42958],[6.60528,47.43326],[6.601,47.43386],[6.59971,47.43608],[6.59651,47.43547],[6.59747,47.43358],[6.58989,47.43179],[6.59036,47.42813],[6.59591,47.42201],[6.59509,47.41928],[6.59627,47.41595],[6.59883,47.41465],[6.6006,47.41633],[6.60306,47.41502],[6.60546,47.41536],[6.60842,47.41767],[6.61058,47.41691],[6.61017,47.41241],[6.60146,47.40621],[6.59935,47.40524],[6.60083,47.40256],[6.60009,47.39843],[6.59694,47.39018],[6.60968,47.38937],[6.61159,47.3887],[6.61332,47.39073],[6.61231,47.39431],[6.61279,47.39605],[6.6183,47.39704],[6.62201,47.40133],[6.62535,47.40279],[6.62292,47.40551],[6.62502,47.40763],[6.62206,47.40862],[6.62155,47.41063],[6.62761,47.4121],[6.63207,47.41257],[6.63294,47.41511]]]},"properties":{"code_insee":"25067","population":187,"superficie_cadastrale":800,"nom_officiel":"Blussans","date_du_recensement":"2023-01-01Z","densite":23.4},"id":"commune.20508"},
{"type":"Feature","geometry":{"type":"Polygon","coordinates":[[[6.6912,47.38673],[6.68828,47.38866],[6.68479,47.38803],[6.67928,47.38594],[6.67605,47.38554],[6.67441,47.3892],[6.67176,47.38842],[6.66841,47.38515],[6.66503,47.38574],[6.65827,47.3824],[6.65345,47.38008],[6.65228,47.37852],[6.64661,47.37473],[6.64489,47.37545],[6.64248,47.37377],[6.63875,47.37453],[6.63652,47.37325],[6.63291,47.3679],[6.64153,47.36639],[6.6369,47.35911],[6.64613,47.35683],[6.64804,47.3576],[6.65261,47.35638],[6.65328,47.35429],[6.65702,47.35382],[6.66061,47.35431],[6.6685,47.35194],[6.67846,47.35278],[6.68325,47.35434],[6.68197,47.35554],[6.69094,47.35705],[6.69768,47.35833],[6.69628,47.3621],[6.69135,47.36355],[6.68594,47.36352],[6.68593,47.36854],[6.68736,47.37232],[6.68977,47.37482],[6.69469,47.37646],[6.69231,47.3813],[6.68978,47.38185],[6.6912,47.38673]]]},"properties":{"code_insee":"25187","population":512,"superficie_cadastrale":1240,"nom_officiel":"Dambelin","date_du_recensement":"2023-01-01Z","densite":41.3},"id":"commune.20520"},
{"type":"Feature","geometry":{"type":"Polygon","coordinates":[[[6.06712,46.95514],[6.0681,46.95501],[6.07432,46.95994],[6.07025,46.96798],[6.06679,46.97038],[6.06419,46.97036],[6.06009,46.97313],[6.05593,46.97383],[6.05394,46.9761],[6.04869,46.97474],[6.03888,46.97418],[6.03725,46.97497],[6.0335,46.97371],[6.02958,46.9708],[6.02911,46.9691],[6.03124,46.96586],[6.02837,46.96413],[6.02875,46.96087],[6.02467,46.95625],[6.02754,46.95273],[6.02971,46.95217],[6.06352,46.95507],[6.06712,46.95514]]]},"properties":{"code_insee":"25270","population":158,"superficie_cadastrale":690,"nom_officiel":"Gevresin","date_du_recensement":"2023-01-01Z","densite":22.9},"id":"commune.20553"},
{"type":"Feature","geometry":{"type":"Polygon","coordinates":[[[6.03574,46.92401],[6.02127,46.92571],[6.02163,46.92787],[6.01863,46.92993],[6.018,46.93158],[6.01517,46.93209],[6.01254,46.92978],[6.0098,46.93097],[6.0081,46.92972],[6.00559,46.93156],[6.00263,46.93248],[6.00221,46.93437],[5.99714,46.93353],[5.98941,46.92595],[5.98168,46.91922],[5.98312,46.91587],[5.98264,46.90841],[5.98679,46.90515],[5.99248,46.90233],[6.00102,46.89568],[6.00371,46.89517],[6.00871,46.89572],[6.01485,46.89985],[6.01712,46.90033],[6.02506,46.90912],[6.02525,46.91313],[6.02855,46.91603],[6.03574,46.92401]]]},"properties":{"code_insee":"25026","population":227,"superficie_cadastrale":1070,"nom_officiel":"Arc-sous-Montenot","date_du_recensement":"2023-01-01Z","densite":21.2},"id":"commune.20566"},
{"type":"Feature","geometry":{"type":"Polygon","coordinates":[[[6.28892,47.20286],[6.30509,47.20088],[6.31067,47.19947],[6.32296,47.20855],[6.32691,47.21113],[6.32343,47.21376],[6.32274,47.21608],[6.32413,47.21792],[6.31619,47.21694],[6.31667,47.21895],[6.31486,47.22305],[6.31174,47.22551],[6.31663,47.22896],[6.32383,47.23511],[6.33061,47.23662],[6.32708,47.23868],[6.32441,47.24249],[6.32007,47.2433],[6.31536,47.24336],[6.31079,47.24607],[6.30771,47.24691],[6.30551,47.24581],[6.29968,47.24771],[6.28979,47.25149],[6.28456,47.2501],[6.28154,47.24812],[6.27934,47.24812],[6.27537,47.24987],[6.2741,47.24839],[6.27506,47.24361],[6.27287,47.23977],[6.26969,47.23709],[6.26736,47.23264],[6.26766,47.22847],[6.27118,47.22736],[6.26993,47.22561],[6.2719,47.22384],[6.27389,47.22051],[6.27621,47.22024],[6.28088,47.21229],[6.28284,47.21101],[6.28374,47.20711],[6.28821,47.20616],[6.29014,47.20471],[6.28892,47.20286]]]},"properties":{"code_insee":"25278","population":554,"superficie_cadastrale":1730,"nom_officiel":"Gonsans","date_du_recensement":"2023-01-01Z","densite":32},"id":"commune.20602"},
{"type":"Feature","geometry":{"type":"Polygon","coordinates":[[[6.18019,46.74161],[6.17743,46.73996],[6.16414,46.73449],[6.16634,46.73272],[6.16866,46.73368],[6.17118,46.73171],[6.16986,46.72926],[6.17236,46.72881],[6.17839,46.72614],[6.18129,46.72737],[6.18552,46.72703],[6.18958,46.72514],[6.19119,46.72657],[6.199,46.7332],[6.19631,46.7359],[6.19137,46.73896],[6.18619,46.73924],[6.18353,46.74137],[6.18019,46.74161]]]},"properties":{"code_insee":"25501","population":38,"superficie_cadastrale":270,"nom_officiel":"Rondefontaine","date_du_recensement":"2022-01-01Z","densite":14.1},"id":"commune.20646"},
{"type":"Feature","geometry":{"type":"Polygon","coordinates":[[[6.81856,47.51942],[6.81729,47.51454],[6.82021,47.50959],[6.82423,47.50841],[6.8299,47.50787],[6.83558,47.50888],[6.84156,47.51162],[6.84306,47.51331],[6.84379,47.5154],[6.83897,47.51966],[6.8331,47.52071],[6.83287,47.52144],[6.8291,47.51983],[6.82314,47.51866],[6.82228,47.52128],[6.81856,47.51942]]]},"properties":{"code_insee":"25547","population":3721,"superficie_cadastrale":220,"nom_officiel":"Sochaux","date_du_recensement":"2023-01-01Z","densite":1691.4},"id":"commune.20650"},
{"type":"Feature","geometry":{"type":"Polygon","coordinates":[[[6.22446,47.13809],[6.23013,47.1407],[6.22929,47.14328],[6.22742,47.14429],[6.23499,47.14674],[6.23645,47.14473],[6.24363,47.14579],[6.25026,47.14449],[6.25561,47.14653],[6.25537,47.14183],[6.25999,47.13453],[6.26199,47.13205],[6.26213,47.12949],[6.26813,47.13386],[6.27342,47.13415],[6.27964,47.13613],[6.28292,47.13942],[6.29227,47.1456],[6.29172,47.14699],[6.29294,47.15012],[6.29594,47.15398],[6.29779,47.15991],[6.29675,47.16416],[6.29343,47.16661],[6.2931,47.16987],[6.29161,47.1714],[6.29237,47.17495],[6.29026,47.17721],[6.29426,47.18045],[6.30025,47.18367],[6.30541,47.18831],[6.30691,47.18898],[6.3076,47.19283],[6.30918,47.19363],[6.30912,47.19737],[6.31067,47.19947],[6.30509,47.20088],[6.28892,47.20286],[6.28058,47.2042],[6.27773,47.20291],[6.27384,47.20267],[6.26342,47.19735],[6.25841,47.19525],[6.24574,47.18838],[6.24421,47.18644],[6.23573,47.18221],[6.22537,47.17365],[6.23092,47.17291],[6.22908,47.16335],[6.22414,47.16659],[6.21817,47.16502],[6.21048,47.16509],[6.20622,47.16681],[6.20271,47.16994],[6.20176,47.16837],[6.19334,47.16083],[6.19087,47.15911],[6.18944,47.1561],[6.18252,47.15176],[6.18359,47.1499],[6.18734,47.14665],[6.186,47.14418],[6.18942,47.13934],[6.19059,47.13948],[6.19464,47.1351],[6.2,47.13907],[6.20234,47.1394],[6.20749,47.13658],[6.21214,47.13739],[6.21504,47.13598],[6.22446,47.13809]]]},"properties":{"code_insee":"25222","population":1643,"superficie_cadastrale":4090,"nom_officiel":"Étalans","date_du_recensement":"2023-01-01Z","densite":40.2},"id":"commune.20684"},
{"type":"Feature","geometry":{"type":"Polygon","coordinates":[[[6.3812,47.1513],[6.38809,47.1519],[6.39188,47.15155],[6.39268,47.15335],[6.39916,47.15513],[6.40383,47.15806],[6.40354,47.15959],[6.40051,47.16043],[6.39653,47.16496],[6.3984,47.16813],[6.40022,47.16732],[6.4019,47.16995],[6.39281,47.17423],[6.38504,47.17536],[6.37774,47.17788],[6.38061,47.17421],[6.386,47.17046],[6.38071,47.1671],[6.37965,47.16574],[6.38523,47.16152],[6.38229,47.15846],[6.38467,47.15803],[6.38425,47.15424],[6.3812,47.1513]]]},"properties":{"code_insee":"25007","population":105,"superficie_cadastrale":320,"nom_officiel":"Adam-lès-Vercel","date_du_recensement":"2023-01-01Z","densite":32.8},"id":"commune.20733"},
{"type":"Feature","geometry":{"type":"Polygon","coordinates":[[[6.61951,47.1376],[6.61184,47.14113],[6.60409,47.14119],[6.59962,47.13784],[6.5947,47.13593],[6.592,47.13606],[6.5903,47.13809],[6.59006,47.14051],[6.58545,47.14109],[6.57801,47.14104],[6.57048,47.1441],[6.56484,47.14497],[6.55981,47.14443],[6.56198,47.13891],[6.56037,47.13499],[6.56156,47.13102],[6.56461,47.13021],[6.5688,47.12354],[6.57046,47.12222],[6.57776,47.12305],[6.5772,47.11808],[6.58089,47.11435],[6.58446,47.1135],[6.58725,47.11057],[6.58666,47.10918],[6.59066,47.1071],[6.59338,47.10739],[6.59749,47.10938],[6.60493,47.10985],[6.60282,47.11152],[6.60704,47.11315],[6.60676,47.11432],[6.61055,47.11779],[6.61192,47.12012],[6.61621,47.1235],[6.61102,47.12405],[6.614,47.1288],[6.61322,47.13051],[6.61951,47.1376]]]},"properties":{"code_insee":"25262","population":473,"superficie_cadastrale":1110,"nom_officiel":"Fuans","date_du_recensement":"2023-01-01Z","densite":42.6},"id":"commune.20735"},
{"type":"Feature","geometry":{"type":"Polygon","coordinates":[[[6.20021,47.36944],[6.2056,47.37352],[6.20732,47.37694],[6.21136,47.37972],[6.21148,47.38436],[6.20942,47.38548],[6.21017,47.38852],[6.2124,47.38981],[6.21279,47.39407],[6.2103,47.39484],[6.20143,47.39409],[6.19631,47.39218],[6.19253,47.39221],[6.18992,47.39335],[6.18633,47.38895],[6.1858,47.38528],[6.18721,47.38082],[6.18827,47.3808],[6.19358,47.37639],[6.19053,47.37328],[6.19443,47.3732],[6.1966,47.37058],[6.20021,47.36944]]]},"properties":{"code_insee":"25491","population":106,"superficie_cadastrale":390,"nom_officiel":"Rignosot","date_du_recensement":"2023-01-01Z","densite":27.2},"id":"commune.20992"},
{"type":"Feature","geometry":{"type":"Polygon","coordinates":[[[6.18464,47.109],[6.1818,47.10586],[6.17714,47.10279],[6.17472,47.09934],[6.17561,47.09645],[6.17236,47.0955],[6.17167,47.09293],[6.17373,47.09076],[6.17677,47.08907],[6.17511,47.0872],[6.17688,47.08548],[6.17401,47.08046],[6.17237,47.07591],[6.17702,47.06973],[6.18108,47.06936],[6.18064,47.06712],[6.18228,47.06508],[6.18505,47.06435],[6.19343,47.06714],[6.19712,47.06996],[6.19616,47.0728],[6.19859,47.07398],[6.20386,47.07866],[6.21537,47.07973],[6.21836,47.08384],[6.21919,47.08848],[6.22083,47.08981],[6.21386,47.09259],[6.21064,47.09277],[6.20731,47.09449],[6.20759,47.09631],[6.20564,47.09913],[6.20553,47.10429],[6.2019,47.10453],[6.2013,47.106],[6.19818,47.10661],[6.19538,47.11108],[6.18875,47.1099],[6.18605,47.1081],[6.18464,47.109]]]},"properties":{"code_insee":"25400","population":498,"superficie_cadastrale":1110,"nom_officiel":"Montgesoye","date_du_recensement":"2023-01-01Z","densite":44.9},"id":"commune.21005"},
{"type":"Feature","geometry":{"type":"Polygon","coordinates":[[[6.35314,47.50503],[6.35566,47.50405],[6.35799,47.50142],[6.35835,47.49963],[6.36526,47.50289],[6.36746,47.50514],[6.36933,47.50445],[6.36901,47.50181],[6.37396,47.50338],[6.37879,47.51163],[6.37324,47.51142],[6.36667,47.51321],[6.36404,47.51172],[6.3609,47.51125],[6.35779,47.50826],[6.349,47.5074],[6.34831,47.50557],[6.35314,47.50503]]]},"properties":{"code_insee":"25072","population":20,"superficie_cadastrale":180,"nom_officiel":"Bonnal","date_du_recensement":"2023-01-01Z","densite":11.1},"id":"commune.21064"},
{"type":"Feature","geometry":{"type":"Polygon","coordinates":[[[6.06034,47.23214],[6.06707,47.2312],[6.07273,47.23392],[6.07392,47.23304],[6.07292,47.22992],[6.08513,47.22627],[6.086,47.22735],[6.08819,47.23026],[6.08998,47.23052],[6.09328,47.23467],[6.09833,47.23763],[6.10796,47.24035],[6.10968,47.24132],[6.10776,47.24336],[6.1134,47.24525],[6.11006,47.24761],[6.10948,47.25003],[6.11379,47.25191],[6.11691,47.25435],[6.11594,47.25535],[6.11228,47.25405],[6.10815,47.25415],[6.09704,47.25336],[6.08757,47.25198],[6.08315,47.25056],[6.07922,47.25085],[6.07647,47.24983],[6.0739,47.25057],[6.0686,47.24622],[6.06635,47.24226],[6.06416,47.24005],[6.06219,47.23864],[6.05924,47.23275],[6.06034,47.23214]]]},"properties":{"code_insee":"25395","population":1622,"superficie_cadastrale":720,"nom_officiel":"Montfaucon","date_du_recensement":"2023-01-01Z","densite":225.3},"id":"commune.21255"},
{"type":"Feature","geometry":{"type":"Polygon","coordinates":[[[6.63554,47.39795],[6.63675,47.39523],[6.6404,47.39008],[6.63905,47.3883],[6.63438,47.38463],[6.62608,47.38113],[6.62178,47.38018],[6.62464,47.3765],[6.62321,47.37244],[6.62328,47.36745],[6.62072,47.36671],[6.62075,47.36045],[6.62737,47.36085],[6.6369,47.35911],[6.64153,47.36639],[6.63291,47.3679],[6.63652,47.37325],[6.63875,47.37453],[6.64248,47.37377],[6.64489,47.37545],[6.64661,47.37473],[6.65228,47.37852],[6.65345,47.38008],[6.65827,47.3824],[6.66145,47.3877],[6.6637,47.39],[6.65908,47.39212],[6.65416,47.39204],[6.64983,47.39484],[6.64752,47.39916],[6.65167,47.39964],[6.65293,47.40387],[6.65155,47.40248],[6.64515,47.40286],[6.64345,47.40397],[6.63564,47.40312],[6.63744,47.40112],[6.63554,47.39795]]]},"properties":{"code_insee":"25311","population":191,"superficie_cadastrale":690,"nom_officiel":"Hyémondans","date_du_recensement":"2023-01-01Z","densite":27.7},"id":"commune.21378"},
{"type":"Feature","geometry":{"type":"Polygon","coordinates":[[[6.70481,47.33002],[6.70191,47.33019],[6.69524,47.32925],[6.69057,47.33018],[6.68697,47.32964],[6.68407,47.33174],[6.67872,47.33118],[6.67707,47.33222],[6.67404,47.32957],[6.6708,47.32725],[6.67183,47.32509],[6.67246,47.32003],[6.67029,47.31462],[6.67099,47.31413],[6.67115,47.3092],[6.66891,47.30773],[6.66643,47.30922],[6.66606,47.30467],[6.67236,47.30507],[6.67328,47.30226],[6.6769,47.3031],[6.68029,47.30517],[6.68341,47.3048],[6.68557,47.30617],[6.68965,47.30624],[6.69095,47.3071],[6.69129,47.31014],[6.69705,47.3139],[6.69964,47.31397],[6.70912,47.31588],[6.7093,47.31793],[6.70602,47.31866],[6.70832,47.32184],[6.7069,47.32338],[6.7071,47.32558],[6.70515,47.32745],[6.70481,47.33002]]]},"properties":{"code_insee":"25449","population":133,"superficie_cadastrale":660,"nom_officiel":"Péseux","date_du_recensement":"2023-01-01Z","densite":20.2},"id":"commune.21405"},
{"type":"Feature","geometry":{"type":"Polygon","coordinates":[[[6.42438,46.89471],[6.42658,46.89247],[6.43538,46.88155],[6.43321,46.8803],[6.43771,46.87506],[6.44145,46.86779],[6.44136,46.86443],[6.44494,46.86603],[6.44868,46.86611],[6.4517,46.86387],[6.45611,46.86195],[6.46139,46.86231],[6.46462,46.89036],[6.45792,46.90079],[6.4477,46.91124],[6.44323,46.90807],[6.44214,46.90591],[6.43848,46.90376],[6.42374,46.89668],[6.42438,46.89471]]]},"properties":{"code_insee":"25609","population":464,"superficie_cadastrale":1020,"nom_officiel":"Verrières-de-Joux","date_du_recensement":"2023-01-01Z","densite":45.5},"id":"commune.21461"},
{"type":"Feature","geometry":{"type":"Polygon","coordinates":[[[6.21301,47.30643],[6.21327,47.30303],[6.2191,47.29991],[6.22048,47.29825],[6.21686,47.29579],[6.21661,47.29297],[6.22155,47.29237],[6.22388,47.29275],[6.22598,47.29133],[6.23225,47.29164],[6.2396,47.29461],[6.24015,47.29702],[6.23625,47.29831],[6.23602,47.30267],[6.2376,47.30574],[6.24597,47.30806],[6.25424,47.30932],[6.25367,47.31005],[6.23985,47.30808],[6.23661,47.30629],[6.23119,47.30684],[6.23136,47.30828],[6.222,47.30749],[6.2165,47.30646],[6.21301,47.30643]]]},"properties":{"code_insee":"25323","population":438,"superficie_cadastrale":290,"nom_officiel":"Laissey","date_du_recensement":"2023-01-01Z","densite":151},"id":"commune.21575"},
{"type":"Feature","geometry":{"type":"Polygon","coordinates":[[[6.26993,47.22561],[6.27118,47.22736],[6.26766,47.22847],[6.26736,47.23264],[6.26969,47.23709],[6.27287,47.23977],[6.27506,47.24361],[6.2741,47.24839],[6.27537,47.24987],[6.27526,47.25266],[6.26811,47.25681],[6.261,47.26273],[6.26244,47.26468],[6.26201,47.27023],[6.25886,47.27254],[6.25688,47.27621],[6.25235,47.27672],[6.24941,47.27515],[6.24723,47.27667],[6.24277,47.27617],[6.24257,47.27493],[6.23635,47.27596],[6.23606,47.27764],[6.23308,47.27454],[6.23321,47.2713],[6.23173,47.2692],[6.23411,47.26665],[6.22853,47.26402],[6.22597,47.26144],[6.22083,47.25922],[6.21834,47.25646],[6.2147,47.25503],[6.20765,47.25337],[6.20974,47.25024],[6.20545,47.24912],[6.20358,47.24729],[6.20479,47.24287],[6.20586,47.24195],[6.20432,47.23898],[6.19096,47.22941],[6.1871,47.22803],[6.18134,47.22426],[6.18327,47.21898],[6.19103,47.21044],[6.19501,47.21169],[6.19833,47.21397],[6.19994,47.21599],[6.20628,47.22619],[6.21082,47.22634],[6.22129,47.22865],[6.22525,47.22878],[6.23012,47.23138],[6.2391,47.23364],[6.24314,47.23308],[6.24707,47.22998],[6.24728,47.22821],[6.25596,47.22463],[6.2591,47.22103],[6.26521,47.22274],[6.26993,47.22561]]]},"properties":{"code_insee":"25078","population":1053,"superficie_cadastrale":2430,"nom_officiel":"Bouclans","date_du_recensement":"2023-01-01Z","densite":43.3},"id":"commune.21587"},
{"type":"Feature","geometry":{"type":"Polygon","coordinates":[[[6.29823,46.69481],[6.31556,46.70264],[6.32511,46.70647],[6.32713,46.70624],[6.34123,46.71012],[6.34936,46.71444],[6.35214,46.71486],[6.35376,46.7182],[6.3573,46.71972],[6.35378,46.72285],[6.3473,46.72633],[6.34786,46.73078],[6.3447,46.73209],[6.33764,46.733],[6.33201,46.73222],[6.33165,46.73012],[6.32899,46.73019],[6.32699,46.7326],[6.32179,46.73],[6.31399,46.73017],[6.31088,46.73334],[6.30864,46.73288],[6.30547,46.73633],[6.30282,46.74063],[6.30512,46.74151],[6.29997,46.74521],[6.29874,46.74984],[6.30389,46.752],[6.30417,46.75486],[6.30087,46.757],[6.29666,46.76108],[6.29127,46.76398],[6.28925,46.76336],[6.28871,46.76126],[6.27948,46.75852],[6.26644,46.75021],[6.26339,46.7465],[6.26229,46.74394],[6.25986,46.74251],[6.26199,46.7384],[6.26771,46.74056],[6.27738,46.74063],[6.28313,46.74129],[6.28329,46.73884],[6.27567,46.7379],[6.27914,46.7282],[6.28033,46.72707],[6.28147,46.71974],[6.27698,46.71671],[6.28092,46.71505],[6.28222,46.71183],[6.27954,46.71038],[6.27658,46.71443],[6.2724,46.71669],[6.26929,46.72035],[6.2687,46.71508],[6.27156,46.71282],[6.27555,46.70669],[6.28429,46.70522],[6.28676,46.70855],[6.28883,46.70606],[6.28945,46.70287],[6.29237,46.70073],[6.29669,46.70141],[6.30029,46.70121],[6.30089,46.69839],[6.29823,46.69481]]]},"properties":{"code_insee":"25494","population":754,"superficie_cadastrale":2430,"nom_officiel":"Rochejean","date_du_recensement":"2023-01-01Z","densite":31},"id":"commune.21649"},
{"type":"Feature","geometry":{"type":"Polygon","coordinates":[[[6.18215,46.64889],[6.18257,46.64818],[6.1922,46.64544],[6.19444,46.64563],[6.21271,46.64065],[6.21744,46.64228],[6.21902,46.64509],[6.22381,46.64623],[6.22757,46.64819],[6.23276,46.65446],[6.23811,46.65756],[6.24235,46.66087],[6.25726,46.66979],[6.25045,46.67516],[6.24309,46.67935],[6.24204,46.68283],[6.23847,46.68413],[6.23042,46.68863],[6.22298,46.69396],[6.22342,46.69949],[6.2252,46.70084],[6.22571,46.7041],[6.22715,46.70584],[6.22546,46.71047],[6.22794,46.71333],[6.22451,46.71798],[6.22201,46.71908],[6.22165,46.72062],[6.21801,46.71955],[6.21417,46.71978],[6.21151,46.71721],[6.20524,46.72392],[6.20369,46.72423],[6.19895,46.7227],[6.1917,46.72572],[6.19119,46.72657],[6.18958,46.72514],[6.19026,46.72407],[6.18419,46.71999],[6.1843,46.71602],[6.18005,46.71826],[6.17411,46.71106],[6.16448,46.70734],[6.16059,46.70606],[6.16134,46.70247],[6.16952,46.70343],[6.17206,46.70183],[6.17714,46.69739],[6.17642,46.69378],[6.17303,46.69254],[6.16949,46.68883],[6.17457,46.68349],[6.17242,46.68],[6.17422,46.67701],[6.17485,46.67366],[6.1747,46.66691],[6.17701,46.66345],[6.17886,46.65447],[6.18215,46.64889]]]},"properties":{"code_insee":"25413","population":1037,"superficie_cadastrale":3870,"nom_officiel":"Mouthe","date_du_recensement":"2023-01-01Z","densite":26.8},"id":"commune.21674"},
{"type":"Feature","geometry":{"type":"Polygon","coordinates":[[[6.13069,46.90869],[6.12865,46.90866],[6.11862,46.91359],[6.11984,46.91796],[6.12187,46.92249],[6.12431,46.92641],[6.11912,46.92839],[6.11716,46.92647],[6.11762,46.9247],[6.11426,46.92078],[6.11071,46.91799],[6.10635,46.91594],[6.10163,46.9132],[6.10035,46.91361],[6.09634,46.9118],[6.08718,46.90922],[6.07969,46.90577],[6.07501,46.90222],[6.07364,46.90223],[6.06772,46.89843],[6.06256,46.89372],[6.05608,46.88956],[6.05539,46.88825],[6.04869,46.88206],[6.04306,46.87864],[6.04167,46.87719],[6.03471,46.87228],[6.03236,46.8714],[6.03159,46.86929],[6.02747,46.86585],[6.02597,46.86349],[6.02866,46.86146],[6.02748,46.85896],[6.02496,46.85684],[6.0227,46.85259],[6.02918,46.85168],[6.03261,46.84961],[6.03616,46.85036],[6.04178,46.84907],[6.04285,46.84954],[6.04793,46.84852],[6.047,46.84568],[6.0559,46.85041],[6.06025,46.8559],[6.06489,46.86036],[6.072,46.85681],[6.07345,46.8621],[6.07682,46.86171],[6.07846,46.8661],[6.07724,46.86856],[6.08597,46.87328],[6.09312,46.87975],[6.09668,46.88028],[6.1005,46.8773],[6.1063,46.88068],[6.10893,46.87942],[6.11092,46.88132],[6.11515,46.88099],[6.11367,46.88497],[6.11157,46.88707],[6.11492,46.88998],[6.11782,46.88817],[6.11984,46.88773],[6.12372,46.89196],[6.12185,46.89427],[6.12335,46.89778],[6.12828,46.89986],[6.13279,46.89877],[6.13448,46.9033],[6.13069,46.90869]]]},"properties":{"code_insee":"25079","population":461,"superficie_cadastrale":2820,"nom_officiel":"Boujailles","date_du_recensement":"2023-01-01Z","densite":16.3},"id":"commune.21684"},
{"type":"Feature","geometry":{"type":"Polygon","coordinates":[[[6.18864,47.00153],[6.20328,47.00387],[6.20753,47.00511],[6.21092,47.00763],[6.2151,47.00887],[6.21101,47.01268],[6.21458,47.0157],[6.21696,47.01666],[6.21843,47.01903],[6.22406,47.02245],[6.22145,47.0227],[6.21849,47.02536],[6.20826,47.03707],[6.20623,47.04324],[6.20749,47.04773],[6.20532,47.04803],[6.20062,47.04726],[6.19695,47.04471],[6.19357,47.04319],[6.18546,47.04072],[6.18109,47.03653],[6.17804,47.03532],[6.17674,47.03284],[6.17034,47.02629],[6.17222,47.02205],[6.17192,47.02032],[6.17548,47.01775],[6.18065,47.01756],[6.18558,47.00999],[6.18371,47.00806],[6.18576,47.0055],[6.17681,47.00326],[6.17835,46.99938],[6.18864,47.00153]]]},"properties":{"code_insee":"25016","population":175,"superficie_cadastrale":1210,"nom_officiel":"Amathay-Vésigneux","date_du_recensement":"2023-01-01Z","densite":14.5},"id":"commune.21890"},
{"type":"Feature","geometry":{"type":"Polygon","coordinates":[[[6.21277,47.36387],[6.21361,47.36165],[6.21252,47.35235],[6.21444,47.35191],[6.21418,47.34939],[6.21595,47.34842],[6.22474,47.35007],[6.2368,47.35082],[6.24155,47.35171],[6.24225,47.35355],[6.25016,47.35539],[6.25367,47.35677],[6.25686,47.35645],[6.25868,47.35829],[6.25783,47.36493],[6.25777,47.36953],[6.25523,47.36878],[6.2517,47.37227],[6.24757,47.37549],[6.24473,47.37556],[6.24054,47.37449],[6.23282,47.3717],[6.23068,47.36977],[6.22667,47.36846],[6.22311,47.36842],[6.21518,47.36714],[6.21271,47.36549],[6.21277,47.36387]]]},"properties":{"code_insee":"25624","population":152,"superficie_cadastrale":700,"nom_officiel":"Villers-Grélot","date_du_recensement":"2023-01-01Z","densite":21.7},"id":"commune.21962"},
{"type":"Feature","geometry":{"type":"Polygon","coordinates":[[[6.02912,47.21439],[6.02999,47.20982],[6.01815,47.20584],[6.01895,47.20467],[6.01595,47.19871],[6.01497,47.20278],[6.01291,47.20523],[6.00862,47.2036],[6.00627,47.20458],[6.00337,47.2038],[6.0012,47.20089],[5.99204,47.19641],[5.9896,47.19299],[5.99412,47.19145],[6.00032,47.18493],[6.00577,47.17743],[6.00766,47.17588],[6.00881,47.17234],[6.00845,47.16704],[6.01154,47.16223],[6.01361,47.16083],[6.02057,47.16433],[6.0279,47.16882],[6.03084,47.16961],[6.03318,47.1685],[6.03634,47.17046],[6.05117,47.17425],[6.05446,47.17658],[6.06169,47.17689],[6.06335,47.17941],[6.06267,47.18418],[6.06519,47.18336],[6.06832,47.18589],[6.07104,47.1841],[6.07335,47.18417],[6.0699,47.18679],[6.06868,47.19006],[6.06426,47.19331],[6.06178,47.19613],[6.06131,47.19992],[6.05854,47.20576],[6.05911,47.20804],[6.05465,47.20733],[6.05339,47.20976],[6.05739,47.21341],[6.04936,47.21797],[6.04659,47.21812],[6.03221,47.21472],[6.02912,47.21439]]]},"properties":{"code_insee":"25245","population":1207,"superficie_cadastrale":2120,"nom_officiel":"Fontain","date_du_recensement":"2023-01-01Z","densite":56.9},"id":"commune.22024"},
{"type":"Feature","geometry":{"type":"Polygon","coordinates":[[[6.85473,47.50158],[6.8536,47.49969],[6.84922,47.49867],[6.8406,47.49815],[6.83993,47.49258],[6.84333,47.49272],[6.84729,47.49164],[6.85528,47.49182],[6.85583,47.48854],[6.8585,47.48634],[6.86436,47.48778],[6.86546,47.49776],[6.86379,47.49804],[6.85473,47.50158]]]},"properties":{"code_insee":"25555","population":1144,"superficie_cadastrale":190,"nom_officiel":"Taillecourt","date_du_recensement":"2023-01-01Z","densite":602.1},"id":"commune.22113"},
{"type":"Feature","geometry":{"type":"Polygon","coordinates":[[[5.92986,47.19651],[5.92759,47.19233],[5.92694,47.18869],[5.93504,47.18602],[5.93606,47.18432],[5.94223,47.17871],[5.93549,47.17584],[5.9303,47.17411],[5.93119,47.17215],[5.93419,47.17313],[5.94272,47.17562],[5.9471,47.17628],[5.95734,47.18114],[5.96232,47.18512],[5.96087,47.18616],[5.96299,47.19025],[5.95635,47.19526],[5.95052,47.19377],[5.94985,47.19142],[5.9461,47.19159],[5.94177,47.19048],[5.93601,47.19319],[5.93428,47.19504],[5.92986,47.19651]]]},"properties":{"code_insee":"25477","population":436,"superficie_cadastrale":370,"nom_officiel":"Rancenay","date_du_recensement":"2023-01-01Z","densite":117.8},"id":"commune.22233"},
{"type":"Feature","geometry":{"type":"Polygon","coordinates":[[[5.88774,47.18681],[5.88139,47.1906],[5.87752,47.19468],[5.8787,47.19832],[5.88137,47.19985],[5.88117,47.20274],[5.86769,47.19876],[5.86951,47.19512],[5.85734,47.18907],[5.86066,47.18632],[5.85773,47.18387],[5.84837,47.17826],[5.85047,47.17729],[5.85688,47.18092],[5.85908,47.18149],[5.86333,47.17916],[5.8682,47.18191],[5.87035,47.18247],[5.87502,47.18556],[5.87807,47.18462],[5.88118,47.18613],[5.88774,47.18681]]]},"properties":{"code_insee":"25594","population":369,"superficie_cadastrale":290,"nom_officiel":"Velesmes-Essarts","date_du_recensement":"2023-01-01Z","densite":127.2},"id":"commune.22344"},
{"type":"Feature","geometry":{"type":"Polygon","coordinates":[[[5.98828,47.26351],[5.98471,47.2662],[5.98352,47.26532],[5.97676,47.26795],[5.97672,47.27028],[5.97383,47.27243],[5.96967,47.27692],[5.96666,47.27651],[5.96251,47.27819],[5.95887,47.27889],[5.95594,47.27194],[5.95181,47.26806],[5.95602,47.26672],[5.95176,47.26203],[5.95365,47.26053],[5.95093,47.25732],[5.95317,47.2547],[5.95336,47.24794],[5.9655,47.24125],[5.96775,47.24046],[5.97191,47.24474],[5.97257,47.24628],[5.97165,47.24943],[5.97395,47.25134],[5.97633,47.25147],[5.9814,47.25695],[5.98297,47.25934],[5.98828,47.26351]]]},"properties":{"code_insee":"25454","population":2156,"superficie_cadastrale":670,"nom_officiel":"Pirey","date_du_recensement":"2023-01-01Z","densite":321.8},"id":"commune.22542"},
{"type":"Feature","geometry":{"type":"Polygon","coordinates":[[[6.58299,47.27349],[6.58469,47.27071],[6.5919,47.27043],[6.59609,47.26917],[6.59612,47.26546],[6.59414,47.25777],[6.59692,47.25715],[6.60433,47.25719],[6.60454,47.25889],[6.61989,47.26011],[6.62085,47.25958],[6.62575,47.26138],[6.62496,47.26268],[6.62692,47.2653],[6.62675,47.26719],[6.62856,47.26983],[6.63188,47.27489],[6.63083,47.28203],[6.62697,47.28327],[6.62369,47.28715],[6.61962,47.28947],[6.60933,47.28891],[6.60712,47.28988],[6.60605,47.29367],[6.60303,47.29557],[6.60137,47.29785],[6.59909,47.29392],[6.60375,47.29153],[6.60547,47.28861],[6.60845,47.28777],[6.61231,47.28547],[6.60807,47.28346],[6.60603,47.27693],[6.60216,47.27478],[6.59595,47.27384],[6.59064,47.27365],[6.58354,47.27491],[6.58299,47.27349]]]},"properties":{"code_insee":"25554","population":127,"superficie_cadastrale":740,"nom_officiel":"Surmont","date_du_recensement":"2023-01-01Z","densite":17.2},"id":"commune.22656"},
{"type":"Feature","geometry":{"type":"Polygon","coordinates":[[[6.46478,47.35282],[6.46182,47.35329],[6.45567,47.35253],[6.45042,47.35333],[6.44798,47.35412],[6.43529,47.35109],[6.42882,47.3482],[6.42723,47.34474],[6.42117,47.34229],[6.41529,47.3393],[6.41107,47.33589],[6.41094,47.33232],[6.4076,47.33066],[6.40354,47.32646],[6.40043,47.32524],[6.40231,47.32373],[6.40792,47.3245],[6.41345,47.32217],[6.41741,47.32497],[6.42092,47.32643],[6.42856,47.32668],[6.43191,47.32539],[6.43627,47.32609],[6.43912,47.32808],[6.44331,47.32803],[6.44626,47.33087],[6.45314,47.3312],[6.45882,47.33031],[6.45958,47.33128],[6.46577,47.32905],[6.46702,47.33386],[6.4671,47.33846],[6.46217,47.34071],[6.46321,47.34382],[6.46262,47.34646],[6.46478,47.35282]]]},"properties":{"code_insee":"25341","population":170,"superficie_cadastrale":980,"nom_officiel":"Lomont-sur-Crête","date_du_recensement":"2023-01-01Z","densite":17.3},"id":"commune.22669"},
{"type":"Feature","geometry":{"type":"Polygon","coordinates":[[[5.86224,47.26279],[5.86063,47.26288],[5.8555,47.26621],[5.85039,47.26757],[5.84605,47.26598],[5.84481,47.26427],[5.83823,47.25929],[5.83386,47.2562],[5.83677,47.25331],[5.84364,47.25027],[5.84824,47.24877],[5.85201,47.24842],[5.85273,47.25038],[5.85643,47.2534],[5.85587,47.25508],[5.85913,47.25736],[5.85789,47.25858],[5.85936,47.26101],[5.86224,47.26279]]]},"properties":{"code_insee":"25455","population":197,"superficie_cadastrale":260,"nom_officiel":"Placey","date_du_recensement":"2023-01-01Z","densite":75.8},"id":"commune.22702"},
{"type":"Feature","geometry":{"type":"Polygon","coordinates":[[[6.18509,47.34393],[6.1848,47.34114],[6.18298,47.33696],[6.18283,47.33305],[6.18468,47.32986],[6.18069,47.32907],[6.17952,47.32656],[6.17911,47.3208],[6.17649,47.31909],[6.17778,47.31737],[6.18491,47.31696],[6.18791,47.31735],[6.19004,47.31277],[6.20119,47.31337],[6.20342,47.31394],[6.21461,47.31854],[6.21654,47.32301],[6.21554,47.32568],[6.2224,47.32726],[6.22245,47.33326],[6.22316,47.33439],[6.22165,47.33583],[6.21899,47.33576],[6.21622,47.34032],[6.21206,47.34008],[6.20971,47.34486],[6.21349,47.34756],[6.21418,47.34939],[6.21444,47.35191],[6.21252,47.35235],[6.21361,47.36165],[6.21277,47.36387],[6.20743,47.36348],[6.20118,47.36495],[6.1985,47.35949],[6.19637,47.35841],[6.19615,47.35578],[6.19382,47.35459],[6.19565,47.35308],[6.19418,47.35095],[6.19243,47.34619],[6.18509,47.34393]]]},"properties":{"code_insee":"25468","population":850,"superficie_cadastrale":1160,"nom_officiel":"Pouligney-Lusans","date_du_recensement":"2022-01-01Z","densite":73.3},"id":"commune.22732"},
{"type":"Feature","geometry":{"type":"Polygon","coordinates":[[[5.78647,47.21544],[5.78055,47.21242],[5.77989,47.21132],[5.7741,47.21132],[5.77259,47.2077],[5.76934,47.20668],[5.76777,47.20478],[5.76989,47.19954],[5.76909,47.19839],[5.76551,47.19879],[5.76245,47.19663],[5.76119,47.19427],[5.76146,47.19349],[5.7678,47.19406],[5.76984,47.19342],[5.78037,47.19281],[5.77818,47.19075],[5.78517,47.18889],[5.78783,47.19287],[5.78702,47.19341],[5.79271,47.19713],[5.79644,47.19737],[5.79841,47.20268],[5.79483,47.20324],[5.78803,47.20713],[5.78641,47.20945],[5.78855,47.21103],[5.78647,47.21544]]]},"properties":{"code_insee":"25055","population":354,"superficie_cadastrale":410,"nom_officiel":"Berthelange","date_du_recensement":"2023-01-01Z","densite":86.3},"id":"commune.22831"},
{"type":"Feature","geometry":{"type":"Polygon","coordinates":[[[6.69964,47.31397],[6.69705,47.3139],[6.69129,47.31014],[6.69095,47.3071],[6.68965,47.30624],[6.68557,47.30617],[6.68341,47.3048],[6.68029,47.30517],[6.6769,47.3031],[6.67328,47.30226],[6.66954,47.30134],[6.67058,47.2999],[6.675,47.29909],[6.67976,47.29928],[6.67936,47.29614],[6.68582,47.29317],[6.6874,47.29033],[6.68984,47.29005],[6.69261,47.29004],[6.69366,47.29196],[6.69711,47.29285],[6.69921,47.29123],[6.70335,47.29221],[6.70595,47.2913],[6.70412,47.29554],[6.71137,47.29681],[6.70902,47.30159],[6.70515,47.29982],[6.70204,47.30567],[6.70725,47.30684],[6.70669,47.30808],[6.70131,47.30661],[6.69964,47.30828],[6.70446,47.31007],[6.70342,47.31264],[6.69964,47.31397]]]},"properties":{"code_insee":"25261","population":83,"superficie_cadastrale":400,"nom_officiel":"Froidevaux","date_du_recensement":"2023-01-01Z","densite":20.8},"id":"commune.22948"},
{"type":"Feature","geometry":{"type":"Polygon","coordinates":[[[6.65205,47.21293],[6.652,47.21098],[6.65381,47.21067],[6.65788,47.21251],[6.66217,47.21254],[6.66845,47.21719],[6.66942,47.2209],[6.6749,47.2193],[6.67988,47.22153],[6.6908,47.22318],[6.69278,47.22722],[6.69237,47.2285],[6.68389,47.22923],[6.68207,47.23136],[6.68495,47.23289],[6.6873,47.23218],[6.69,47.23657],[6.68991,47.24],[6.68833,47.24366],[6.69058,47.24845],[6.68698,47.24935],[6.68239,47.24736],[6.68039,47.24965],[6.68043,47.25179],[6.67808,47.25394],[6.67778,47.25736],[6.67474,47.25743],[6.66927,47.25692],[6.66753,47.25562],[6.66073,47.25521],[6.65779,47.25561],[6.64401,47.25257],[6.63919,47.2518],[6.63473,47.24779],[6.63322,47.24488],[6.63623,47.24261],[6.6358,47.24149],[6.63903,47.23957],[6.64183,47.24191],[6.64809,47.24534],[6.659,47.24203],[6.66085,47.2392],[6.65905,47.23663],[6.66271,47.23333],[6.66258,47.2312],[6.66568,47.22792],[6.66841,47.2272],[6.66465,47.22348],[6.66847,47.2224],[6.66099,47.21506],[6.65205,47.21293]]]},"properties":{"code_insee":"25125","population":317,"superficie_cadastrale":1010,"nom_officiel":"Charmoille","date_du_recensement":"2023-01-01Z","densite":31.4},"id":"commune.23036"},
{"type":"Feature","geometry":{"type":"Polygon","coordinates":[[[6.70279,47.17308],[6.70528,47.17066],[6.70729,47.16652],[6.70472,47.16532],[6.70353,47.16343],[6.70449,47.1614],[6.70278,47.15925],[6.69191,47.15715],[6.69376,47.15553],[6.69145,47.15358],[6.69199,47.15165],[6.68897,47.14934],[6.70005,47.14136],[6.70453,47.1374],[6.70636,47.13429],[6.71024,47.13056],[6.71816,47.12844],[6.72294,47.12957],[6.72767,47.1344],[6.73171,47.13665],[6.74105,47.13818],[6.75024,47.14102],[6.75589,47.14262],[6.76926,47.14563],[6.77941,47.15026],[6.78683,47.15414],[6.79028,47.15522],[6.77594,47.16825],[6.76476,47.16694],[6.75869,47.1715],[6.75101,47.17428],[6.74129,47.17737],[6.73636,47.17736],[6.73011,47.17639],[6.72056,47.17599],[6.71475,47.17426],[6.71273,47.1748],[6.70279,47.17308]]]},"properties":{"code_insee":"25512","population":2599,"superficie_cadastrale":2420,"nom_officiel":"Le Russey","date_du_recensement":"2023-01-01Z","densite":107.4},"id":"commune.23097"},
{"type":"Feature","geometry":{"type":"Polygon","coordinates":[[[6.15555,46.91163],[6.15959,46.90984],[6.1727,46.90589],[6.17647,46.90557],[6.18729,46.90273],[6.20351,46.88955],[6.20562,46.88862],[6.21214,46.88747],[6.22573,46.88156],[6.22706,46.88485],[6.22911,46.88711],[6.23293,46.88855],[6.23216,46.8908],[6.23473,46.89204],[6.23358,46.89372],[6.23603,46.89642],[6.23473,46.90232],[6.23354,46.90265],[6.23103,46.90632],[6.2286,46.90806],[6.22524,46.91184],[6.2198,46.91329],[6.21346,46.91728],[6.20854,46.91779],[6.19828,46.92273],[6.18493,46.92639],[6.17281,46.91967],[6.16779,46.91713],[6.15555,46.91163]]]},"properties":{"code_insee":"25100","population":505,"superficie_cadastrale":1400,"nom_officiel":"Bulle","date_du_recensement":"2023-01-01Z","densite":36.1},"id":"commune.23138"},
{"type":"Feature","geometry":{"type":"Polygon","coordinates":[[[6.33575,47.44543],[6.33918,47.44283],[6.34221,47.44252],[6.34556,47.44441],[6.35087,47.44095],[6.35077,47.44438],[6.35335,47.44429],[6.35525,47.44567],[6.35751,47.44478],[6.35977,47.44447],[6.36179,47.44633],[6.3641,47.44612],[6.36677,47.45097],[6.37454,47.45111],[6.37956,47.44993],[6.38099,47.45053],[6.39072,47.45123],[6.39188,47.45454],[6.38695,47.45393],[6.37873,47.45621],[6.37326,47.45642],[6.37237,47.45786],[6.37579,47.45982],[6.37693,47.46141],[6.37317,47.46261],[6.36951,47.4627],[6.36878,47.46564],[6.36266,47.46644],[6.35963,47.46525],[6.35736,47.46572],[6.35516,47.46347],[6.34587,47.46379],[6.34556,47.45993],[6.34628,47.45883],[6.34435,47.45559],[6.34107,47.45644],[6.34172,47.45834],[6.33852,47.4611],[6.33429,47.45845],[6.33252,47.45522],[6.33586,47.45256],[6.33856,47.44922],[6.33575,47.44543]]]},"properties":{"code_insee":"25279","population":118,"superficie_cadastrale":620,"nom_officiel":"Gouhelans","date_du_recensement":"2022-01-01Z","densite":19},"id":"commune.23179"},
{"type":"Feature","geometry":{"type":"Polygon","coordinates":[[[6.29831,47.44547],[6.29368,47.44698],[6.28921,47.4477],[6.28835,47.44671],[6.28018,47.44397],[6.28235,47.44044],[6.28429,47.43419],[6.28184,47.43144],[6.27937,47.43073],[6.2827,47.42629],[6.2851,47.42697],[6.29003,47.42571],[6.29448,47.42604],[6.29666,47.42828],[6.30365,47.4302],[6.30613,47.43327],[6.30429,47.43522],[6.29603,47.4412],[6.29831,47.44547]]]},"properties":{"code_insee":"25408","population":54,"superficie_cadastrale":300,"nom_officiel":"Montussaint","date_du_recensement":"2022-01-01Z","densite":18},"id":"commune.23288"},
{"type":"Feature","geometry":{"type":"Polygon","coordinates":[[[6.25059,47.42476],[6.24648,47.42606],[6.239,47.43183],[6.23571,47.43152],[6.23311,47.42878],[6.234,47.42509],[6.23989,47.42024],[6.24193,47.41746],[6.24169,47.41444],[6.24396,47.41375],[6.24152,47.41073],[6.24722,47.41064],[6.25285,47.41269],[6.25787,47.41369],[6.25613,47.41671],[6.25674,47.41831],[6.25059,47.42476]]]},"properties":{"code_insee":"25430","population":43,"superficie_cadastrale":230,"nom_officiel":"Ollans","date_du_recensement":"2023-01-01Z","densite":18.7},"id":"commune.23332"},
{"type":"Feature","geometry":{"type":"Polygon","coordinates":[[[6.35329,47.26294],[6.35752,47.26687],[6.36106,47.26686],[6.36024,47.26819],[6.36241,47.27073],[6.36616,47.27924],[6.36751,47.28357],[6.37036,47.28572],[6.37843,47.28974],[6.37505,47.29082],[6.36965,47.28953],[6.36334,47.29362],[6.35881,47.29499],[6.35489,47.29743],[6.34506,47.30583],[6.33291,47.3141],[6.32926,47.31237],[6.32923,47.30986],[6.32586,47.30892],[6.32248,47.30691],[6.31925,47.30564],[6.31462,47.30255],[6.31422,47.29988],[6.31259,47.29893],[6.31755,47.29115],[6.31771,47.28976],[6.33294,47.2818],[6.33446,47.28221],[6.34297,47.27756],[6.34639,47.27502],[6.34429,47.27276],[6.34461,47.27062],[6.34329,47.2684],[6.34609,47.26758],[6.35329,47.26294]]]},"properties":{"code_insee":"25520","population":191,"superficie_cadastrale":1210,"nom_officiel":"Saint-Juan","date_du_recensement":"2023-01-01Z","densite":15.8},"id":"commune.23419"},
{"type":"Feature","geometry":{"type":"Polygon","coordinates":[[[6.73912,47.44665],[6.7432,47.44811],[6.74063,47.44961],[6.73652,47.45043],[6.73602,47.45374],[6.73406,47.45443],[6.7327,47.45748],[6.73476,47.45852],[6.73355,47.46029],[6.73481,47.46169],[6.73176,47.46574],[6.73008,47.46623],[6.72464,47.46964],[6.72532,47.47142],[6.72223,47.47196],[6.71427,47.46943],[6.71186,47.47132],[6.70852,47.46887],[6.70434,47.46724],[6.70014,47.46637],[6.69928,47.46593],[6.70243,47.46333],[6.69956,47.46185],[6.69971,47.46047],[6.70369,47.46105],[6.70443,47.45908],[6.70736,47.45969],[6.71138,47.45617],[6.71104,47.45482],[6.7065,47.45243],[6.70598,47.44928],[6.70898,47.44796],[6.71389,47.44306],[6.71363,47.43971],[6.71736,47.43882],[6.7262,47.44195],[6.72792,47.44379],[6.73912,47.44665]]]},"properties":{"code_insee":"25224","population":823,"superficie_cadastrale":660,"nom_officiel":"Étouvans","date_du_recensement":"2023-01-01Z","densite":124.7},"id":"commune.23481"},
{"type":"Feature","geometry":{"type":"Polygon","coordinates":[[[6.83991,47.22751],[6.84249,47.2316],[6.84646,47.23369],[6.84456,47.23655],[6.84237,47.23809],[6.84467,47.24212],[6.84253,47.2455],[6.84149,47.24653],[6.84296,47.2492],[6.84559,47.25123],[6.84398,47.25584],[6.84688,47.25621],[6.84589,47.25938],[6.84363,47.26024],[6.84236,47.26297],[6.84458,47.26424],[6.84205,47.26599],[6.83501,47.26269],[6.83336,47.26554],[6.83677,47.26791],[6.83428,47.27004],[6.83104,47.26783],[6.82702,47.26728],[6.82539,47.26599],[6.82117,47.26465],[6.816,47.26245],[6.81694,47.26121],[6.81498,47.25924],[6.81694,47.25692],[6.81797,47.25242],[6.82126,47.25304],[6.82366,47.24985],[6.82763,47.25027],[6.83019,47.24783],[6.83038,47.24039],[6.82715,47.23779],[6.82783,47.23664],[6.83333,47.23477],[6.83167,47.2335],[6.83343,47.22702],[6.83991,47.22751]]]},"properties":{"code_insee":"25108","population":319,"superficie_cadastrale":600,"nom_officiel":"Cernay-l'Église","date_du_recensement":"2023-01-01Z","densite":53.2},"id":"commune.23488"},
{"type":"Feature","geometry":{"type":"Polygon","coordinates":[[[6.29318,47.33902],[6.28959,47.34369],[6.28605,47.34397],[6.28582,47.34547],[6.27834,47.35033],[6.27982,47.34785],[6.28061,47.34326],[6.28432,47.33947],[6.28303,47.3364],[6.27927,47.33569],[6.2769,47.33422],[6.27822,47.33231],[6.2837,47.33468],[6.2887,47.33315],[6.2931,47.33424],[6.2923,47.33803],[6.29318,47.33902]]]},"properties":{"code_insee":"25538","population":114,"superficie_cadastrale":110,"nom_officiel":"Séchin","date_du_recensement":"2023-01-01Z","densite":103.6},"id":"commune.23610"},
{"type":"Feature","geometry":{"type":"Polygon","coordinates":[[[5.80803,47.26859],[5.80971,47.26724],[5.8145,47.26705],[5.81179,47.26788],[5.81084,47.26949],[5.81115,47.27263],[5.8138,47.27395],[5.81924,47.2785],[5.82038,47.28074],[5.81819,47.28309],[5.82006,47.28484],[5.83106,47.28354],[5.83437,47.28374],[5.8364,47.28803],[5.83387,47.28996],[5.82705,47.28987],[5.82231,47.29091],[5.81468,47.29494],[5.80974,47.29532],[5.80558,47.29307],[5.80064,47.29164],[5.80032,47.28983],[5.7967,47.28949],[5.79009,47.29009],[5.78592,47.29156],[5.78162,47.28908],[5.78173,47.28717],[5.77913,47.28325],[5.77507,47.28033],[5.77728,47.2796],[5.78064,47.27423],[5.78268,47.27452],[5.79018,47.2733],[5.79213,47.27489],[5.79682,47.27298],[5.79869,47.27329],[5.80061,47.27101],[5.80573,47.26988],[5.80803,47.26859]]]},"properties":{"code_insee":"25510","population":366,"superficie_cadastrale":720,"nom_officiel":"Ruffey-le-Château","date_du_recensement":"2022-01-01Z","densite":50.8},"id":"commune.23612"},
{"type":"Feature","geometry":{"type":"Polygon","coordinates":[[[6.7594,47.4593],[6.75649,47.4615],[6.75244,47.46615],[6.75322,47.47239],[6.75079,47.47365],[6.75261,47.47657],[6.75314,47.4794],[6.74769,47.48002],[6.74183,47.47947],[6.73806,47.47759],[6.73911,47.47589],[6.73753,47.47065],[6.73757,47.46866],[6.74332,47.46464],[6.74242,47.46297],[6.73991,47.45271],[6.74938,47.45199],[6.7532,47.45336],[6.75322,47.45493],[6.75781,47.45872],[6.7594,47.4593]]]},"properties":{"code_insee":"25054","population":534,"superficie_cadastrale":310,"nom_officiel":"Berche","date_du_recensement":"2023-01-01Z","densite":172.3},"id":"commune.23685"},
{"type":"Feature","geometry":{"type":"Polygon","coordinates":[[[6.83362,47.41582],[6.83585,47.41443],[6.83895,47.41516],[6.84272,47.41827],[6.84818,47.41868],[6.84774,47.42117],[6.84927,47.42497],[6.84949,47.42754],[6.85627,47.43059],[6.85715,47.43367],[6.85608,47.43659],[6.85807,47.43848],[6.85527,47.44559],[6.85392,47.44543],[6.8527,47.44952],[6.85298,47.45308],[6.84771,47.45266],[6.84648,47.45466],[6.84482,47.44814],[6.84139,47.4459],[6.84137,47.44391],[6.83832,47.44332],[6.83921,47.44011],[6.83766,47.43712],[6.83388,47.43428],[6.83041,47.43265],[6.83168,47.43098],[6.83457,47.43052],[6.83871,47.42677],[6.83533,47.42429],[6.83618,47.42215],[6.83267,47.41777],[6.83362,47.41582]]]},"properties":{"code_insee":"25071","population":481,"superficie_cadastrale":470,"nom_officiel":"Bondeval","date_du_recensement":"2022-01-01Z","densite":102.3},"id":"commune.23751"},
{"type":"Feature","geometry":{"type":"Polygon","coordinates":[[[6.57193,47.34111],[6.57602,47.34134],[6.58327,47.33871],[6.58579,47.33708],[6.59129,47.33486],[6.59539,47.3341],[6.59753,47.33643],[6.59957,47.33497],[6.60486,47.33584],[6.6056,47.33465],[6.60672,47.33486],[6.60543,47.33825],[6.6061,47.33985],[6.60266,47.34521],[6.60629,47.34796],[6.60797,47.35265],[6.61061,47.3541],[6.60854,47.3572],[6.61017,47.35997],[6.6062,47.3595],[6.59902,47.35998],[6.59583,47.35845],[6.58736,47.35815],[6.57671,47.35624],[6.56733,47.35699],[6.56695,47.35606],[6.56679,47.35557],[6.57616,47.34946],[6.57181,47.34218],[6.57193,47.34111]]]},"properties":{"code_insee":"25595","population":95,"superficie_cadastrale":600,"nom_officiel":"Vellerot-lès-Belvoir","date_du_recensement":"2022-01-01Z","densite":15.8},"id":"commune.23774"},
{"type":"Feature","geometry":{"type":"Polygon","coordinates":[[[6.11853,47.13222],[6.12362,47.13323],[6.1284,47.13492],[6.13121,47.1321],[6.13427,47.13386],[6.13777,47.13464],[6.14485,47.13486],[6.14555,47.13386],[6.15107,47.13388],[6.1522,47.13531],[6.15819,47.13755],[6.15835,47.13885],[6.16259,47.1421],[6.16654,47.14332],[6.1708,47.14583],[6.17477,47.14191],[6.17655,47.13774],[6.18259,47.13878],[6.18942,47.13934],[6.186,47.14418],[6.18734,47.14665],[6.18359,47.1499],[6.17677,47.15159],[6.17533,47.15086],[6.17067,47.15175],[6.16866,47.15115],[6.16325,47.15179],[6.15674,47.15453],[6.14777,47.15929],[6.14181,47.1615],[6.13837,47.16452],[6.13515,47.1664],[6.13489,47.16847],[6.13786,47.17208],[6.13087,47.17325],[6.12504,47.17716],[6.12116,47.17505],[6.11889,47.17842],[6.1158,47.17913],[6.11667,47.18156],[6.11104,47.18281],[6.11328,47.18728],[6.10884,47.18761],[6.10235,47.18682],[6.09936,47.18913],[6.09737,47.19276],[6.09251,47.19518],[6.09114,47.19093],[6.08807,47.1888],[6.08514,47.18352],[6.08876,47.18053],[6.08433,47.17817],[6.08058,47.17492],[6.07755,47.17352],[6.08478,47.16913],[6.0867,47.16645],[6.08552,47.1648],[6.08732,47.16357],[6.08528,47.16097],[6.08798,47.15744],[6.08743,47.15466],[6.08958,47.15306],[6.09569,47.15411],[6.09788,47.15228],[6.10025,47.15242],[6.10326,47.1496],[6.10801,47.14964],[6.10825,47.14639],[6.10948,47.14404],[6.11336,47.14122],[6.11549,47.14005],[6.11767,47.13624],[6.117,47.13368],[6.11853,47.13222]]]},"properties":{"code_insee":"25558","population":1498,"superficie_cadastrale":2400,"nom_officiel":"Tarcenay-Foucherans","date_du_recensement":"2022-01-01Z","densite":62.4},"id":"commune.23775"},
{"type":"Feature","geometry":{"type":"Polygon","coordinates":[[[6.93983,47.32538],[6.94497,47.32833],[6.94912,47.32845],[6.95168,47.33083],[6.94988,47.33357],[6.95288,47.33669],[6.95824,47.33585],[6.96212,47.337],[6.95956,47.34036],[6.96129,47.34243],[6.96662,47.34455],[6.96621,47.34729],[6.96255,47.34671],[6.95522,47.34354],[6.95058,47.34683],[6.9448,47.34435],[6.94105,47.34533],[6.93392,47.34846],[6.93551,47.35756],[6.93311,47.35845],[6.92408,47.35518],[6.91962,47.35531],[6.91534,47.35762],[6.90375,47.35953],[6.90122,47.35885],[6.90454,47.356],[6.90704,47.35527],[6.90899,47.35328],[6.91488,47.35131],[6.91631,47.35008],[6.91536,47.34534],[6.91618,47.34339],[6.91192,47.34225],[6.91196,47.33913],[6.90964,47.33672],[6.9071,47.3368],[6.90147,47.33336],[6.90492,47.32915],[6.90943,47.32967],[6.91706,47.33141],[6.92089,47.33114],[6.92447,47.3323],[6.9284,47.33042],[6.92694,47.327],[6.93031,47.32291],[6.93217,47.32274],[6.93983,47.32538]]]},"properties":{"code_insee":"25591","population":147,"superficie_cadastrale":940,"nom_officiel":"Vaufrey","date_du_recensement":"2022-01-01Z","densite":15.6},"id":"commune.23778"},
{"type":"Feature","geometry":{"type":"Polygon","coordinates":[[[6.68922,47.53329],[6.68623,47.53388],[6.68476,47.53785],[6.67935,47.54141],[6.67632,47.54479],[6.67684,47.55041],[6.67724,47.55548],[6.67028,47.55802],[6.66838,47.55523],[6.66318,47.55217],[6.65832,47.54551],[6.65369,47.54159],[6.65603,47.53699],[6.66178,47.53236],[6.66728,47.52904],[6.66936,47.52698],[6.67495,47.52362],[6.67481,47.52208],[6.68133,47.52162],[6.68209,47.52562],[6.68396,47.52609],[6.6836,47.52835],[6.68795,47.5287],[6.68925,47.53094],[6.68922,47.53329]]]},"properties":{"code_insee":"25198","population":709,"superficie_cadastrale":550,"nom_officiel":"Désandans","date_du_recensement":"2023-01-01Z","densite":128.9},"id":"commune.23795"},
{"type":"Feature","geometry":{"type":"Polygon","coordinates":[[[6.84646,47.31909],[6.85118,47.31762],[6.85057,47.31554],[6.85612,47.31408],[6.85471,47.3119],[6.85889,47.30962],[6.85953,47.31035],[6.8652,47.31091],[6.86986,47.31431],[6.87574,47.31602],[6.88076,47.31633],[6.8836,47.31915],[6.88695,47.31909],[6.88862,47.32886],[6.88863,47.3332],[6.8906,47.33691],[6.88851,47.33799],[6.88512,47.33732],[6.8789,47.34188],[6.87886,47.34324],[6.87616,47.34596],[6.87367,47.34436],[6.86904,47.34514],[6.86615,47.34362],[6.86169,47.34326],[6.859,47.3398],[6.85939,47.33591],[6.85316,47.33573],[6.853,47.33165],[6.84871,47.32893],[6.84616,47.32542],[6.84468,47.32622],[6.84358,47.32435],[6.84729,47.32362],[6.84646,47.31909]]]},"properties":{"code_insee":"25551","population":136,"superficie_cadastrale":860,"nom_officiel":"Soulce-Cernay","date_du_recensement":"2023-01-01Z","densite":15.8},"id":"commune.23879"},
{"type":"Feature","geometry":{"type":"Polygon","coordinates":[[[6.71313,47.49373],[6.71506,47.49666],[6.71422,47.50028],[6.7116,47.50466],[6.71416,47.51245],[6.69461,47.51437],[6.69135,47.5152],[6.68628,47.51443],[6.68433,47.51594],[6.68107,47.5139],[6.67537,47.5074],[6.67665,47.50345],[6.67408,47.50101],[6.67691,47.49883],[6.67976,47.49441],[6.68592,47.48947],[6.69283,47.4844],[6.70078,47.48958],[6.706,47.49098],[6.71313,47.49373]]]},"properties":{"code_insee":"25523","population":648,"superficie_cadastrale":720,"nom_officiel":"Sainte-Marie","date_du_recensement":"2023-01-01Z","densite":90},"id":"commune.23926"},
{"type":"Feature","geometry":{"type":"Polygon","coordinates":[[[6.51763,47.24207],[6.51929,47.24245],[6.50882,47.24275],[6.5034,47.24056],[6.49876,47.24126],[6.49537,47.23837],[6.48711,47.23798],[6.48192,47.23647],[6.47862,47.23703],[6.46297,47.23238],[6.46138,47.23213],[6.45783,47.22903],[6.4525,47.22519],[6.45372,47.21823],[6.45356,47.21621],[6.45701,47.2137],[6.46036,47.21372],[6.46056,47.21059],[6.46693,47.20945],[6.46952,47.20842],[6.48302,47.2107],[6.48871,47.21088],[6.49295,47.21345],[6.49749,47.21364],[6.50293,47.21614],[6.50465,47.21711],[6.50404,47.22324],[6.50647,47.22409],[6.50874,47.22649],[6.50577,47.22883],[6.5093,47.23095],[6.50659,47.23272],[6.50986,47.23409],[6.51012,47.23544],[6.51763,47.24207]]]},"properties":{"code_insee":"25268","population":121,"superficie_cadastrale":1120,"nom_officiel":"Germéfontaine","date_du_recensement":"2023-01-01Z","densite":10.8},"id":"commune.24141"},
{"type":"Feature","geometry":{"type":"Polygon","coordinates":[[[6.22594,47.40247],[6.22774,47.40621],[6.22862,47.40974],[6.23236,47.41281],[6.23269,47.41397],[6.22743,47.41916],[6.2267,47.4218],[6.22254,47.4225],[6.21634,47.4222],[6.21582,47.42391],[6.21144,47.42582],[6.21073,47.42761],[6.20799,47.4288],[6.21145,47.42175],[6.21303,47.42032],[6.20805,47.41786],[6.20637,47.41578],[6.20951,47.41321],[6.21325,47.40691],[6.21663,47.40737],[6.22041,47.40679],[6.21795,47.40163],[6.2237,47.40078],[6.22594,47.40247]]]},"properties":{"code_insee":"25242","population":137,"superficie_cadastrale":300,"nom_officiel":"Flagey-Rigney","date_du_recensement":"2023-01-01Z","densite":45.7},"id":"commune.24155"},
{"type":"Feature","geometry":{"type":"Polygon","coordinates":[[[6.66824,47.3009],[6.66605,47.29904],[6.66582,47.2967],[6.66261,47.2932],[6.6608,47.29331],[6.65686,47.29017],[6.65334,47.28401],[6.65231,47.27569],[6.65448,47.27553],[6.66298,47.27318],[6.66262,47.27069],[6.66756,47.27106],[6.66916,47.26962],[6.67438,47.26984],[6.67614,47.26875],[6.67968,47.26952],[6.67959,47.27075],[6.68432,47.28212],[6.68504,47.28701],[6.68964,47.287],[6.68984,47.29005],[6.6874,47.29033],[6.68582,47.29317],[6.67936,47.29614],[6.67976,47.29928],[6.675,47.29909],[6.67058,47.2999],[6.66954,47.30134],[6.66824,47.3009]]]},"properties":{"code_insee":"25290","population":97,"superficie_cadastrale":620,"nom_officiel":"La Grange","date_du_recensement":"2022-01-01Z","densite":15.6},"id":"commune.24274"},
{"type":"Feature","geometry":{"type":"Polygon","coordinates":[[[6.70775,47.22161],[6.70493,47.22692],[6.6997,47.22713],[6.69278,47.22722],[6.6908,47.22318],[6.67988,47.22153],[6.6749,47.2193],[6.66942,47.2209],[6.66845,47.21719],[6.66217,47.21254],[6.65788,47.21251],[6.65381,47.21067],[6.652,47.21098],[6.65334,47.20944],[6.65058,47.20776],[6.64555,47.20843],[6.64174,47.20787],[6.64181,47.20613],[6.64449,47.20652],[6.65085,47.20615],[6.6526,47.20793],[6.65707,47.20954],[6.66131,47.20919],[6.66553,47.21161],[6.66695,47.21107],[6.66986,47.20552],[6.67318,47.2032],[6.67559,47.20446],[6.67913,47.20449],[6.68268,47.20201],[6.68161,47.1999],[6.68589,47.20182],[6.69275,47.20391],[6.70103,47.20858],[6.69815,47.21109],[6.70102,47.21337],[6.70052,47.21468],[6.704,47.21718],[6.70443,47.21863],[6.70775,47.22161]]]},"properties":{"code_insee":"25504","population":79,"superficie_cadastrale":610,"nom_officiel":"Rosureux","date_du_recensement":"2023-01-01Z","densite":13},"id":"commune.24290"},
{"type":"Feature","geometry":{"type":"Polygon","coordinates":[[[6.50283,47.35654],[6.5045,47.3587],[6.50806,47.35971],[6.51389,47.36041],[6.52261,47.36031],[6.5335,47.36156],[6.53925,47.36122],[6.53742,47.36618],[6.53694,47.36932],[6.53501,47.37516],[6.53374,47.38155],[6.53152,47.3862],[6.53153,47.38902],[6.53435,47.39328],[6.53895,47.39458],[6.54046,47.39672],[6.54035,47.39947],[6.53818,47.40084],[6.53613,47.39992],[6.5331,47.40086],[6.53301,47.40293],[6.53462,47.40709],[6.53475,47.41038],[6.53136,47.41035],[6.52806,47.41146],[6.51845,47.41613],[6.516,47.41602],[6.51257,47.41308],[6.50763,47.41604],[6.50309,47.41609],[6.49846,47.41835],[6.49542,47.41758],[6.49223,47.41818],[6.48895,47.41672],[6.48017,47.41],[6.47321,47.40706],[6.46923,47.40623],[6.47036,47.39856],[6.46997,47.39357],[6.46353,47.39178],[6.46641,47.38992],[6.46841,47.39094],[6.47685,47.39201],[6.47756,47.39028],[6.48592,47.39013],[6.49516,47.38825],[6.49983,47.38602],[6.5009,47.38659],[6.50459,47.38222],[6.50382,47.37955],[6.50003,47.37502],[6.49399,47.37145],[6.4963,47.36885],[6.4941,47.36361],[6.49431,47.36165],[6.48204,47.35805],[6.48594,47.35834],[6.49031,47.3574],[6.49514,47.35852],[6.50014,47.35775],[6.50283,47.35654]]]},"properties":{"code_insee":"25156","population":1174,"superficie_cadastrale":2260,"nom_officiel":"Pays-de-Clerval","date_du_recensement":"2023-01-01Z","densite":51.9},"id":"commune.24342"},
{"type":"Feature","geometry":{"type":"Polygon","coordinates":[[[6.07294,47.31168],[6.06897,47.31745],[6.06811,47.32141],[6.07413,47.32286],[6.07427,47.32521],[6.07314,47.32942],[6.07508,47.33111],[6.07037,47.33703],[6.06815,47.33905],[6.06912,47.34072],[6.06726,47.34539],[6.06449,47.34834],[6.05827,47.34764],[6.0574,47.34956],[6.05176,47.35203],[6.05076,47.34893],[6.056,47.34835],[6.05758,47.34357],[6.06079,47.34109],[6.06079,47.33491],[6.05726,47.3299],[6.05489,47.32853],[6.05364,47.3215],[6.05717,47.32081],[6.06347,47.32185],[6.06488,47.31973],[6.0662,47.31555],[6.07118,47.30943],[6.07294,47.31168]]]},"properties":{"code_insee":"25376","population":178,"superficie_cadastrale":340,"nom_officiel":"Mérey-Vieilley","date_du_recensement":"2023-01-01Z","densite":52.4},"id":"commune.24366"},
{"type":"Feature","geometry":{"type":"Polygon","coordinates":[[[6.38026,47.42108],[6.39653,47.42188],[6.40032,47.42668],[6.40153,47.42902],[6.40217,47.43188],[6.4009,47.43507],[6.40151,47.43703],[6.39352,47.43915],[6.38653,47.43913],[6.38043,47.43789],[6.37878,47.43659],[6.3732,47.43725],[6.37103,47.43851],[6.3675,47.43646],[6.36076,47.43647],[6.35535,47.43468],[6.35378,47.43234],[6.35607,47.43026],[6.36017,47.42786],[6.36269,47.42552],[6.36107,47.42344],[6.36308,47.4216],[6.3702,47.42349],[6.37043,47.42231],[6.377,47.4209],[6.38026,47.42108]]]},"properties":{"code_insee":"25377","population":233,"superficie_cadastrale":570,"nom_officiel":"Mésandans","date_du_recensement":"2023-01-01Z","densite":40.9},"id":"commune.24371"},
{"type":"Feature","geometry":{"type":"Polygon","coordinates":[[[6.68218,47.09681],[6.68673,47.09667],[6.69238,47.09776],[6.69461,47.09728],[6.70522,47.10029],[6.70912,47.10282],[6.70668,47.1061],[6.70443,47.10632],[6.70169,47.10982],[6.69336,47.11717],[6.68569,47.12022],[6.68161,47.12038],[6.68063,47.12086],[6.67471,47.11927],[6.67098,47.11964],[6.67274,47.11696],[6.67169,47.11465],[6.67432,47.10955],[6.67634,47.10741],[6.67216,47.10536],[6.67349,47.10332],[6.6761,47.10394],[6.67738,47.10173],[6.68218,47.09681]]]},"properties":{"code_insee":"25148","population":549,"superficie_cadastrale":490,"nom_officiel":"La Chenalotte","date_du_recensement":"2023-01-01Z","densite":112},"id":"commune.24392"},
{"type":"Feature","geometry":{"type":"Polygon","coordinates":[[[6.31259,47.29893],[6.30951,47.29783],[6.30502,47.29749],[6.30025,47.29414],[6.29447,47.29415],[6.29101,47.29842],[6.28942,47.3029],[6.28994,47.3044],[6.28606,47.31395],[6.28484,47.31586],[6.27959,47.31528],[6.27648,47.31357],[6.27541,47.31187],[6.26547,47.30847],[6.26367,47.30685],[6.26634,47.30235],[6.25988,47.30043],[6.25719,47.29484],[6.25869,47.29087],[6.25982,47.28518],[6.26246,47.28453],[6.26238,47.28217],[6.26499,47.27936],[6.26761,47.27783],[6.26718,47.27581],[6.27092,47.27447],[6.27348,47.27495],[6.27905,47.27888],[6.29583,47.28114],[6.30135,47.28338],[6.30137,47.2873],[6.30324,47.28977],[6.31137,47.29269],[6.31061,47.29663],[6.31259,47.29893]]]},"properties":{"code_insee":"25189","population":218,"superficie_cadastrale":990,"nom_officiel":"Dammartin-les-Templiers","date_du_recensement":"2023-01-01Z","densite":22},"id":"commune.24415"},
{"type":"Feature","geometry":{"type":"Polygon","coordinates":[[[6.14056,47.29306],[6.13553,47.2927],[6.12032,47.29584],[6.11858,47.29577],[6.11919,47.29187],[6.1228,47.28706],[6.12,47.28693],[6.1212,47.28274],[6.12464,47.27941],[6.13546,47.28148],[6.13968,47.28391],[6.14174,47.28414],[6.13857,47.28827],[6.13461,47.28791],[6.14056,47.29306]]]},"properties":{"code_insee":"25429","population":1334,"superficie_cadastrale":200,"nom_officiel":"Novillars","date_du_recensement":"2023-01-01Z","densite":667},"id":"commune.24424"},
{"type":"Feature","geometry":{"type":"Polygon","coordinates":[[[5.97951,46.96353],[5.97333,46.95977],[5.97219,46.95812],[5.96645,46.95404],[5.96373,46.95436],[5.95639,46.94865],[5.96091,46.94646],[5.96413,46.9484],[5.96612,46.94587],[5.9731,46.94321],[5.98145,46.93861],[5.98597,46.93743],[5.98959,46.9355],[5.99379,46.93592],[5.99714,46.93353],[6.00519,46.94344],[6.00564,46.94624],[6.00366,46.94738],[5.99692,46.94604],[5.9945,46.9472],[5.99788,46.94874],[5.99528,46.95047],[5.99343,46.95327],[5.99628,46.95612],[5.9932,46.95783],[5.99334,46.96035],[5.99773,46.96426],[6.00269,46.96405],[6.00267,46.9659],[5.99689,46.96576],[5.99561,46.96685],[5.99178,46.96751],[5.98367,46.96526],[5.97951,46.96353]]]},"properties":{"code_insee":"25513","population":50,"superficie_cadastrale":660,"nom_officiel":"Sainte-Anne","date_du_recensement":"2023-01-01Z","densite":7.6},"id":"commune.24433"},
{"type":"Feature","geometry":{"type":"Polygon","coordinates":[[[5.97766,47.09976],[5.97853,47.10207],[5.97702,47.10419],[5.97364,47.10556],[5.97006,47.10523],[5.96455,47.10282],[5.96264,47.10277],[5.95906,47.10451],[5.95824,47.10628],[5.95907,47.10848],[5.96221,47.11187],[5.96128,47.11424],[5.95904,47.11353],[5.95531,47.115],[5.95176,47.11559],[5.95017,47.11102],[5.94798,47.10669],[5.94829,47.10374],[5.94599,47.09819],[5.9543,47.08949],[5.9567,47.08574],[5.95713,47.08759],[5.96349,47.09199],[5.96561,47.09266],[5.96864,47.0961],[5.9713,47.09775],[5.97247,47.1004],[5.9747,47.10117],[5.97766,47.09976]]]},"properties":{"code_insee":"25171","population":102,"superficie_cadastrale":360,"nom_officiel":"Courcelles","date_du_recensement":"2023-01-01Z","densite":28.3},"id":"commune.24437"},
{"type":"Feature","geometry":{"type":"Polygon","coordinates":[[[6.60601,47.19013],[6.6079,47.18758],[6.61062,47.18659],[6.61127,47.18502],[6.60961,47.18186],[6.60619,47.18011],[6.6014,47.173],[6.60097,47.17022],[6.60344,47.16669],[6.60969,47.16622],[6.61575,47.17096],[6.61977,47.17331],[6.61658,47.17592],[6.61974,47.17697],[6.62255,47.17453],[6.62595,47.17613],[6.63041,47.17273],[6.63154,47.17081],[6.63724,47.17102],[6.63848,47.1725],[6.63614,47.1741],[6.638,47.17807],[6.63806,47.18103],[6.63934,47.18334],[6.6388,47.18631],[6.64037,47.18962],[6.63904,47.19267],[6.63029,47.19247],[6.62015,47.19096],[6.61718,47.19006],[6.60601,47.19013]]]},"properties":{"code_insee":"25329","population":32,"superficie_cadastrale":530,"nom_officiel":"Laval-le-Prieuré","date_du_recensement":"2023-01-01Z","densite":6},"id":"commune.24482"},
{"type":"Feature","geometry":{"type":"Polygon","coordinates":[[[6.30105,47.01875],[6.30639,47.017],[6.30758,47.01589],[6.30537,47.01324],[6.3097,47.01179],[6.31942,47.00928],[6.32323,47.00887],[6.32724,47.007],[6.32875,47.00866],[6.33235,47.00786],[6.33618,47.00603],[6.34635,47.00791],[6.34827,47.00678],[6.35393,47.0096],[6.36317,47.01354],[6.36324,47.01495],[6.37455,47.02012],[6.37591,47.02021],[6.37589,47.02076],[6.36456,47.02391],[6.35672,47.01903],[6.35307,47.02274],[6.34878,47.02251],[6.34268,47.02438],[6.34058,47.02619],[6.33781,47.02649],[6.336,47.02898],[6.33296,47.03024],[6.32862,47.02764],[6.32395,47.02621],[6.32055,47.0262],[6.31098,47.02174],[6.30186,47.02002],[6.30105,47.01875]]]},"properties":{"code_insee":"25517","population":250,"superficie_cadastrale":790,"nom_officiel":"Saint-Gorgon-Main","date_du_recensement":"2023-01-01Z","densite":31.6},"id":"commune.24529"},
{"type":"Feature","geometry":{"type":"Polygon","coordinates":[[[6.65685,47.11963],[6.65532,47.12172],[6.6503,47.12559],[6.65244,47.13038],[6.64627,47.13144],[6.64374,47.1295],[6.64002,47.13175],[6.6382,47.1346],[6.63453,47.13735],[6.63643,47.13899],[6.63431,47.14024],[6.63609,47.14279],[6.63392,47.14731],[6.62975,47.14912],[6.62863,47.1483],[6.63059,47.14581],[6.62556,47.14332],[6.6242,47.14072],[6.61951,47.1376],[6.61322,47.13051],[6.614,47.1288],[6.61102,47.12405],[6.61621,47.1235],[6.61192,47.12012],[6.61055,47.11779],[6.60676,47.11432],[6.60704,47.11315],[6.60282,47.11152],[6.60493,47.10985],[6.60842,47.10938],[6.61131,47.1129],[6.61562,47.11353],[6.61903,47.11328],[6.61972,47.1084],[6.62137,47.10591],[6.62045,47.10375],[6.62212,47.10129],[6.6306,47.09899],[6.629,47.09957],[6.63265,47.10281],[6.64111,47.10554],[6.65168,47.11279],[6.65856,47.11704],[6.65685,47.11963]]]},"properties":{"code_insee":"25050","population":512,"superficie_cadastrale":1070,"nom_officiel":"Le Bélieu","date_du_recensement":"2022-01-01Z","densite":47.9},"id":"commune.24591"},
{"type":"Feature","geometry":{"type":"Polygon","coordinates":[[[6.41732,47.24271],[6.41408,47.24063],[6.41767,47.24016],[6.42016,47.23762],[6.42386,47.2401],[6.42549,47.23874],[6.4315,47.24064],[6.43681,47.23831],[6.43948,47.23882],[6.44205,47.24036],[6.44422,47.23835],[6.44851,47.23856],[6.45146,47.24054],[6.45043,47.24172],[6.45335,47.24435],[6.45546,47.24339],[6.4652,47.24638],[6.46579,47.24527],[6.47279,47.24749],[6.48073,47.24785],[6.48869,47.24965],[6.48887,47.25028],[6.48117,47.24879],[6.47472,47.24866],[6.4684,47.24671],[6.46586,47.24842],[6.46049,47.25038],[6.45702,47.25087],[6.45335,47.2548],[6.45082,47.2559],[6.44872,47.25431],[6.44016,47.25415],[6.43842,47.25319],[6.43454,47.25383],[6.42999,47.25029],[6.42552,47.24809],[6.42333,47.24772],[6.42166,47.24571],[6.41732,47.24271]]]},"properties":{"code_insee":"25596","population":65,"superficie_cadastrale":460,"nom_officiel":"Vellerot-lès-Vercel","date_du_recensement":"2022-01-01Z","densite":14.1},"id":"commune.24603"},
{"type":"Feature","geometry":{"type":"Polygon","coordinates":[[[6.38586,47.50166],[6.38743,47.50048],[6.3855,47.49635],[6.38933,47.49769],[6.39197,47.49512],[6.40057,47.49321],[6.40002,47.49077],[6.40433,47.48552],[6.40574,47.48488],[6.41038,47.4887],[6.41349,47.49189],[6.41248,47.49486],[6.4149,47.4965],[6.41861,47.50046],[6.41675,47.50271],[6.41376,47.50417],[6.41134,47.50643],[6.41099,47.50878],[6.41275,47.50999],[6.41256,47.51337],[6.41485,47.51956],[6.41149,47.5225],[6.40842,47.52145],[6.40125,47.52038],[6.39352,47.5167],[6.39355,47.51269],[6.39283,47.50772],[6.38979,47.50616],[6.3837,47.50355],[6.38586,47.50166]]]},"properties":{"code_insee":"25181","population":146,"superficie_cadastrale":590,"nom_officiel":"Cubrial","date_du_recensement":"2023-01-01Z","densite":24.7},"id":"commune.24620"},
{"type":"Feature","geometry":{"type":"Polygon","coordinates":[[[6.82304,47.38238],[6.82666,47.37878],[6.83259,47.37854],[6.84224,47.38252],[6.84536,47.38253],[6.84724,47.38045],[6.85132,47.38064],[6.85348,47.37571],[6.861,47.37642],[6.86836,47.38147],[6.877,47.38209],[6.89008,47.38431],[6.88936,47.38748],[6.88111,47.38912],[6.882,47.39033],[6.88215,47.39447],[6.881,47.39689],[6.87853,47.39754],[6.87103,47.40565],[6.859,47.40275],[6.85499,47.40348],[6.84743,47.39928],[6.84715,47.40085],[6.84243,47.39884],[6.83833,47.39882],[6.83728,47.4006],[6.82848,47.39785],[6.83139,47.39668],[6.82898,47.39274],[6.82862,47.39002],[6.82676,47.38543],[6.82304,47.38238]]]},"properties":{"code_insee":"25063","population":1225,"superficie_cadastrale":1010,"nom_officiel":"Blamont","date_du_recensement":"2023-01-01Z","densite":121.3},"id":"commune.24626"},
{"type":"Feature","geometry":{"type":"Polygon","coordinates":[[[6.55414,47.48689],[6.55626,47.48583],[6.5582,47.48224],[6.55844,47.47986],[6.55374,47.47743],[6.55499,47.47483],[6.55944,47.47094],[6.56307,47.46571],[6.56449,47.46575],[6.57016,47.46684],[6.57081,47.47302],[6.57268,47.47939],[6.57478,47.48158],[6.58055,47.48322],[6.57805,47.48569],[6.57798,47.49009],[6.57459,47.49148],[6.57229,47.4943],[6.57387,47.49595],[6.56545,47.49699],[6.56027,47.49723],[6.55561,47.49579],[6.55602,47.49053],[6.55391,47.49045],[6.55414,47.48689]]]},"properties":{"code_insee":"25266","population":125,"superficie_cadastrale":430,"nom_officiel":"Geney","date_du_recensement":"2022-01-01Z","densite":29.1},"id":"commune.24646"},
{"type":"Feature","geometry":{"type":"Polygon","coordinates":[[[6.75121,47.33013],[6.7568,47.33171],[6.75854,47.33312],[6.75568,47.33544],[6.75577,47.33675],[6.75978,47.34065],[6.76026,47.34253],[6.75774,47.34539],[6.75753,47.34712],[6.75239,47.3478],[6.74462,47.34492],[6.7392,47.34218],[6.73729,47.34044],[6.73218,47.34086],[6.73081,47.33984],[6.73113,47.3367],[6.73401,47.33841],[6.7405,47.33936],[6.74196,47.33649],[6.74503,47.33476],[6.73979,47.33089],[6.74129,47.32947],[6.75121,47.33013]]]},"properties":{"code_insee":"25192","population":162,"superficie_cadastrale":230,"nom_officiel":"Dampjoux","date_du_recensement":"2023-01-01Z","densite":70.4},"id":"commune.24703"},
{"type":"Feature","geometry":{"type":"Polygon","coordinates":[[[6.19538,47.11108],[6.19818,47.10661],[6.2013,47.106],[6.2019,47.10453],[6.20553,47.10429],[6.20564,47.09913],[6.20759,47.09631],[6.20731,47.09449],[6.21064,47.09277],[6.21386,47.09259],[6.22083,47.08981],[6.22447,47.09113],[6.22727,47.09044],[6.22943,47.09357],[6.23386,47.0925],[6.23536,47.09475],[6.23496,47.09546],[6.24177,47.10335],[6.24301,47.1035],[6.2497,47.111],[6.25127,47.11034],[6.25338,47.1128],[6.25104,47.11419],[6.24648,47.11157],[6.2433,47.1123],[6.23807,47.11468],[6.23333,47.11741],[6.23055,47.12008],[6.22948,47.12308],[6.22779,47.1238],[6.22051,47.12139],[6.22081,47.11878],[6.21662,47.11815],[6.21127,47.11582],[6.20634,47.11535],[6.19816,47.11308],[6.19538,47.11108]]]},"properties":{"code_insee":"25208","population":204,"superficie_cadastrale":850,"nom_officiel":"Durnes","date_du_recensement":"2023-01-01Z","densite":24},"id":"commune.24901"},
{"type":"Feature","geometry":{"type":"Polygon","coordinates":[[[6.45783,47.22903],[6.46138,47.23213],[6.46297,47.23238],[6.47862,47.23703],[6.48192,47.23647],[6.48711,47.23798],[6.49537,47.23837],[6.49876,47.24126],[6.5034,47.24056],[6.50882,47.24275],[6.50684,47.24512],[6.50507,47.2445],[6.50343,47.24712],[6.50346,47.24964],[6.49975,47.25083],[6.49444,47.24942],[6.48887,47.25028],[6.48869,47.24965],[6.48073,47.24785],[6.47279,47.24749],[6.46579,47.24527],[6.4652,47.24638],[6.45546,47.24339],[6.45335,47.24435],[6.45043,47.24172],[6.45146,47.24054],[6.44851,47.23856],[6.44422,47.23835],[6.44205,47.24036],[6.43948,47.23882],[6.44022,47.23615],[6.44413,47.23211],[6.4482,47.23068],[6.4518,47.23145],[6.4544,47.23059],[6.45844,47.23149],[6.45783,47.22903]]]},"properties":{"code_insee":"25625","population":49,"superficie_cadastrale":590,"nom_officiel":"Villers-la-Combe","date_du_recensement":"2022-01-01Z","densite":8.3},"id":"commune.24946"},
{"type":"Feature","geometry":{"type":"Polygon","coordinates":[[[6.34953,47.32653],[6.34777,47.32861],[6.34343,47.33188],[6.34341,47.33295],[6.34082,47.33345],[6.33338,47.33361],[6.32913,47.33246],[6.3246,47.33006],[6.32594,47.328],[6.32325,47.32587],[6.31296,47.323],[6.31589,47.31958],[6.31605,47.31676],[6.31804,47.31532],[6.31612,47.31382],[6.31715,47.31061],[6.32248,47.30691],[6.32586,47.30892],[6.32923,47.30986],[6.32926,47.31237],[6.33291,47.3141],[6.33691,47.31626],[6.33729,47.31947],[6.3414,47.32026],[6.34287,47.32054],[6.34753,47.32384],[6.34953,47.32653]]]},"properties":{"code_insee":"25546","population":54,"superficie_cadastrale":430,"nom_officiel":"Silley-Bléfond","date_du_recensement":"2023-01-01Z","densite":12.6},"id":"commune.24952"},
{"type":"Feature","geometry":{"type":"Polygon","coordinates":[[[6.56314,47.39781],[6.57141,47.39657],[6.57619,47.39712],[6.58052,47.40128],[6.58246,47.40598],[6.58305,47.40897],[6.58308,47.41764],[6.58476,47.41863],[6.58479,47.42108],[6.5804,47.42622],[6.57592,47.42852],[6.57811,47.43056],[6.57488,47.43731],[6.57248,47.43837],[6.56669,47.43831],[6.56034,47.43937],[6.55479,47.44144],[6.54922,47.44146],[6.54365,47.44055],[6.5316,47.4415],[6.53014,47.439],[6.52915,47.43486],[6.53291,47.43144],[6.53927,47.42848],[6.54475,47.42703],[6.5493,47.42459],[6.55213,47.42384],[6.55295,47.42091],[6.55475,47.41938],[6.5536,47.41807],[6.55726,47.41466],[6.56125,47.41293],[6.56505,47.41239],[6.56622,47.40991],[6.56487,47.40715],[6.56594,47.40353],[6.56314,47.39781]]]},"properties":{"code_insee":"25479","population":389,"superficie_cadastrale":1030,"nom_officiel":"Rang","date_du_recensement":"2022-01-01Z","densite":37.8},"id":"commune.25156"},
{"type":"Feature","geometry":{"type":"Polygon","coordinates":[[[5.93274,47.05859],[5.92774,47.05871],[5.92753,47.05631],[5.93222,47.05296],[5.93598,47.05154],[5.93946,47.04867],[5.9378,47.04468],[5.93751,47.04206],[5.93866,47.04108],[5.93708,47.03836],[5.93888,47.03656],[5.94281,47.03502],[5.94853,47.03509],[5.9562,47.03429],[5.9634,47.03592],[5.96566,47.03766],[5.96964,47.04218],[5.9661,47.04315],[5.96653,47.04511],[5.97047,47.04852],[5.96916,47.05031],[5.96537,47.05212],[5.96128,47.05295],[5.94424,47.05817],[5.93274,47.05859]]]},"properties":{"code_insee":"25209","population":113,"superficie_cadastrale":550,"nom_officiel":"Échay","date_du_recensement":"2023-01-01Z","densite":20.5},"id":"commune.25183"},
{"type":"Feature","geometry":{"type":"Polygon","coordinates":[[[6.52242,47.49726],[6.52009,47.49644],[6.51596,47.49669],[6.514,47.49988],[6.50659,47.5013],[6.50529,47.5026],[6.5047,47.50561],[6.50573,47.50817],[6.49895,47.51076],[6.4959,47.50569],[6.48743,47.50108],[6.48323,47.49759],[6.47824,47.49745],[6.47591,47.49654],[6.47575,47.48848],[6.47151,47.48701],[6.47455,47.47568],[6.47819,47.47542],[6.47828,47.47322],[6.48038,47.47197],[6.4849,47.47224],[6.48972,47.47319],[6.49521,47.47311],[6.49712,47.47376],[6.50116,47.47447],[6.50907,47.47698],[6.51619,47.47631],[6.51843,47.48029],[6.51825,47.48232],[6.52127,47.48775],[6.52152,47.49094],[6.52331,47.49254],[6.52242,47.49726]]]},"properties":{"code_insee":"25083","population":188,"superficie_cadastrale":1050,"nom_officiel":"Bournois","date_du_recensement":"2023-01-01Z","densite":17.9},"id":"commune.25187"},
{"type":"Feature","geometry":{"type":"Polygon","coordinates":[[[6.26007,47.013],[6.26279,47.01066],[6.26906,47.0084],[6.27337,47.00827],[6.2823,47.00918],[6.2875,47.01027],[6.28814,47.01366],[6.28959,47.01601],[6.29096,47.01861],[6.28595,47.01851],[6.28226,47.02104],[6.28302,47.02277],[6.28174,47.02454],[6.27659,47.02643],[6.2744,47.02577],[6.27042,47.02175],[6.26719,47.01971],[6.26458,47.01618],[6.26007,47.013]]]},"properties":{"code_insee":"25487","population":41,"superficie_cadastrale":290,"nom_officiel":"Renédale","date_du_recensement":"2023-01-01Z","densite":14.1},"id":"commune.25217"},
{"type":"Feature","geometry":{"type":"Polygon","coordinates":[[[6.3414,47.32026],[6.33729,47.31947],[6.33691,47.31626],[6.33291,47.3141],[6.34506,47.30583],[6.35489,47.29743],[6.35881,47.29499],[6.36334,47.29362],[6.36965,47.28953],[6.37505,47.29082],[6.37843,47.28974],[6.38057,47.2895],[6.38883,47.29204],[6.39403,47.29498],[6.40545,47.30412],[6.39779,47.307],[6.3913,47.30705],[6.38298,47.31133],[6.37864,47.31226],[6.37616,47.31168],[6.37108,47.31546],[6.36976,47.31461],[6.36426,47.31457],[6.35867,47.31508],[6.35386,47.31714],[6.34595,47.31874],[6.3414,47.32026]]]},"properties":{"code_insee":"25006","population":88,"superficie_cadastrale":960,"nom_officiel":"Adam-lès-Passavant","date_du_recensement":"2022-01-01Z","densite":9.2},"id":"commune.25251"},
{"type":"Feature","geometry":{"type":"Polygon","coordinates":[[[6.46641,47.38992],[6.46967,47.38577],[6.45794,47.38116],[6.45409,47.37742],[6.45141,47.37386],[6.45269,47.36912],[6.45672,47.37341],[6.46024,47.37419],[6.46407,47.37381],[6.47996,47.36953],[6.4827,47.36921],[6.4897,47.36954],[6.49399,47.37145],[6.50003,47.37502],[6.50382,47.37955],[6.50459,47.38222],[6.5009,47.38659],[6.49983,47.38602],[6.49516,47.38825],[6.48592,47.39013],[6.47756,47.39028],[6.47685,47.39201],[6.46841,47.39094],[6.46641,47.38992]]]},"properties":{"code_insee":"25087","population":179,"superficie_cadastrale":640,"nom_officiel":"Branne","date_du_recensement":"2023-01-01Z","densite":28},"id":"commune.25392"},
{"type":"Feature","geometry":{"type":"Polygon","coordinates":[[[6.30613,47.43327],[6.30365,47.4302],[6.3037,47.42906],[6.30918,47.42883],[6.31142,47.42583],[6.31299,47.4274],[6.31691,47.42925],[6.31766,47.42665],[6.32241,47.42479],[6.32353,47.4225],[6.32577,47.4207],[6.32656,47.42072],[6.32639,47.42199],[6.3338,47.42876],[6.3323,47.43133],[6.33414,47.43509],[6.33694,47.4357],[6.33799,47.43775],[6.33757,47.44092],[6.33918,47.44283],[6.33575,47.44543],[6.33252,47.44175],[6.33031,47.44149],[6.32875,47.4437],[6.32855,47.44641],[6.32418,47.44642],[6.32225,47.44474],[6.31659,47.44088],[6.31557,47.4379],[6.31201,47.43221],[6.30794,47.43149],[6.30613,47.43327]]]},"properties":{"code_insee":"25472","population":32,"superficie_cadastrale":360,"nom_officiel":"Puessans","date_du_recensement":"2023-01-01Z","densite":8.9},"id":"commune.25414"},
{"type":"Feature","geometry":{"type":"Polygon","coordinates":[[[6.47151,47.48701],[6.47098,47.49041],[6.46797,47.49435],[6.46859,47.49815],[6.46714,47.50154],[6.46428,47.50173],[6.46561,47.50572],[6.46371,47.50694],[6.46436,47.50871],[6.46175,47.51003],[6.46349,47.51212],[6.45816,47.51326],[6.45215,47.51675],[6.44933,47.51541],[6.44096,47.51472],[6.43978,47.51575],[6.43413,47.51572],[6.4284,47.51704],[6.42638,47.51614],[6.42416,47.5124],[6.42814,47.51215],[6.42612,47.50764],[6.42841,47.50187],[6.43279,47.49996],[6.43378,47.49831],[6.43454,47.49342],[6.43794,47.49335],[6.43867,47.49196],[6.43722,47.48774],[6.44144,47.48196],[6.44391,47.48052],[6.44537,47.47823],[6.45664,47.47434],[6.4624,47.47505],[6.46754,47.47493],[6.47132,47.47577],[6.47455,47.47568],[6.47151,47.48701]]]},"properties":{"code_insee":"25003","population":321,"superficie_cadastrale":1120,"nom_officiel":"Abbenans","date_du_recensement":"2022-01-01Z","densite":28.7},"id":"commune.25490"},
{"type":"Feature","geometry":{"type":"Polygon","coordinates":[[[6.72229,47.33779],[6.72421,47.34631],[6.72389,47.34901],[6.72861,47.3541],[6.72539,47.36007],[6.71793,47.3587],[6.71021,47.35947],[6.70687,47.35957],[6.69768,47.35833],[6.69094,47.35705],[6.69189,47.35192],[6.69104,47.35033],[6.69161,47.3476],[6.69467,47.34395],[6.69171,47.34161],[6.68773,47.33635],[6.68029,47.33493],[6.67707,47.33222],[6.67872,47.33118],[6.68407,47.33174],[6.68697,47.32964],[6.69057,47.33018],[6.69524,47.32925],[6.70191,47.33019],[6.70481,47.33002],[6.7116,47.33154],[6.71647,47.33202],[6.72004,47.33437],[6.72229,47.33779]]]},"properties":{"code_insee":"25548","population":131,"superficie_cadastrale":810,"nom_officiel":"Solemont","date_du_recensement":"2023-01-01Z","densite":16.2},"id":"commune.25557"},
{"type":"Feature","geometry":{"type":"Polygon","coordinates":[[[6.77816,47.32728],[6.77367,47.32685],[6.76865,47.32759],[6.76197,47.32999],[6.75854,47.33312],[6.7568,47.33171],[6.75121,47.33013],[6.74865,47.32809],[6.75125,47.32603],[6.75607,47.32642],[6.76513,47.3244],[6.7657,47.32309],[6.75762,47.32173],[6.75546,47.32284],[6.75429,47.32013],[6.76081,47.31563],[6.76205,47.31384],[6.77018,47.31624],[6.77086,47.31509],[6.77523,47.31689],[6.77719,47.31877],[6.78011,47.31931],[6.78374,47.3163],[6.78875,47.31633],[6.79467,47.31502],[6.79719,47.31759],[6.80171,47.31785],[6.80178,47.32185],[6.79368,47.32278],[6.79074,47.32263],[6.78671,47.32381],[6.78085,47.3269],[6.77816,47.32728]]]},"properties":{"code_insee":"25061","population":108,"superficie_cadastrale":380,"nom_officiel":"Bief","date_du_recensement":"2023-01-01Z","densite":28.4},"id":"commune.25777"},
{"type":"Feature","geometry":{"type":"Polygon","coordinates":[[[6.31101,47.3852],[6.31382,47.38797],[6.32402,47.3941],[6.32884,47.39581],[6.33281,47.39854],[6.34214,47.40981],[6.33929,47.41115],[6.33713,47.40941],[6.33485,47.41093],[6.33366,47.41481],[6.33291,47.41725],[6.33047,47.41708],[6.32615,47.41856],[6.32656,47.42072],[6.32577,47.4207],[6.32298,47.41682],[6.32056,47.41688],[6.32138,47.4129],[6.31715,47.41199],[6.31601,47.41005],[6.30527,47.41008],[6.30454,47.40927],[6.29997,47.41014],[6.29696,47.40629],[6.29263,47.39884],[6.29215,47.3947],[6.28742,47.39212],[6.28397,47.39206],[6.28099,47.3895],[6.28213,47.38689],[6.28551,47.38254],[6.29336,47.38227],[6.29715,47.38425],[6.30009,47.38396],[6.31021,47.3843],[6.31101,47.3852]]]},"properties":{"code_insee":"25567","population":112,"superficie_cadastrale":910,"nom_officiel":"Tournans","date_du_recensement":"2022-01-01Z","densite":12.3},"id":"commune.25896"},
{"type":"Feature","geometry":{"type":"Polygon","coordinates":[[[6.11971,47.36852],[6.1199,47.36672],[6.11804,47.36507],[6.11514,47.36568],[6.10923,47.36057],[6.10303,47.3613],[6.10365,47.35961],[6.1076,47.35961],[6.11,47.35746],[6.11269,47.35839],[6.11445,47.35662],[6.1172,47.35755],[6.12163,47.35566],[6.12318,47.35644],[6.12545,47.35426],[6.13059,47.35547],[6.14052,47.35614],[6.14488,47.35354],[6.14552,47.35234],[6.15016,47.35412],[6.16245,47.36245],[6.16077,47.36493],[6.15851,47.36533],[6.15623,47.36716],[6.15129,47.3658],[6.14701,47.37008],[6.14588,47.3696],[6.13538,47.36924],[6.12237,47.36713],[6.11971,47.36852]]]},"properties":{"code_insee":"25382","population":610,"superficie_cadastrale":500,"nom_officiel":"Moncey","date_du_recensement":"2023-01-01Z","densite":122},"id":"commune.25909"},
{"type":"Feature","geometry":{"type":"Polygon","coordinates":[[[6.22056,46.93633],[6.22211,46.93515],[6.21943,46.9327],[6.21521,46.93318],[6.21345,46.93233],[6.20402,46.93161],[6.20219,46.92928],[6.20458,46.92914],[6.21308,46.92536],[6.21755,46.92217],[6.23108,46.9169],[6.23403,46.9161],[6.24703,46.91041],[6.25357,46.90433],[6.26463,46.8961],[6.27121,46.89227],[6.27007,46.89069],[6.27435,46.891],[6.28085,46.89384],[6.28243,46.8932],[6.28299,46.89587],[6.28713,46.89844],[6.28497,46.90122],[6.29169,46.90859],[6.28493,46.92119],[6.28367,46.92572],[6.28128,46.92817],[6.278,46.92813],[6.27587,46.93045],[6.26448,46.93149],[6.25793,46.93162],[6.25339,46.93258],[6.24589,46.93348],[6.23127,46.93421],[6.22056,46.93633]]]},"properties":{"code_insee":"25110","population":1032,"superficie_cadastrale":1620,"nom_officiel":"Chaffois","date_du_recensement":"2022-01-01Z","densite":63.7},"id":"commune.26042"},
{"type":"Feature","geometry":{"type":"Polygon","coordinates":[[[6.22798,47.04733],[6.22479,47.05059],[6.22074,47.05201],[6.21672,47.05465],[6.21397,47.05719],[6.21395,47.05517],[6.21645,47.05101],[6.21981,47.04771],[6.21771,47.04016],[6.21472,47.04251],[6.21249,47.04534],[6.20749,47.04773],[6.20623,47.04324],[6.20826,47.03707],[6.21849,47.02536],[6.22145,47.0227],[6.22406,47.02245],[6.21843,47.01903],[6.21696,47.01666],[6.21458,47.0157],[6.21101,47.01268],[6.2151,47.00887],[6.22042,47.01088],[6.23004,47.01102],[6.23974,47.01277],[6.24447,47.01451],[6.2487,47.01479],[6.25206,47.0167],[6.25465,47.01999],[6.25461,47.02486],[6.25556,47.02624],[6.25,47.02855],[6.24636,47.03152],[6.24186,47.03243],[6.2394,47.03528],[6.23409,47.03704],[6.23243,47.03867],[6.22798,47.04733]]]},"properties":{"code_insee":"25346","population":174,"superficie_cadastrale":950,"nom_officiel":"Longeville","date_du_recensement":"2023-01-01Z","densite":18.3},"id":"commune.26045"},
{"type":"Feature","geometry":{"type":"Polygon","coordinates":[[[6.61562,47.11353],[6.61131,47.1129],[6.60842,47.10938],[6.60493,47.10985],[6.59749,47.10938],[6.59338,47.10739],[6.59066,47.1071],[6.58666,47.10918],[6.58725,47.11057],[6.58446,47.1135],[6.58089,47.11435],[6.5772,47.11808],[6.57776,47.12305],[6.57046,47.12222],[6.5688,47.12354],[6.56461,47.13021],[6.56156,47.13102],[6.56037,47.13499],[6.56198,47.13891],[6.55981,47.14443],[6.55642,47.14525],[6.55468,47.14645],[6.5514,47.14427],[6.54945,47.14547],[6.54633,47.14363],[6.54682,47.14014],[6.54432,47.1374],[6.54546,47.13448],[6.54157,47.13138],[6.54066,47.12793],[6.54108,47.12435],[6.54225,47.12353],[6.53885,47.12062],[6.54022,47.11774],[6.53841,47.11446],[6.54063,47.11103],[6.53687,47.1079],[6.53847,47.10541],[6.53295,47.10442],[6.53201,47.10232],[6.52778,47.09771],[6.52491,47.09729],[6.52457,47.09361],[6.52316,47.09125],[6.52452,47.08868],[6.52718,47.08834],[6.52847,47.08665],[6.52191,47.0834],[6.52365,47.08122],[6.51693,47.07569],[6.52053,47.07252],[6.524,47.07366],[6.52999,47.07135],[6.53111,47.0695],[6.54193,47.06965],[6.54717,47.06923],[6.55151,47.07183],[6.55336,47.07527],[6.55851,47.07789],[6.5605,47.07595],[6.5673,47.08205],[6.57129,47.08684],[6.57536,47.087],[6.57638,47.08859],[6.58083,47.08628],[6.58679,47.08637],[6.58895,47.08902],[6.59351,47.08742],[6.59517,47.09022],[6.59694,47.08938],[6.59968,47.09237],[6.60343,47.09432],[6.60148,47.09625],[6.60561,47.10054],[6.60462,47.10207],[6.60708,47.10515],[6.61244,47.10828],[6.61195,47.10968],[6.61562,47.11353]]]},"properties":{"code_insee":"25288","population":744,"superficie_cadastrale":2770,"nom_officiel":"Fournets-Luisans","date_du_recensement":"2023-01-01Z","densite":26.9},"id":"commune.26071"},
{"type":"Feature","geometry":{"type":"Polygon","coordinates":[[[6.74938,47.45199],[6.73991,47.45271],[6.74242,47.46297],[6.74332,47.46464],[6.73757,47.46866],[6.73753,47.47065],[6.73911,47.47589],[6.73806,47.47759],[6.73412,47.47637],[6.73036,47.47762],[6.7296,47.4804],[6.72507,47.48083],[6.71483,47.47427],[6.71186,47.47132],[6.71427,47.46943],[6.72223,47.47196],[6.72532,47.47142],[6.72464,47.46964],[6.73008,47.46623],[6.73176,47.46574],[6.73481,47.46169],[6.73355,47.46029],[6.73476,47.45852],[6.7327,47.45748],[6.73406,47.45443],[6.73602,47.45374],[6.73652,47.45043],[6.74063,47.44961],[6.7432,47.44811],[6.73912,47.44665],[6.7417,47.4451],[6.7441,47.44638],[6.74938,47.45199]]]},"properties":{"code_insee":"25191","population":450,"superficie_cadastrale":320,"nom_officiel":"Dampierre-sur-le-Doubs","date_du_recensement":"2023-01-01Z","densite":140.6},"id":"commune.26125"},
{"type":"Feature","geometry":{"type":"Polygon","coordinates":[[[6.83728,47.4006],[6.83833,47.39882],[6.84243,47.39884],[6.84715,47.40085],[6.84743,47.39928],[6.85499,47.40348],[6.859,47.40275],[6.87103,47.40565],[6.87186,47.41001],[6.87466,47.41256],[6.87547,47.41354],[6.8749,47.4181],[6.87326,47.42017],[6.86714,47.4228],[6.85963,47.41938],[6.85522,47.41992],[6.84818,47.41868],[6.84272,47.41827],[6.83895,47.41516],[6.83744,47.41098],[6.83427,47.4086],[6.83204,47.40388],[6.83334,47.40168],[6.83581,47.40232],[6.83728,47.4006]]]},"properties":{"code_insee":"25497","population":612,"superficie_cadastrale":540,"nom_officiel":"Roches-lès-Blamont","date_du_recensement":"2023-01-01Z","densite":113.3},"id":"commune.26127"},
{"type":"Feature","geometry":{"type":"Polygon","coordinates":[[[6.68063,47.12086],[6.68161,47.12038],[6.68737,47.12344],[6.68898,47.12226],[6.69146,47.12326],[6.69484,47.11846],[6.6964,47.12016],[6.69852,47.11949],[6.70156,47.12134],[6.69945,47.12469],[6.70221,47.12598],[6.70375,47.12453],[6.70773,47.12758],[6.71024,47.13056],[6.70636,47.13429],[6.70453,47.1374],[6.70005,47.14136],[6.69399,47.13938],[6.69,47.13728],[6.68594,47.1367],[6.68416,47.1343],[6.68374,47.1307],[6.67821,47.12798],[6.67884,47.12429],[6.6774,47.12263],[6.68063,47.12086]]]},"properties":{"code_insee":"25421","population":109,"superficie_cadastrale":350,"nom_officiel":"Narbief","date_du_recensement":"2023-01-01Z","densite":31.1},"id":"commune.26195"},
{"type":"Feature","geometry":{"type":"Polygon","coordinates":[[[6.32112,47.34445],[6.31942,47.34658],[6.31689,47.3463],[6.31554,47.3507],[6.31382,47.35143],[6.31303,47.3549],[6.30898,47.35698],[6.30501,47.35817],[6.30235,47.35676],[6.30157,47.35414],[6.29283,47.34613],[6.28959,47.34369],[6.29318,47.33902],[6.29586,47.33882],[6.30371,47.3401],[6.31453,47.34079],[6.32112,47.34445]]]},"properties":{"code_insee":"25298","population":255,"superficie_cadastrale":300,"nom_officiel":"Grosbois","date_du_recensement":"2023-01-01Z","densite":85},"id":"commune.26311"},
{"type":"Feature","geometry":{"type":"Polygon","coordinates":[[[6.38071,47.1671],[6.386,47.17046],[6.38061,47.17421],[6.37774,47.17788],[6.38504,47.17536],[6.39281,47.17423],[6.4019,47.16995],[6.40022,47.16732],[6.3984,47.16813],[6.39653,47.16496],[6.40051,47.16043],[6.40354,47.15959],[6.40383,47.15806],[6.39916,47.15513],[6.39982,47.15284],[6.4043,47.15336],[6.40537,47.15678],[6.40925,47.15377],[6.41404,47.15821],[6.41778,47.16062],[6.4192,47.16261],[6.41757,47.16406],[6.42091,47.17026],[6.42588,47.17372],[6.43154,47.17417],[6.43398,47.17618],[6.43951,47.17514],[6.44231,47.17975],[6.44613,47.18306],[6.44305,47.18534],[6.44418,47.18697],[6.44164,47.18966],[6.43966,47.18974],[6.43272,47.18769],[6.42546,47.1872],[6.4229,47.18974],[6.41908,47.19053],[6.41867,47.19473],[6.41947,47.19729],[6.41776,47.20457],[6.41266,47.20333],[6.41223,47.20599],[6.40901,47.2072],[6.40484,47.20709],[6.39817,47.20551],[6.39559,47.20399],[6.39154,47.20429],[6.38618,47.20284],[6.38384,47.20508],[6.37927,47.20574],[6.37741,47.20751],[6.37151,47.20718],[6.36845,47.20817],[6.36396,47.20779],[6.36112,47.20961],[6.35154,47.21172],[6.35015,47.21273],[6.34053,47.21298],[6.33984,47.21638],[6.33853,47.21381],[6.33574,47.21491],[6.33068,47.21536],[6.32413,47.21792],[6.32274,47.21608],[6.32343,47.21376],[6.32691,47.21113],[6.32296,47.20855],[6.31067,47.19947],[6.30912,47.19737],[6.31231,47.19768],[6.31238,47.19567],[6.31526,47.19365],[6.31901,47.19461],[6.32039,47.19612],[6.32322,47.19508],[6.32708,47.19497],[6.33424,47.19215],[6.33992,47.1904],[6.34754,47.18404],[6.35278,47.18367],[6.35881,47.18335],[6.36221,47.17775],[6.36425,47.17739],[6.37018,47.17262],[6.37902,47.16693],[6.38071,47.1671]]]},"properties":{"code_insee":"25601","population":1762,"superficie_cadastrale":3000,"nom_officiel":"Vercel-Villedieu-le-Camp","date_du_recensement":"2023-01-01Z","densite":58.7},"id":"commune.26356"},
{"type":"Feature","geometry":{"type":"Polygon","coordinates":[[[6.12464,47.27941],[6.1212,47.28274],[6.12,47.28693],[6.1228,47.28706],[6.11919,47.29187],[6.11858,47.29577],[6.1087,47.29536],[6.10596,47.29724],[6.10434,47.29452],[6.10222,47.29341],[6.0983,47.28735],[6.09333,47.28462],[6.09108,47.28406],[6.08817,47.27782],[6.09166,47.27706],[6.09264,47.27478],[6.09579,47.27134],[6.09927,47.27109],[6.0987,47.26914],[6.10228,47.26875],[6.10881,47.26682],[6.11185,47.26671],[6.11466,47.26828],[6.11891,47.27481],[6.12464,47.27941]]]},"properties":{"code_insee":"25495","population":2158,"superficie_cadastrale":560,"nom_officiel":"Roche-lez-Beaupré","date_du_recensement":"2023-01-01Z","densite":385.4},"id":"commune.26367"},
{"type":"Feature","geometry":{"type":"Polygon","coordinates":[[[6.86436,47.48778],[6.8585,47.48634],[6.85583,47.48854],[6.85528,47.49182],[6.84729,47.49164],[6.84333,47.49272],[6.83993,47.49258],[6.8339,47.49295],[6.83179,47.4916],[6.82714,47.4901],[6.82471,47.49294],[6.8223,47.49129],[6.821,47.48955],[6.81641,47.48755],[6.81436,47.48352],[6.82504,47.48491],[6.8341,47.48484],[6.83777,47.4829],[6.83626,47.47983],[6.83775,47.47253],[6.8389,47.4694],[6.84248,47.46509],[6.8423,47.46258],[6.84504,47.46262],[6.84545,47.46575],[6.84957,47.47148],[6.85206,47.46983],[6.85652,47.47201],[6.86091,47.4733],[6.87025,47.47014],[6.87429,47.4692],[6.87906,47.47007],[6.8782,47.47743],[6.88208,47.47722],[6.8851,47.4817],[6.8852,47.48359],[6.88238,47.4904],[6.87805,47.49089],[6.87383,47.4903],[6.86436,47.48778]]]},"properties":{"code_insee":"25031","population":14071,"superficie_cadastrale":880,"nom_officiel":"Audincourt","date_du_recensement":"2023-01-01Z","densite":1599},"id":"commune.26382"},
{"type":"Feature","geometry":{"type":"Polygon","coordinates":[[[6.60967,47.19741],[6.59928,47.19587],[6.59597,47.19664],[6.59393,47.19813],[6.58859,47.1984],[6.58112,47.19447],[6.57755,47.19002],[6.5725,47.1879],[6.56767,47.18647],[6.56436,47.18403],[6.55791,47.18183],[6.55645,47.18025],[6.56114,47.17861],[6.5643,47.17949],[6.55613,47.17191],[6.55426,47.16824],[6.55483,47.16737],[6.55155,47.1635],[6.55466,47.16014],[6.55619,47.15615],[6.5553,47.15106],[6.5581,47.14726],[6.55642,47.14525],[6.55981,47.14443],[6.56484,47.14497],[6.57048,47.1441],[6.57801,47.14104],[6.58545,47.14109],[6.59006,47.14051],[6.5903,47.13809],[6.592,47.13606],[6.5947,47.13593],[6.59962,47.13784],[6.60409,47.14119],[6.61184,47.14113],[6.61951,47.1376],[6.6242,47.14072],[6.62556,47.14332],[6.63059,47.14581],[6.62863,47.1483],[6.62775,47.14967],[6.6263,47.15147],[6.621,47.15004],[6.62184,47.14904],[6.61283,47.14344],[6.60806,47.14492],[6.60506,47.14328],[6.60164,47.14305],[6.59581,47.14584],[6.59149,47.14253],[6.58599,47.14654],[6.58555,47.14887],[6.58903,47.15243],[6.58927,47.15601],[6.59254,47.15734],[6.59463,47.15694],[6.60097,47.17022],[6.6014,47.173],[6.60619,47.18011],[6.60961,47.18186],[6.61127,47.18502],[6.61062,47.18659],[6.6079,47.18758],[6.60601,47.19013],[6.60789,47.19183],[6.61211,47.19302],[6.60967,47.19741]]]},"properties":{"code_insee":"25301","population":838,"superficie_cadastrale":1970,"nom_officiel":"Guyans-Vennes","date_du_recensement":"2023-01-01Z","densite":42.5},"id":"commune.26428"},
{"type":"Feature","geometry":{"type":"Polygon","coordinates":[[[6.73363,47.22758],[6.72915,47.22917],[6.72411,47.23343],[6.72316,47.23518],[6.72362,47.2381],[6.71782,47.23649],[6.71281,47.23406],[6.7098,47.23394],[6.7082,47.23625],[6.71339,47.23807],[6.71533,47.2401],[6.71239,47.24555],[6.71632,47.24773],[6.71966,47.24838],[6.72741,47.24875],[6.7285,47.24962],[6.73703,47.24745],[6.73878,47.25095],[6.73364,47.25191],[6.7325,47.25571],[6.73301,47.26002],[6.72786,47.26105],[6.7241,47.26049],[6.72015,47.26317],[6.71909,47.25981],[6.71443,47.25768],[6.71512,47.25554],[6.71412,47.25393],[6.71098,47.25497],[6.7058,47.2531],[6.70459,47.25005],[6.70478,47.24689],[6.69961,47.24658],[6.69883,47.2431],[6.69972,47.23995],[6.69913,47.23683],[6.70013,47.23446],[6.6997,47.22713],[6.70493,47.22692],[6.70775,47.22161],[6.7182,47.22004],[6.71837,47.221],[6.71438,47.22683],[6.71943,47.22872],[6.72505,47.22711],[6.73329,47.22709],[6.73363,47.22758]]]},"properties":{"code_insee":"25046","population":79,"superficie_cadastrale":640,"nom_officiel":"Battenans-Varin","date_du_recensement":"2022-01-01Z","densite":12.3},"id":"commune.26483"},
{"type":"Feature","geometry":{"type":"Polygon","coordinates":[[[6.44724,47.39193],[6.4429,47.3897],[6.44211,47.3884],[6.44249,47.38464],[6.43491,47.38094],[6.42657,47.37854],[6.41852,47.37666],[6.4131,47.37321],[6.40776,47.37048],[6.4012,47.36912],[6.39796,47.36834],[6.39561,47.36635],[6.39369,47.36311],[6.3898,47.3613],[6.39611,47.35792],[6.3996,47.35809],[6.40753,47.3568],[6.41661,47.35808],[6.41882,47.35991],[6.41812,47.36408],[6.41976,47.36835],[6.42221,47.37091],[6.42539,47.37209],[6.42745,47.37099],[6.42909,47.368],[6.44009,47.3665],[6.44752,47.36288],[6.45112,47.36341],[6.45248,47.36642],[6.45269,47.36912],[6.45141,47.37386],[6.45409,47.37742],[6.45794,47.38116],[6.46967,47.38577],[6.46641,47.38992],[6.46353,47.39178],[6.46026,47.39191],[6.45866,47.39308],[6.45215,47.39282],[6.44724,47.39193]]]},"properties":{"code_insee":"25313","population":190,"superficie_cadastrale":880,"nom_officiel":"Hyèvre-Paroisse","date_du_recensement":"2023-01-01Z","densite":21.6},"id":"commune.26553"},
{"type":"Feature","geometry":{"type":"Polygon","coordinates":[[[6.51218,46.98852],[6.51456,46.98579],[6.51282,46.98269],[6.50588,46.97859],[6.49648,46.97414],[6.50481,46.96569],[6.51035,46.96754],[6.51379,46.96929],[6.51889,46.97098],[6.52395,46.97203],[6.53729,46.97347],[6.55302,46.97786],[6.55803,46.97903],[6.56249,46.97937],[6.56858,46.98155],[6.57188,46.98204],[6.57902,46.9849],[6.5843,46.98754],[6.5825,46.98985],[6.57868,46.99063],[6.57237,46.9892],[6.57566,46.99709],[6.5695,46.99881],[6.56481,46.99836],[6.56013,47.00111],[6.55616,47.00088],[6.5541,47.00331],[6.55666,47.00665],[6.55603,47.01184],[6.5542,47.01309],[6.54927,47.01031],[6.54398,47.00965],[6.53836,47.00593],[6.53688,47.0038],[6.53139,46.99971],[6.52501,46.99634],[6.514,46.99002],[6.51218,46.98852]]]},"properties":{"code_insee":"25296","population":817,"superficie_cadastrale":1500,"nom_officiel":"Les Gras","date_du_recensement":"2023-01-01Z","densite":54.5},"id":"commune.26567"},
{"type":"Feature","geometry":{"type":"Polygon","coordinates":[[[5.91193,47.24852],[5.91535,47.24884],[5.91972,47.25127],[5.92154,47.25396],[5.92062,47.25654],[5.92125,47.26121],[5.91829,47.26219],[5.90952,47.26069],[5.90649,47.26334],[5.89675,47.26671],[5.89298,47.26866],[5.8913,47.26633],[5.89245,47.266],[5.89125,47.26213],[5.89205,47.26081],[5.90295,47.26008],[5.90696,47.25923],[5.90746,47.25556],[5.90523,47.25145],[5.89992,47.24581],[5.90584,47.24307],[5.90717,47.24472],[5.91193,47.24852]]]},"properties":{"code_insee":"25119","population":309,"superficie_cadastrale":250,"nom_officiel":"Champvans-les-Moulins","date_du_recensement":"2023-01-01Z","densite":123.6},"id":"commune.26635"},
{"type":"Feature","geometry":{"type":"Polygon","coordinates":[[[6.00501,47.2761],[6.00261,47.27904],[6.00402,47.28028],[5.99939,47.28408],[5.99192,47.28421],[5.99012,47.27997],[5.98668,47.27966],[5.98349,47.27837],[5.98226,47.27675],[5.97908,47.2786],[5.96967,47.27692],[5.97383,47.27243],[5.97672,47.27028],[5.97676,47.26795],[5.98352,47.26532],[5.98471,47.2662],[5.98828,47.26351],[5.99097,47.2671],[5.99794,47.27006],[5.99926,47.27193],[6.00335,47.27405],[6.00501,47.2761]]]},"properties":{"code_insee":"25212","population":2579,"superficie_cadastrale":320,"nom_officiel":"École-Valentin","date_du_recensement":"2023-01-01Z","densite":805.9},"id":"commune.26640"},
{"type":"Feature","geometry":{"type":"Polygon","coordinates":[[[6.43547,47.10516],[6.43631,47.10941],[6.43531,47.11345],[6.43319,47.11673],[6.43221,47.12009],[6.42657,47.12421],[6.42393,47.12679],[6.41861,47.12921],[6.41632,47.12895],[6.4146,47.13252],[6.41249,47.13124],[6.41172,47.12852],[6.4133,47.12545],[6.40933,47.12336],[6.40814,47.12378],[6.40327,47.1211],[6.39874,47.11798],[6.39628,47.11695],[6.39553,47.1145],[6.39817,47.10864],[6.40338,47.10895],[6.40932,47.10739],[6.40114,47.10306],[6.39791,47.10056],[6.40014,47.09849],[6.39917,47.09122],[6.40176,47.08253],[6.39366,47.08083],[6.395,47.07831],[6.39803,47.07672],[6.40365,47.07778],[6.41188,47.07852],[6.41287,47.07577],[6.41021,47.0721],[6.41491,47.07043],[6.42115,47.07092],[6.42243,47.07166],[6.42798,47.0675],[6.42857,47.06585],[6.43593,47.06713],[6.4402,47.06846],[6.44088,47.06551],[6.44836,47.06587],[6.45693,47.06874],[6.4537,47.07305],[6.44945,47.083],[6.43754,47.10288],[6.43547,47.10516]]]},"properties":{"code_insee":"25447","population":331,"superficie_cadastrale":1950,"nom_officiel":"Passonfontaine","date_du_recensement":"2023-01-01Z","densite":17},"id":"commune.26821"},
{"type":"Feature","geometry":{"type":"Polygon","coordinates":[[[6.47545,47.17552],[6.47074,47.18101],[6.47086,47.18515],[6.4634,47.18921],[6.46494,47.19216],[6.46102,47.19479],[6.45799,47.19783],[6.45604,47.19673],[6.45242,47.19936],[6.44569,47.2061],[6.44468,47.20197],[6.44535,47.20026],[6.44819,47.199],[6.44726,47.19631],[6.43966,47.18974],[6.44164,47.18966],[6.44418,47.18697],[6.44305,47.18534],[6.44613,47.18306],[6.44231,47.17975],[6.43951,47.17514],[6.44602,47.17163],[6.44905,47.17562],[6.45637,47.17103],[6.46022,47.16877],[6.46282,47.16733],[6.46659,47.16934],[6.46899,47.16945],[6.47236,47.17117],[6.47545,47.17552]]]},"properties":{"code_insee":"25289","population":75,"superficie_cadastrale":590,"nom_officiel":"Grandfontaine-sur-Creuse","date_du_recensement":"2023-01-01Z","densite":12.7},"id":"commune.26823"},
{"type":"Feature","geometry":{"type":"Polygon","coordinates":[[[6.24757,47.37549],[6.2517,47.37227],[6.25632,47.37882],[6.25795,47.38313],[6.25674,47.38949],[6.25052,47.39487],[6.24933,47.39737],[6.25998,47.40399],[6.2564,47.4074],[6.25697,47.41021],[6.26028,47.41271],[6.25787,47.41369],[6.25285,47.41269],[6.24722,47.41064],[6.24152,47.41073],[6.24087,47.41231],[6.23665,47.41438],[6.23269,47.41397],[6.23236,47.41281],[6.22862,47.40974],[6.22774,47.40621],[6.22594,47.40247],[6.23228,47.39738],[6.24045,47.39569],[6.24456,47.39353],[6.24558,47.39205],[6.24361,47.38741],[6.24662,47.38206],[6.24757,47.37549]]]},"properties":{"code_insee":"25107","population":200,"superficie_cadastrale":550,"nom_officiel":"Cendrey","date_du_recensement":"2022-01-01Z","densite":36.4},"id":"commune.26842"},
{"type":"Feature","geometry":{"type":"Polygon","coordinates":[[[5.91333,47.02553],[5.91525,47.02289],[5.91313,47.02021],[5.91404,47.01722],[5.9174,47.01449],[5.91854,47.01546],[5.92179,47.01447],[5.92443,47.02155],[5.92706,47.02502],[5.93076,47.02638],[5.93105,47.02846],[5.93357,47.03043],[5.93533,47.03346],[5.93888,47.03656],[5.93708,47.03836],[5.93866,47.04108],[5.93751,47.04206],[5.9378,47.04468],[5.93946,47.04867],[5.93598,47.05154],[5.93222,47.05296],[5.92753,47.05631],[5.92125,47.05632],[5.91885,47.05128],[5.9175,47.04885],[5.91616,47.04417],[5.9161,47.03889],[5.91439,47.03253],[5.9146,47.0284],[5.91333,47.02553]]]},"properties":{"code_insee":"25044","population":60,"superficie_cadastrale":580,"nom_officiel":"Bartherans","date_du_recensement":"2022-01-01Z","densite":10.3},"id":"commune.26885"},
{"type":"Feature","geometry":{"type":"Polygon","coordinates":[[[6.67138,47.09162],[6.67518,47.08844],[6.6725,47.08601],[6.67344,47.08205],[6.67076,47.08173],[6.66245,47.07617],[6.65882,47.07417],[6.65547,47.07108],[6.65183,47.06889],[6.65334,47.06617],[6.65322,47.06329],[6.65019,47.06183],[6.65236,47.0601],[6.64811,47.0569],[6.65248,47.05546],[6.64895,47.05339],[6.64874,47.05219],[6.64274,47.04894],[6.64303,47.04496],[6.64539,47.04209],[6.64964,47.04263],[6.65344,47.0384],[6.65028,47.03354],[6.65273,47.02997],[6.65807,47.03349],[6.66414,47.03826],[6.67632,47.04001],[6.67792,47.03549],[6.6856,47.03742],[6.69654,47.03731],[6.70156,47.04077],[6.70581,47.04433],[6.70883,47.04498],[6.71151,47.04804],[6.71917,47.05118],[6.71961,47.05203],[6.71218,47.05351],[6.70847,47.05805],[6.70501,47.05898],[6.70186,47.0586],[6.69953,47.06128],[6.69151,47.06667],[6.6934,47.06894],[6.70115,47.07011],[6.70331,47.07345],[6.70656,47.07466],[6.70522,47.07609],[6.70737,47.07831],[6.70666,47.08004],[6.70355,47.08056],[6.7037,47.08253],[6.70791,47.08317],[6.71525,47.08847],[6.72233,47.08949],[6.72665,47.09195],[6.73143,47.08951],[6.73519,47.08961],[6.74157,47.09093],[6.74457,47.09268],[6.74673,47.09782],[6.74654,47.09941],[6.74204,47.10353],[6.73999,47.10802],[6.74054,47.10962],[6.74406,47.10959],[6.7415,47.11367],[6.74232,47.11452],[6.74114,47.11594],[6.73125,47.11181],[6.72773,47.1091],[6.72615,47.11037],[6.71995,47.1075],[6.71856,47.10553],[6.70912,47.10282],[6.70522,47.10029],[6.69461,47.09728],[6.69238,47.09776],[6.68673,47.09667],[6.68218,47.09681],[6.67308,47.09319],[6.67138,47.09162]]]},"properties":{"code_insee":"25321","population":5292,"superficie_cadastrale":3020,"nom_officiel":"Villers-le-Lac","date_du_recensement":"2023-01-01Z","densite":175.2},"id":"commune.26937"},
{"type":"Feature","geometry":{"type":"Polygon","coordinates":[[[6.16206,47.29468],[6.16809,47.29647],[6.18284,47.30378],[6.1895,47.30771],[6.1907,47.31005],[6.19004,47.31277],[6.18791,47.31735],[6.18491,47.31696],[6.17778,47.31737],[6.16447,47.31772],[6.15336,47.31845],[6.1504,47.31831],[6.14364,47.31657],[6.13731,47.3143],[6.13297,47.31226],[6.12601,47.31088],[6.1212,47.30866],[6.11948,47.30927],[6.10688,47.307],[6.10348,47.30115],[6.10596,47.29724],[6.1087,47.29536],[6.11858,47.29577],[6.12032,47.29584],[6.13553,47.2927],[6.14056,47.29306],[6.14261,47.29215],[6.1484,47.29181],[6.14938,47.28983],[6.15894,47.29433],[6.16206,47.29468]]]},"properties":{"code_insee":"25014","population":934,"superficie_cadastrale":1310,"nom_officiel":"Amagney","date_du_recensement":"2023-01-01Z","densite":71.3},"id":"commune.26939"},
{"type":"Feature","geometry":{"type":"Polygon","coordinates":[[[6.91366,47.41629],[6.91198,47.42189],[6.89937,47.42481],[6.89677,47.42388],[6.8857,47.4239],[6.88279,47.42347],[6.87701,47.42057],[6.8749,47.4181],[6.87547,47.41354],[6.87466,47.41256],[6.87997,47.41234],[6.88558,47.4147],[6.89096,47.41374],[6.895,47.41216],[6.90024,47.41293],[6.90297,47.41531],[6.90951,47.41545],[6.91366,47.41629]]]},"properties":{"code_insee":"25378","population":323,"superficie_cadastrale":300,"nom_officiel":"Meslières","date_du_recensement":"2023-01-01Z","densite":107.7},"id":"commune.26980"},
{"type":"Feature","geometry":{"type":"Polygon","coordinates":[[[6.46577,47.32905],[6.45958,47.33128],[6.45882,47.33031],[6.45314,47.3312],[6.44626,47.33087],[6.44331,47.32803],[6.43912,47.32808],[6.43627,47.32609],[6.43191,47.32539],[6.42856,47.32668],[6.42092,47.32643],[6.41741,47.32497],[6.41345,47.32217],[6.40792,47.3245],[6.40231,47.32373],[6.40689,47.32351],[6.41018,47.32184],[6.41209,47.31972],[6.41674,47.31912],[6.41897,47.31734],[6.42246,47.3196],[6.42682,47.31957],[6.42903,47.32072],[6.4334,47.32076],[6.43531,47.31793],[6.4396,47.31422],[6.43812,47.31058],[6.44428,47.31495],[6.44698,47.31387],[6.45001,47.31732],[6.45285,47.31955],[6.45293,47.32226],[6.45712,47.32337],[6.45703,47.32481],[6.46366,47.32319],[6.46477,47.32724],[6.46577,47.32905]]]},"properties":{"code_insee":"25183","population":76,"superficie_cadastrale":400,"nom_officiel":"Cusance","date_du_recensement":"2022-01-01Z","densite":19},"id":"commune.26994"},
{"type":"Feature","geometry":{"type":"Polygon","coordinates":[[[6.88936,47.38748],[6.89008,47.38431],[6.89197,47.38436],[6.8951,47.38171],[6.90387,47.38263],[6.91207,47.38619],[6.91387,47.38932],[6.91142,47.39067],[6.91158,47.39377],[6.90953,47.39619],[6.90457,47.39675],[6.9009,47.39493],[6.89632,47.39469],[6.89321,47.39292],[6.8902,47.39293],[6.88466,47.38982],[6.88879,47.3888],[6.88936,47.38748]]]},"properties":{"code_insee":"25194","population":116,"superficie_cadastrale":220,"nom_officiel":"Dannemarie","date_du_recensement":"2023-01-01Z","densite":52.7},"id":"commune.27049"},
{"type":"Feature","geometry":{"type":"Polygon","coordinates":[[[6.89019,47.55009],[6.88556,47.55467],[6.88337,47.55551],[6.87433,47.55132],[6.86921,47.55098],[6.86108,47.5492],[6.86021,47.5477],[6.85981,47.54549],[6.85699,47.54086],[6.85689,47.53387],[6.86144,47.53481],[6.86885,47.53557],[6.87498,47.53673],[6.87625,47.53866],[6.87988,47.53881],[6.88084,47.54428],[6.88536,47.54664],[6.89019,47.55009]]]},"properties":{"code_insee":"25188","population":733,"superficie_cadastrale":330,"nom_officiel":"Dambenois","date_du_recensement":"2023-01-01Z","densite":222.1},"id":"commune.27066"},
{"type":"Feature","geometry":{"type":"Polygon","coordinates":[[[6.37091,47.38509],[6.36813,47.38444],[6.36675,47.381],[6.36444,47.38081],[6.36252,47.37819],[6.36362,47.3738],[6.37037,47.37264],[6.36991,47.37035],[6.37666,47.36978],[6.37811,47.36815],[6.38101,47.36754],[6.39019,47.36829],[6.39751,47.36987],[6.40144,47.36984],[6.40561,47.37212],[6.41114,47.37399],[6.41008,47.37486],[6.40253,47.37347],[6.40119,47.3743],[6.40139,47.37781],[6.39894,47.38551],[6.39927,47.38786],[6.39618,47.38867],[6.39433,47.39053],[6.39503,47.39694],[6.39403,47.39549],[6.39115,47.39551],[6.38885,47.39412],[6.37801,47.39651],[6.37787,47.39205],[6.37673,47.38797],[6.37351,47.38814],[6.37091,47.38509]]]},"properties":{"code_insee":"25032","population":449,"superficie_cadastrale":660,"nom_officiel":"Autechaux","date_du_recensement":"2023-01-01Z","densite":68},"id":"commune.27126"},
{"type":"Feature","geometry":{"type":"Polygon","coordinates":[[[6.37826,47.22706],[6.3759,47.22892],[6.37855,47.23527],[6.38191,47.23831],[6.38309,47.24303],[6.38786,47.24143],[6.39244,47.24518],[6.39595,47.24288],[6.39837,47.24432],[6.40325,47.24492],[6.40713,47.24621],[6.41304,47.2431],[6.41408,47.24063],[6.41732,47.24271],[6.41422,47.2455],[6.40826,47.24901],[6.41067,47.25205],[6.40927,47.25346],[6.406,47.25157],[6.40402,47.25254],[6.40544,47.25449],[6.39823,47.25704],[6.39221,47.26045],[6.39128,47.25956],[6.38592,47.26223],[6.3796,47.26355],[6.3748,47.26395],[6.37198,47.26247],[6.3659,47.2652],[6.36106,47.26686],[6.35752,47.26687],[6.35329,47.26294],[6.34916,47.25732],[6.3504,47.25534],[6.3542,47.25555],[6.35425,47.25286],[6.35947,47.25274],[6.3658,47.25121],[6.37,47.2517],[6.37175,47.25066],[6.37145,47.24326],[6.37282,47.23702],[6.37094,47.23226],[6.36997,47.22768],[6.37736,47.22665],[6.37826,47.22706]]]},"properties":{"code_insee":"25435","population":179,"superficie_cadastrale":830,"nom_officiel":"Orsans","date_du_recensement":"2022-01-01Z","densite":21.6},"id":"commune.27206"},
{"type":"Feature","geometry":{"type":"Polygon","coordinates":[[[6.15036,47.38244],[6.15218,47.38598],[6.14801,47.38582],[6.14297,47.38804],[6.13977,47.38694],[6.13442,47.38705],[6.12946,47.38835],[6.12679,47.39352],[6.12435,47.39509],[6.1182,47.39648],[6.11944,47.39362],[6.11572,47.39081],[6.11379,47.38737],[6.10883,47.38549],[6.1046,47.38458],[6.10493,47.38156],[6.10347,47.37976],[6.10537,47.37775],[6.10873,47.38115],[6.1118,47.37867],[6.11548,47.37774],[6.11906,47.37886],[6.12529,47.38271],[6.12917,47.38206],[6.13033,47.38481],[6.13743,47.38204],[6.14186,47.38226],[6.14443,47.381],[6.14817,47.38077],[6.15036,47.38244]]]},"properties":{"code_insee":"25582","population":148,"superficie_cadastrale":300,"nom_officiel":"Valleroy","date_du_recensement":"2023-01-01Z","densite":49.3},"id":"commune.27248"},
{"type":"Feature","geometry":{"type":"Polygon","coordinates":[[[5.80957,47.22139],[5.81164,47.22408],[5.81337,47.22185],[5.81688,47.22571],[5.81831,47.22821],[5.81697,47.22907],[5.81645,47.23214],[5.81381,47.23334],[5.81445,47.23505],[5.81257,47.2338],[5.80663,47.23482],[5.80575,47.23298],[5.80249,47.23399],[5.79278,47.23171],[5.78915,47.23169],[5.79484,47.22931],[5.79937,47.22644],[5.80336,47.22276],[5.79686,47.21998],[5.78983,47.2181],[5.7934,47.21487],[5.79545,47.21548],[5.79882,47.21814],[5.8053,47.21991],[5.80728,47.22144],[5.80957,47.22139]]]},"properties":{"code_insee":"25162","population":214,"superficie_cadastrale":220,"nom_officiel":"Corcelles-Ferrières","date_du_recensement":"2022-01-01Z","densite":97.3},"id":"commune.27254"},
{"type":"Feature","geometry":{"type":"Polygon","coordinates":[[[6.74894,47.49314],[6.74539,47.49405],[6.74524,47.49577],[6.74277,47.49814],[6.74075,47.50247],[6.73738,47.50363],[6.73558,47.50623],[6.73232,47.50796],[6.72774,47.50937],[6.72425,47.51209],[6.72225,47.51234],[6.71416,47.51245],[6.7116,47.50466],[6.71422,47.50028],[6.71506,47.49666],[6.71313,47.49373],[6.71828,47.49415],[6.7232,47.49334],[6.73671,47.49287],[6.74062,47.4939],[6.74298,47.49324],[6.74894,47.49314]]]},"properties":{"code_insee":"25469","population":461,"superficie_cadastrale":380,"nom_officiel":"Présentevillers","date_du_recensement":"2023-01-01Z","densite":121.3},"id":"commune.27308"},
{"type":"Feature","geometry":{"type":"Polygon","coordinates":[[[6.33017,47.36885],[6.3329,47.36713],[6.33859,47.36899],[6.34196,47.36867],[6.34499,47.36667],[6.349,47.36851],[6.35481,47.37001],[6.36131,47.36854],[6.36289,47.37028],[6.36991,47.37035],[6.37037,47.37264],[6.36362,47.3738],[6.36252,47.37819],[6.36444,47.38081],[6.36675,47.381],[6.36813,47.38444],[6.37091,47.38509],[6.36888,47.38669],[6.34866,47.39053],[6.3424,47.39059],[6.3367,47.39216],[6.33187,47.38972],[6.32567,47.3884],[6.32607,47.38625],[6.32926,47.38522],[6.33215,47.38202],[6.33119,47.37715],[6.33173,47.37127],[6.33017,47.36885]]]},"properties":{"code_insee":"25354","population":157,"superficie_cadastrale":640,"nom_officiel":"Luxiol","date_du_recensement":"2023-01-01Z","densite":24.5},"id":"commune.27331"},
{"type":"Feature","geometry":{"type":"Polygon","coordinates":[[[6.45583,47.05697],[6.45648,47.05431],[6.45104,47.05198],[6.44908,47.05044],[6.45067,47.04912],[6.44619,47.04598],[6.44485,47.04312],[6.44748,47.03724],[6.4499,47.03823],[6.45543,47.03996],[6.46352,47.04349],[6.46665,47.04276],[6.47446,47.03596],[6.47842,47.03352],[6.481,47.03329],[6.48308,47.03454],[6.49104,47.03665],[6.49454,47.0346],[6.49825,47.03667],[6.50304,47.03814],[6.50429,47.03746],[6.50987,47.04033],[6.51397,47.04162],[6.51512,47.04341],[6.51302,47.04629],[6.51441,47.0473],[6.51792,47.04742],[6.52174,47.04928],[6.51959,47.05098],[6.51847,47.05346],[6.5146,47.05731],[6.51897,47.06342],[6.51826,47.06604],[6.52053,47.07252],[6.51693,47.07569],[6.51515,47.07582],[6.51329,47.07281],[6.50977,47.07112],[6.50697,47.07283],[6.50679,47.07507],[6.50179,47.07683],[6.49944,47.07668],[6.4957,47.07845],[6.49276,47.07655],[6.48536,47.07291],[6.48259,47.07088],[6.4768,47.06774],[6.47838,47.06471],[6.47646,47.06322],[6.47425,47.06531],[6.47158,47.06478],[6.47186,47.06287],[6.46884,47.06092],[6.46704,47.0619],[6.46214,47.06072],[6.45666,47.0581],[6.45583,47.05697]]]},"properties":{"code_insee":"25271","population":1842,"superficie_cadastrale":1730,"nom_officiel":"Gilley","date_du_recensement":"2023-01-01Z","densite":106.5},"id":"commune.27347"},
{"type":"Feature","geometry":{"type":"Polygon","coordinates":[[[6.71392,47.43919],[6.71363,47.43971],[6.71389,47.44306],[6.70898,47.44796],[6.70598,47.44928],[6.7065,47.45243],[6.71104,47.45482],[6.71138,47.45617],[6.70736,47.45969],[6.70443,47.45908],[6.70369,47.46105],[6.69971,47.46047],[6.69956,47.46185],[6.70243,47.46333],[6.69928,47.46593],[6.69649,47.46435],[6.69164,47.45951],[6.68407,47.455],[6.68185,47.45417],[6.6729,47.45214],[6.6636,47.45182],[6.66384,47.44513],[6.6648,47.44288],[6.67164,47.44204],[6.67008,47.43913],[6.67353,47.43904],[6.67411,47.4356],[6.67611,47.43363],[6.68116,47.43318],[6.68616,47.43504],[6.68953,47.43516],[6.69234,47.43659],[6.69728,47.43737],[6.69885,47.43697],[6.70681,47.43779],[6.71392,47.43919]]]},"properties":{"code_insee":"25159","population":1232,"superficie_cadastrale":770,"nom_officiel":"Colombier-Fontaine","date_du_recensement":"2023-01-01Z","densite":160},"id":"commune.27438"},
{"type":"Feature","geometry":{"type":"Polygon","coordinates":[[[6.73466,47.26321],[6.73853,47.26339],[6.74212,47.26566],[6.74631,47.26576],[6.74597,47.26887],[6.74699,47.2703],[6.75192,47.27223],[6.757,47.27216],[6.7583,47.27594],[6.76241,47.27789],[6.76077,47.28126],[6.75853,47.28092],[6.75518,47.28219],[6.75514,47.28654],[6.75238,47.28879],[6.74771,47.28646],[6.74352,47.28974],[6.74046,47.29051],[6.73122,47.28819],[6.72706,47.28813],[6.72721,47.28575],[6.72482,47.28435],[6.72075,47.28449],[6.72035,47.28338],[6.71453,47.28041],[6.71188,47.27958],[6.70807,47.28238],[6.70636,47.28011],[6.7012,47.2785],[6.69707,47.27496],[6.70131,47.27258],[6.70514,47.27199],[6.71199,47.27215],[6.7152,47.27238],[6.7227,47.27593],[6.72832,47.2729],[6.72107,47.27172],[6.71894,47.26918],[6.72389,47.26797],[6.73278,47.26463],[6.73466,47.26321]]]},"properties":{"code_insee":"25589","population":74,"superficie_cadastrale":760,"nom_officiel":"Vauclusotte","date_du_recensement":"2023-01-01Z","densite":9.7},"id":"commune.27450"},
{"type":"Feature","geometry":{"type":"Polygon","coordinates":[[[6.11782,46.88817],[6.11492,46.88998],[6.11157,46.88707],[6.11367,46.88497],[6.11515,46.88099],[6.11092,46.88132],[6.10893,46.87942],[6.1063,46.88068],[6.1005,46.8773],[6.09668,46.88028],[6.09312,46.87975],[6.08597,46.87328],[6.07724,46.86856],[6.07846,46.8661],[6.07682,46.86171],[6.07345,46.8621],[6.072,46.85681],[6.07544,46.85571],[6.08091,46.85242],[6.08721,46.84986],[6.08593,46.84871],[6.08552,46.84407],[6.09083,46.84198],[6.09787,46.84434],[6.10551,46.84557],[6.10416,46.84782],[6.10845,46.85449],[6.11211,46.85716],[6.1141,46.86025],[6.11742,46.86382],[6.12316,46.86671],[6.12454,46.86851],[6.12503,46.87241],[6.12331,46.8726],[6.12327,46.87547],[6.12452,46.87713],[6.12177,46.87858],[6.12422,46.88202],[6.11932,46.8847],[6.11743,46.88496],[6.11782,46.88817]]]},"properties":{"code_insee":"25176","population":317,"superficie_cadastrale":1090,"nom_officiel":"Courvières","date_du_recensement":"2023-01-01Z","densite":29.1},"id":"commune.27483"},
{"type":"Feature","geometry":{"type":"Polygon","coordinates":[[[6.37108,47.31546],[6.37616,47.31168],[6.37864,47.31226],[6.38298,47.31133],[6.3913,47.30705],[6.39779,47.307],[6.40545,47.30412],[6.40967,47.3074],[6.40844,47.31295],[6.40859,47.31583],[6.41223,47.31582],[6.41605,47.31729],[6.41897,47.31734],[6.41674,47.31912],[6.41209,47.31972],[6.41018,47.32184],[6.40689,47.32351],[6.40231,47.32373],[6.40043,47.32524],[6.39408,47.32361],[6.38502,47.32266],[6.37966,47.32295],[6.3767,47.32238],[6.37276,47.31992],[6.37023,47.31703],[6.37108,47.31546]]]},"properties":{"code_insee":"25299","population":108,"superficie_cadastrale":470,"nom_officiel":"Guillon-les-Bains","date_du_recensement":"2023-01-01Z","densite":23},"id":"commune.27495"},
{"type":"Feature","geometry":{"type":"Polygon","coordinates":[[[6.45042,47.35333],[6.45253,47.36262],[6.45112,47.36341],[6.44752,47.36288],[6.44009,47.3665],[6.42909,47.368],[6.42745,47.37099],[6.42539,47.37209],[6.42221,47.37091],[6.41976,47.36835],[6.41812,47.36408],[6.41882,47.35991],[6.41661,47.35808],[6.40753,47.3568],[6.40794,47.35475],[6.41586,47.35579],[6.42032,47.35745],[6.42765,47.36286],[6.43211,47.3556],[6.43529,47.35109],[6.44798,47.35412],[6.45042,47.35333]]]},"properties":{"code_insee":"25312","population":61,"superficie_cadastrale":340,"nom_officiel":"Hyèvre-Magny","date_du_recensement":"2023-01-01Z","densite":17.9},"id":"commune.27573"},
{"type":"Feature","geometry":{"type":"Polygon","coordinates":[[[6.20115,47.2852],[6.2059,47.2853],[6.21363,47.29023],[6.21661,47.29297],[6.21686,47.29579],[6.22048,47.29825],[6.2191,47.29991],[6.21327,47.30303],[6.21301,47.30643],[6.20833,47.30646],[6.20309,47.30551],[6.20226,47.30872],[6.20342,47.31394],[6.20119,47.31337],[6.19004,47.31277],[6.1907,47.31005],[6.1895,47.30771],[6.18284,47.30378],[6.16809,47.29647],[6.16206,47.29468],[6.16253,47.29],[6.16428,47.28859],[6.17512,47.28928],[6.18074,47.29012],[6.18778,47.28796],[6.18888,47.28384],[6.19171,47.28353],[6.19611,47.28493],[6.20115,47.2852]]]},"properties":{"code_insee":"25197","population":630,"superficie_cadastrale":800,"nom_officiel":"Deluz","date_du_recensement":"2023-01-01Z","densite":78.8},"id":"commune.27615"},
{"type":"Feature","geometry":{"type":"Polygon","coordinates":[[[5.88801,47.14375],[5.8847,47.14142],[5.88072,47.14055],[5.87088,47.14026],[5.86585,47.13866],[5.85862,47.13423],[5.85178,47.13179],[5.85492,47.12892],[5.85922,47.12913],[5.8618,47.12664],[5.8674,47.1257],[5.86888,47.12688],[5.87389,47.12459],[5.87894,47.12752],[5.88345,47.13113],[5.88653,47.13549],[5.89017,47.13937],[5.89031,47.14309],[5.88801,47.14375]]]},"properties":{"code_insee":"25001","population":250,"superficie_cadastrale":320,"nom_officiel":"Abbans-Dessous","date_du_recensement":"2023-01-01Z","densite":78.1},"id":"commune.27731"},
{"type":"Feature","geometry":{"type":"Polygon","coordinates":[[[6.82117,47.26465],[6.82539,47.26599],[6.82702,47.26728],[6.83104,47.26783],[6.83428,47.27004],[6.83677,47.26791],[6.83336,47.26554],[6.83501,47.26269],[6.84205,47.26599],[6.84458,47.26424],[6.84236,47.26297],[6.84363,47.26024],[6.84589,47.25938],[6.84688,47.25621],[6.84398,47.25584],[6.84559,47.25123],[6.84296,47.2492],[6.84149,47.24653],[6.84253,47.2455],[6.84699,47.24705],[6.84829,47.25068],[6.85305,47.25362],[6.85447,47.25368],[6.85658,47.25846],[6.85535,47.26043],[6.85092,47.26588],[6.85485,47.26953],[6.8537,47.27364],[6.85767,47.2741],[6.85657,47.27929],[6.85398,47.28419],[6.85462,47.28638],[6.85366,47.28897],[6.85154,47.29037],[6.84931,47.28967],[6.84566,47.29114],[6.84524,47.2881],[6.84306,47.28664],[6.84194,47.28355],[6.84017,47.28199],[6.83636,47.28156],[6.82627,47.27801],[6.82838,47.27572],[6.8318,47.27467],[6.82813,47.27106],[6.81726,47.26658],[6.82117,47.26465]]]},"properties":{"code_insee":"25559","population":229,"superficie_cadastrale":580,"nom_officiel":"Thiébouhans","date_du_recensement":"2023-01-01Z","densite":39.5},"id":"commune.27768"},
{"type":"Feature","geometry":{"type":"Polygon","coordinates":[[[6.62745,47.0472],[6.62174,47.04676],[6.62126,47.0494],[6.61796,47.0521],[6.61415,47.05175],[6.60904,47.05252],[6.60452,47.04867],[6.60097,47.04954],[6.59784,47.04619],[6.59293,47.04509],[6.5896,47.04587],[6.58742,47.0442],[6.58805,47.04011],[6.59435,47.03569],[6.59492,47.03205],[6.58906,47.02215],[6.58954,47.01885],[6.59086,47.0174],[6.58919,47.01249],[6.58605,47.01038],[6.58522,47.00672],[6.58971,47.00372],[6.59342,46.99935],[6.59619,46.99239],[6.59995,46.99254],[6.60473,46.99105],[6.61046,46.99072],[6.61797,46.99165],[6.62757,46.99637],[6.63358,46.99815],[6.64036,47.00281],[6.64605,47.00956],[6.64837,47.01462],[6.65362,47.02234],[6.6591,47.02728],[6.6689,47.03192],[6.67792,47.03549],[6.67632,47.04001],[6.66414,47.03826],[6.65807,47.03349],[6.65273,47.02997],[6.65028,47.03354],[6.65344,47.0384],[6.64964,47.04263],[6.64539,47.04209],[6.64303,47.04496],[6.64274,47.04894],[6.64063,47.04778],[6.63809,47.04491],[6.63297,47.04504],[6.62745,47.0472]]]},"properties":{"code_insee":"25403","population":2244,"superficie_cadastrale":2730,"nom_officiel":"Montlebon","date_du_recensement":"2023-01-01Z","densite":82.2},"id":"commune.27819"},
{"type":"Feature","geometry":{"type":"Polygon","coordinates":[[[6.11167,47.33568],[6.11738,47.33985],[6.1228,47.34243],[6.12535,47.34462],[6.13129,47.3479],[6.13512,47.34773],[6.13699,47.3488],[6.14291,47.35013],[6.14563,47.35202],[6.14552,47.35234],[6.14488,47.35354],[6.14052,47.35614],[6.13059,47.35547],[6.12545,47.35426],[6.12318,47.35644],[6.12163,47.35566],[6.1172,47.35755],[6.11445,47.35662],[6.11269,47.35839],[6.11,47.35746],[6.1076,47.35961],[6.10365,47.35961],[6.10303,47.3613],[6.10251,47.36141],[6.103,47.35902],[6.1003,47.35877],[6.09928,47.36033],[6.09149,47.3597],[6.09282,47.35811],[6.0886,47.357],[6.09551,47.35258],[6.09333,47.35131],[6.09368,47.34814],[6.09618,47.3442],[6.10054,47.33899],[6.10397,47.33933],[6.1068,47.33727],[6.11167,47.33568]]]},"properties":{"code_insee":"25598","population":518,"superficie_cadastrale":620,"nom_officiel":"Venise","date_du_recensement":"2022-01-01Z","densite":83.5},"id":"commune.27915"},
{"type":"Feature","geometry":{"type":"Polygon","coordinates":[[[6.92271,47.50008],[6.92552,47.49943],[6.93019,47.50041],[6.9318,47.49621],[6.93359,47.49595],[6.93505,47.49053],[6.93444,47.48813],[6.93522,47.48562],[6.94013,47.48695],[6.94683,47.48759],[6.94771,47.49314],[6.94679,47.49638],[6.94474,47.49799],[6.94551,47.50515],[6.9472,47.50568],[6.94965,47.5087],[6.94616,47.51131],[6.945,47.51334],[6.94276,47.51361],[6.93821,47.51712],[6.93461,47.51776],[6.92873,47.51456],[6.93174,47.51294],[6.93268,47.5097],[6.9304,47.50629],[6.9279,47.5053],[6.92772,47.50198],[6.92271,47.50008]]]},"properties":{"code_insee":"25040","population":808,"superficie_cadastrale":370,"nom_officiel":"Badevel","date_du_recensement":"2022-01-01Z","densite":218.4},"id":"commune.27944"},
{"type":"Feature","geometry":{"type":"Polygon","coordinates":[[[6.62103,47.44762],[6.62215,47.44687],[6.62723,47.4487],[6.64235,47.44922],[6.65576,47.45173],[6.6636,47.45182],[6.6729,47.45214],[6.68185,47.45417],[6.67943,47.45676],[6.67397,47.46033],[6.67163,47.46273],[6.66892,47.4675],[6.66935,47.46852],[6.66815,47.47552],[6.66367,47.47833],[6.66004,47.47847],[6.6572,47.47438],[6.64631,47.46571],[6.64023,47.46465],[6.63668,47.46456],[6.63359,47.46341],[6.6286,47.46301],[6.62388,47.46474],[6.61882,47.45495],[6.61951,47.44917],[6.62103,47.44762]]]},"properties":{"code_insee":"25345","population":646,"superficie_cadastrale":830,"nom_officiel":"Longevelle-sur-Doubs","date_du_recensement":"2023-01-01Z","densite":77.8},"id":"commune.28010"},
{"type":"Feature","geometry":{"type":"Polygon","coordinates":[[[6.02414,47.08305],[6.02416,47.08074],[6.02201,47.07815],[6.01785,47.0766],[6.01475,47.07641],[6.01242,47.07511],[6.01223,47.07077],[6.01602,47.07084],[6.02063,47.06908],[6.02096,47.06752],[6.02214,47.06467],[6.02742,47.06184],[6.03351,47.06441],[6.03667,47.05975],[6.03969,47.05899],[6.0438,47.05977],[6.04867,47.05937],[6.05703,47.06842],[6.05057,47.07318],[6.04907,47.07594],[6.04512,47.07596],[6.04125,47.07786],[6.04299,47.08044],[6.04061,47.08401],[6.03725,47.0855],[6.03414,47.085],[6.0315,47.08337],[6.02414,47.08305]]]},"properties":{"code_insee":"25017","population":85,"superficie_cadastrale":570,"nom_officiel":"Amondans","date_du_recensement":"2023-01-01Z","densite":14.9},"id":"commune.28020"},
{"type":"Feature","geometry":{"type":"Polygon","coordinates":[[[6.65679,47.32779],[6.65348,47.32618],[6.65093,47.32652],[6.65262,47.32989],[6.64637,47.33181],[6.64833,47.33616],[6.6486,47.33885],[6.64452,47.33903],[6.63697,47.33913],[6.63416,47.33858],[6.63017,47.33606],[6.63209,47.33357],[6.63455,47.33204],[6.63215,47.32776],[6.62851,47.32537],[6.63203,47.31717],[6.63768,47.31724],[6.63444,47.31506],[6.63508,47.31233],[6.63064,47.30727],[6.63322,47.30646],[6.63223,47.30239],[6.6348,47.30221],[6.63812,47.3065],[6.64094,47.3077],[6.63888,47.29868],[6.64465,47.30087],[6.64779,47.30483],[6.64911,47.3097],[6.64865,47.31201],[6.64248,47.31507],[6.64503,47.32228],[6.65019,47.32493],[6.65298,47.32569],[6.65679,47.32779]]]},"properties":{"code_insee":"25607","population":50,"superficie_cadastrale":470,"nom_officiel":"Vernois-lès-Belvoir","date_du_recensement":"2023-01-01Z","densite":10.6},"id":"commune.28042"},
{"type":"Feature","geometry":{"type":"Polygon","coordinates":[[[6.24023,47.3425],[6.24217,47.34612],[6.24594,47.3491],[6.2501,47.35092],[6.25412,47.35195],[6.25813,47.35083],[6.25789,47.35456],[6.25686,47.35645],[6.25367,47.35677],[6.25016,47.35539],[6.24225,47.35355],[6.24155,47.35171],[6.2368,47.35082],[6.22474,47.35007],[6.21595,47.34842],[6.21418,47.34939],[6.21349,47.34756],[6.20971,47.34486],[6.21206,47.34008],[6.21622,47.34032],[6.21899,47.33576],[6.22165,47.33583],[6.22316,47.33439],[6.22856,47.3357],[6.22853,47.33784],[6.22765,47.33888],[6.23632,47.34111],[6.23662,47.34288],[6.24023,47.3425]]]},"properties":{"code_insee":"25474","population":104,"superficie_cadastrale":340,"nom_officiel":"Le Puy","date_du_recensement":"2023-01-01Z","densite":30.6},"id":"commune.28044"},
{"type":"Feature","geometry":{"type":"Polygon","coordinates":[[[6.8372,47.53665],[6.84048,47.53333],[6.84754,47.52929],[6.84791,47.52615],[6.85187,47.52622],[6.85357,47.52989],[6.8539,47.53336],[6.85689,47.53387],[6.85699,47.54086],[6.85981,47.54549],[6.86021,47.5477],[6.85033,47.54825],[6.84379,47.54743],[6.83619,47.54815],[6.83064,47.54644],[6.83302,47.54257],[6.83477,47.54204],[6.83569,47.53745],[6.8372,47.53665]]]},"properties":{"code_insee":"25428","population":1596,"superficie_cadastrale":320,"nom_officiel":"Nommay","date_du_recensement":"2023-01-01Z","densite":498.8},"id":"commune.28085"},
{"type":"Feature","geometry":{"type":"Polygon","coordinates":[[[6.43812,47.31058],[6.4396,47.31422],[6.43531,47.31793],[6.4334,47.32076],[6.42903,47.32072],[6.42682,47.31957],[6.42246,47.3196],[6.41897,47.31734],[6.41605,47.31729],[6.41223,47.31582],[6.40859,47.31583],[6.40844,47.31295],[6.40967,47.3074],[6.40545,47.30412],[6.41744,47.29906],[6.41771,47.30166],[6.41913,47.30463],[6.42375,47.3034],[6.4259,47.30664],[6.43006,47.30862],[6.43169,47.30817],[6.43729,47.31088],[6.43812,47.31058]]]},"properties":{"code_insee":"25401","population":27,"superficie_cadastrale":330,"nom_officiel":"Montivernage","date_du_recensement":"2023-01-01Z","densite":8.2},"id":"commune.28170"},
{"type":"Feature","geometry":{"type":"Polygon","coordinates":[[[6.16245,47.36245],[6.15016,47.35412],[6.14552,47.35234],[6.14563,47.35202],[6.1478,47.34993],[6.14532,47.34692],[6.1421,47.34525],[6.14198,47.34337],[6.15075,47.3431],[6.14677,47.33548],[6.13915,47.33271],[6.13764,47.3338],[6.13293,47.33182],[6.1317,47.33312],[6.12595,47.33467],[6.12393,47.33625],[6.12056,47.33696],[6.11738,47.33985],[6.11167,47.33568],[6.1102,47.33294],[6.10536,47.32929],[6.10259,47.32623],[6.09726,47.32332],[6.08978,47.3203],[6.09019,47.31871],[6.09385,47.31807],[6.09698,47.31843],[6.0984,47.31527],[6.09272,47.31413],[6.09729,47.3102],[6.09566,47.30929],[6.09719,47.3083],[6.10297,47.30811],[6.10688,47.307],[6.11948,47.30927],[6.1212,47.30866],[6.12601,47.31088],[6.13297,47.31226],[6.13731,47.3143],[6.14364,47.31657],[6.1504,47.31831],[6.15061,47.32183],[6.15237,47.3232],[6.15322,47.3284],[6.15681,47.32924],[6.15718,47.33137],[6.16293,47.33468],[6.16239,47.33695],[6.1673,47.33898],[6.17664,47.33934],[6.18268,47.33997],[6.1848,47.34114],[6.18509,47.34393],[6.18282,47.34733],[6.17722,47.34553],[6.17595,47.34986],[6.17132,47.35195],[6.1722,47.35633],[6.169,47.36332],[6.16555,47.36054],[6.16245,47.36245]]]},"properties":{"code_insee":"25368","population":1447,"superficie_cadastrale":1640,"nom_officiel":"Marchaux-Chaudefontaine","date_du_recensement":"2023-01-01Z","densite":88.2},"id":"commune.28252"},
{"type":"Feature","geometry":{"type":"Polygon","coordinates":[[[6.53895,47.39458],[6.53435,47.39328],[6.53153,47.38902],[6.53152,47.3862],[6.53374,47.38155],[6.53501,47.37516],[6.53694,47.36932],[6.53742,47.36618],[6.53925,47.36122],[6.54377,47.36023],[6.55099,47.36028],[6.55647,47.35941],[6.55972,47.3598],[6.56014,47.35818],[6.56695,47.35606],[6.56733,47.35699],[6.57671,47.35624],[6.58736,47.35815],[6.59583,47.35845],[6.59902,47.35998],[6.6062,47.3595],[6.61017,47.35997],[6.61189,47.36168],[6.61433,47.36182],[6.62075,47.36045],[6.62072,47.36671],[6.62328,47.36745],[6.62321,47.37244],[6.62464,47.3765],[6.62178,47.38018],[6.61722,47.3836],[6.61668,47.38539],[6.61388,47.38841],[6.61159,47.3887],[6.60968,47.38937],[6.59694,47.39018],[6.59366,47.38956],[6.58441,47.39054],[6.58193,47.393],[6.57619,47.39712],[6.57141,47.39657],[6.56314,47.39781],[6.56302,47.39437],[6.55904,47.3936],[6.5491,47.3936],[6.53895,47.39458]]]},"properties":{"code_insee":"25018","population":602,"superficie_cadastrale":2430,"nom_officiel":"Anteuil","date_du_recensement":"2023-01-01Z","densite":24.8},"id":"commune.28269"},
{"type":"Feature","geometry":{"type":"Polygon","coordinates":[[[5.9655,47.24125],[5.95336,47.24794],[5.95317,47.2547],[5.95093,47.25732],[5.95365,47.26053],[5.95176,47.26203],[5.95602,47.26672],[5.95181,47.26806],[5.95594,47.27194],[5.95887,47.27889],[5.9578,47.28073],[5.9503,47.28129],[5.94581,47.28713],[5.9424,47.28577],[5.94326,47.28404],[5.94711,47.28032],[5.95125,47.2784],[5.9464,47.27501],[5.94433,47.27281],[5.94236,47.27315],[5.93902,47.27142],[5.935,47.26835],[5.93182,47.26842],[5.92779,47.26957],[5.92528,47.26772],[5.92335,47.26862],[5.92044,47.267],[5.91776,47.26784],[5.91501,47.26716],[5.91432,47.26555],[5.9093,47.26665],[5.91087,47.26846],[5.9024,47.27204],[5.89904,47.27278],[5.89412,47.27006],[5.89298,47.26866],[5.89675,47.26671],[5.90649,47.26334],[5.90952,47.26069],[5.91829,47.26219],[5.92125,47.26121],[5.92062,47.25654],[5.92154,47.25396],[5.91972,47.25127],[5.91535,47.24884],[5.91193,47.24852],[5.91306,47.24687],[5.91674,47.24535],[5.91907,47.24729],[5.92215,47.2462],[5.92451,47.24907],[5.92791,47.25011],[5.93269,47.24896],[5.93699,47.25001],[5.94009,47.24828],[5.94335,47.24784],[5.94767,47.24551],[5.95041,47.24502],[5.95095,47.24311],[5.9586,47.23555],[5.9655,47.24125]]]},"properties":{"code_insee":"25467","population":2195,"superficie_cadastrale":930,"nom_officiel":"Pouilley-les-Vignes","date_du_recensement":"2023-01-01Z","densite":236},"id":"commune.28360"},
{"type":"Feature","geometry":{"type":"Polygon","coordinates":[[[6.02386,47.10069],[6.0265,47.10563],[6.02874,47.10749],[6.02914,47.11135],[6.03563,47.10881],[6.03797,47.11026],[6.04291,47.11113],[6.04509,47.11602],[6.04661,47.11597],[6.04791,47.12142],[6.05065,47.12604],[6.04818,47.12916],[6.04247,47.13174],[6.03757,47.13304],[6.0302,47.13716],[6.02738,47.13985],[6.02284,47.1455],[6.0174,47.15439],[6.01741,47.15581],[6.01383,47.1575],[6.01106,47.15556],[6.0078,47.15522],[6.00805,47.15202],[6.00963,47.15006],[6.00791,47.14714],[5.9985,47.1389],[5.99826,47.13737],[5.9953,47.13507],[5.99475,47.13222],[5.99191,47.13112],[5.99048,47.12673],[5.99787,47.12095],[6.00317,47.11744],[6.01251,47.10836],[6.01603,47.10655],[6.02386,47.10069]]]},"properties":{"code_insee":"25220","population":590,"superficie_cadastrale":1390,"nom_officiel":"Épeugney","date_du_recensement":"2023-01-01Z","densite":42.4},"id":"commune.28371"},
{"type":"Feature","geometry":{"type":"Polygon","coordinates":[[[6.14129,46.69784],[6.12575,46.69817],[6.11902,46.70427],[6.11303,46.70785],[6.11019,46.70742],[6.10358,46.7038],[6.10825,46.69936],[6.11188,46.69292],[6.11514,46.68921],[6.11987,46.68291],[6.11918,46.67799],[6.12195,46.67667],[6.12238,46.67478],[6.12622,46.67545],[6.12672,46.67249],[6.13032,46.66706],[6.1305,46.66479],[6.12657,46.66021],[6.11982,46.65547],[6.12266,46.65334],[6.12403,46.65026],[6.12818,46.64765],[6.13026,46.64461],[6.13679,46.64424],[6.14399,46.64587],[6.14753,46.64431],[6.14342,46.64246],[6.14329,46.64147],[6.14724,46.63548],[6.14043,46.63721],[6.13404,46.63768],[6.12649,46.63871],[6.12312,46.63518],[6.13056,46.63417],[6.13313,46.63478],[6.13249,46.63138],[6.13849,46.63007],[6.14136,46.63145],[6.14202,46.633],[6.14898,46.63196],[6.1515,46.63078],[6.15048,46.6282],[6.15331,46.62671],[6.15844,46.62617],[6.16006,46.62199],[6.16959,46.61822],[6.17508,46.614],[6.17897,46.61575],[6.1795,46.6201],[6.18344,46.62139],[6.18555,46.62368],[6.19084,46.62545],[6.1965,46.62866],[6.20058,46.63362],[6.1995,46.63453],[6.20405,46.63629],[6.2074,46.63562],[6.21296,46.6401],[6.21271,46.64065],[6.19444,46.64563],[6.1922,46.64544],[6.18257,46.64818],[6.18215,46.64889],[6.17725,46.64837],[6.17518,46.64737],[6.17169,46.64986],[6.16958,46.65385],[6.16583,46.65612],[6.16387,46.65818],[6.16031,46.66041],[6.15351,46.66676],[6.15525,46.66842],[6.15148,46.67904],[6.14273,46.69346],[6.14294,46.6951],[6.14129,46.69784]]]},"properties":{"code_insee":"25142","population":338,"superficie_cadastrale":2830,"nom_officiel":"Chaux-Neuve","date_du_recensement":"2023-01-01Z","densite":11.9},"id":"commune.28387"},
{"type":"Feature","geometry":{"type":"Polygon","coordinates":[[[6.18617,47.41438],[6.17845,47.41712],[6.1757,47.41688],[6.17449,47.41464],[6.17527,47.41299],[6.17165,47.41163],[6.17122,47.40884],[6.17357,47.40694],[6.17797,47.40688],[6.18362,47.41064],[6.18779,47.41286],[6.18617,47.41438]]]},"properties":{"code_insee":"25065","population":56,"superficie_cadastrale":90,"nom_officiel":"Blarians","date_du_recensement":"2023-01-01Z","densite":62.2},"id":"commune.28400"},
{"type":"Feature","geometry":{"type":"Polygon","coordinates":[[[6.42659,47.43583],[6.43019,47.443],[6.42921,47.44573],[6.42467,47.44625],[6.42434,47.45092],[6.42116,47.45881],[6.41364,47.46293],[6.41399,47.46455],[6.40878,47.4645],[6.40646,47.46576],[6.40155,47.46607],[6.39836,47.46582],[6.3973,47.46266],[6.39805,47.46021],[6.39659,47.45586],[6.39345,47.45474],[6.39566,47.45331],[6.39995,47.4531],[6.4005,47.45007],[6.40291,47.44668],[6.40246,47.44402],[6.40302,47.43988],[6.40151,47.43703],[6.4009,47.43507],[6.40217,47.43188],[6.40153,47.42902],[6.4055,47.43085],[6.40783,47.43041],[6.41492,47.43188],[6.41665,47.43307],[6.42057,47.43347],[6.42424,47.43579],[6.42659,47.43583]]]},"properties":{"code_insee":"25247","population":84,"superficie_cadastrale":670,"nom_officiel":"Fontenelle-Montby","date_du_recensement":"2023-01-01Z","densite":12.5},"id":"commune.28403"},
{"type":"Feature","geometry":{"type":"Polygon","coordinates":[[[5.96232,47.18512],[5.95734,47.18114],[5.95611,47.17809],[5.96513,47.17696],[5.97362,47.17355],[5.97161,47.17035],[5.97144,47.16783],[5.96762,47.16297],[5.96997,47.16145],[5.97112,47.15871],[5.97263,47.15809],[5.97835,47.15871],[5.98298,47.16707],[5.97829,47.17176],[5.97573,47.17284],[5.9756,47.17515],[5.98326,47.18597],[5.98631,47.18684],[5.9874,47.19064],[5.98445,47.19364],[5.98253,47.19424],[5.97839,47.19259],[5.97518,47.19248],[5.97079,47.1913],[5.96781,47.19183],[5.96617,47.18822],[5.96232,47.18512]]]},"properties":{"code_insee":"25328","population":773,"superficie_cadastrale":400,"nom_officiel":"Larnod","date_du_recensement":"2023-01-01Z","densite":193.2},"id":"commune.28438"},
{"type":"Feature","geometry":{"type":"Polygon","coordinates":[[[6.09149,47.3597],[6.09928,47.36033],[6.1003,47.35877],[6.103,47.35902],[6.10251,47.36141],[6.10362,47.36608],[6.1033,47.36841],[6.10114,47.37089],[6.09876,47.37161],[6.09644,47.37069],[6.09047,47.37291],[6.08633,47.37293],[6.08219,47.37131],[6.0825,47.36448],[6.08132,47.36199],[6.08224,47.36075],[6.08743,47.35902],[6.09002,47.36071],[6.09149,47.3597]]]},"properties":{"code_insee":"25444","population":150,"superficie_cadastrale":210,"nom_officiel":"Palise","date_du_recensement":"2023-01-01Z","densite":71.4},"id":"commune.28546"},
{"type":"Feature","geometry":{"type":"Polygon","coordinates":[[[6.45154,47.1136],[6.44925,47.11737],[6.45134,47.12011],[6.44724,47.12356],[6.44675,47.12712],[6.45198,47.13799],[6.45035,47.13998],[6.45306,47.14777],[6.4513,47.15002],[6.45196,47.15497],[6.45311,47.15578],[6.4579,47.16704],[6.46022,47.16877],[6.45637,47.17103],[6.45358,47.16662],[6.45329,47.16447],[6.45048,47.158],[6.44721,47.15485],[6.44732,47.15981],[6.44026,47.15647],[6.43447,47.1551],[6.42941,47.15315],[6.42322,47.1564],[6.42083,47.15626],[6.4191,47.15982],[6.41778,47.16062],[6.41404,47.15821],[6.40925,47.15377],[6.40648,47.15081],[6.40872,47.14903],[6.40724,47.14683],[6.41259,47.14323],[6.4087,47.13989],[6.40918,47.13755],[6.41249,47.13124],[6.4146,47.13252],[6.41632,47.12895],[6.41861,47.12921],[6.42393,47.12679],[6.42657,47.12421],[6.43221,47.12009],[6.43319,47.11673],[6.43531,47.11345],[6.43631,47.10941],[6.43547,47.10516],[6.43847,47.1055],[6.44388,47.11204],[6.44893,47.11212],[6.45154,47.1136]]]},"properties":{"code_insee":"25039","population":982,"superficie_cadastrale":1290,"nom_officiel":"Avoudrey","date_du_recensement":"2023-01-01Z","densite":76.1},"id":"commune.28551"},
{"type":"Feature","geometry":{"type":"Polygon","coordinates":[[[6.70962,47.29029],[6.70598,47.28774],[6.70807,47.28238],[6.71188,47.27958],[6.71453,47.28041],[6.72035,47.28338],[6.72075,47.28449],[6.72482,47.28435],[6.72721,47.28575],[6.72706,47.28813],[6.73122,47.28819],[6.74046,47.29051],[6.74352,47.28974],[6.74771,47.28646],[6.75238,47.28879],[6.75514,47.28654],[6.75518,47.28219],[6.75853,47.28092],[6.76077,47.28126],[6.76248,47.28411],[6.76613,47.28245],[6.76886,47.28269],[6.76982,47.28395],[6.76625,47.28518],[6.76486,47.29171],[6.76212,47.29646],[6.76293,47.30222],[6.75737,47.30865],[6.75579,47.3095],[6.75021,47.30809],[6.74754,47.30661],[6.74492,47.30737],[6.74014,47.30563],[6.73421,47.30283],[6.72947,47.30167],[6.72687,47.30006],[6.72617,47.29784],[6.71978,47.2947],[6.72008,47.2938],[6.70962,47.29029]]]},"properties":{"code_insee":"25584","population":128,"superficie_cadastrale":760,"nom_officiel":"Valoreille","date_du_recensement":"2023-01-01Z","densite":16.8},"id":"commune.28613"},
{"type":"Feature","geometry":{"type":"Polygon","coordinates":[[[6.40155,47.46607],[6.40646,47.46576],[6.40878,47.4645],[6.41399,47.46455],[6.41726,47.46949],[6.41765,47.47244],[6.42035,47.47336],[6.42048,47.47552],[6.42223,47.47675],[6.4228,47.48248],[6.42298,47.48328],[6.41038,47.4887],[6.40574,47.48488],[6.40433,47.48552],[6.40438,47.48309],[6.40075,47.48083],[6.39963,47.47488],[6.40102,47.47307],[6.40155,47.46607]]]},"properties":{"code_insee":"25419","population":96,"superficie_cadastrale":320,"nom_officiel":"Nans","date_du_recensement":"2023-01-01Z","densite":30},"id":"commune.28708"},
{"type":"Feature","geometry":{"type":"Polygon","coordinates":[[[5.87281,47.06345],[5.87031,47.06373],[5.86884,47.06046],[5.8726,47.06064],[5.87887,47.05993],[5.88695,47.05788],[5.88848,47.0569],[5.89863,47.05632],[5.9134,47.05138],[5.91579,47.05197],[5.91885,47.05128],[5.92125,47.05632],[5.92753,47.05631],[5.92774,47.05871],[5.93274,47.05859],[5.93237,47.06571],[5.92791,47.06525],[5.92431,47.07149],[5.9161,47.07602],[5.9112,47.073],[5.91101,47.07109],[5.90557,47.07186],[5.90244,47.07326],[5.89879,47.07213],[5.89511,47.07205],[5.8951,47.06818],[5.89123,47.06583],[5.88738,47.06513],[5.87917,47.06619],[5.87808,47.06349],[5.87281,47.06345]]]},"properties":{"code_insee":"25460","population":251,"superficie_cadastrale":660,"nom_officiel":"Le Val","date_du_recensement":"2023-01-01Z","densite":38},"id":"commune.28735"},
{"type":"Feature","geometry":{"type":"Polygon","coordinates":[[[6.15104,46.70053],[6.14571,46.70636],[6.14278,46.70559],[6.14091,46.70737],[6.14181,46.70921],[6.13788,46.71264],[6.13463,46.71765],[6.13103,46.7198],[6.11303,46.70785],[6.11902,46.70427],[6.12575,46.69817],[6.14129,46.69784],[6.1471,46.69871],[6.15104,46.70053]]]},"properties":{"code_insee":"25179","population":51,"superficie_cadastrale":380,"nom_officiel":"Le Crouzet","date_du_recensement":"2023-01-01Z","densite":13.4},"id":"commune.28795"},
{"type":"Feature","geometry":{"type":"Polygon","coordinates":[[[6.19518,47.19545],[6.19379,47.19232],[6.18624,47.19293],[6.17751,47.18926],[6.17656,47.18785],[6.18291,47.18514],[6.1885,47.18526],[6.1967,47.18104],[6.19617,47.17807],[6.19883,47.17633],[6.20271,47.16994],[6.20622,47.16681],[6.21048,47.16509],[6.21817,47.16502],[6.22414,47.16659],[6.22908,47.16335],[6.23092,47.17291],[6.22537,47.17365],[6.23573,47.18221],[6.24421,47.18644],[6.24574,47.18838],[6.2343,47.18771],[6.22846,47.18699],[6.22472,47.184],[6.21926,47.18696],[6.21465,47.18219],[6.21322,47.18304],[6.21732,47.1864],[6.21159,47.18685],[6.20787,47.18877],[6.2055,47.1918],[6.19518,47.19545]]]},"properties":{"code_insee":"25305","population":611,"superficie_cadastrale":780,"nom_officiel":"L'Hôpital-du-Grosbois","date_du_recensement":"2023-01-01Z","densite":78.3},"id":"commune.28835"},
{"type":"Feature","geometry":{"type":"Polygon","coordinates":[[[6.48204,47.35805],[6.49431,47.36165],[6.4941,47.36361],[6.4963,47.36885],[6.49399,47.37145],[6.4897,47.36954],[6.4827,47.36921],[6.47996,47.36953],[6.46407,47.37381],[6.46024,47.37419],[6.45672,47.37341],[6.45269,47.36912],[6.45248,47.36642],[6.45112,47.36341],[6.45253,47.36262],[6.45042,47.35333],[6.45567,47.35253],[6.46182,47.35329],[6.46478,47.35282],[6.46729,47.35564],[6.47146,47.35746],[6.4755,47.35798],[6.48204,47.35805]]]},"properties":{"code_insee":"25496","population":98,"superficie_cadastrale":530,"nom_officiel":"Roche-lès-Clerval","date_du_recensement":"2022-01-01Z","densite":18.5},"id":"commune.28945"},
{"type":"Feature","geometry":{"type":"Polygon","coordinates":[[[6.76478,47.23774],[6.76632,47.23807],[6.77056,47.24184],[6.77523,47.24694],[6.77882,47.24767],[6.78027,47.25107],[6.78803,47.2549],[6.78909,47.2579],[6.79211,47.25929],[6.79635,47.26391],[6.79431,47.26609],[6.79325,47.26899],[6.7877,47.26799],[6.78534,47.2709],[6.78136,47.27054],[6.78115,47.27188],[6.77758,47.27206],[6.77727,47.27331],[6.77262,47.27247],[6.76668,47.26835],[6.76478,47.26555],[6.76191,47.26482],[6.76269,47.26169],[6.76007,47.25966],[6.75642,47.26054],[6.75322,47.25797],[6.75183,47.25523],[6.75475,47.25443],[6.76068,47.254],[6.76297,47.2493],[6.76237,47.24757],[6.76608,47.24237],[6.76396,47.23975],[6.76478,47.23774]]]},"properties":{"code_insee":"25366","population":181,"superficie_cadastrale":610,"nom_officiel":"Mancenans-Lizerne","date_du_recensement":"2023-01-01Z","densite":29.7},"id":"commune.28974"},
{"type":"Feature","geometry":{"type":"Polygon","coordinates":[[[6.35051,46.98294],[6.35621,46.98278],[6.35958,46.98297],[6.35951,46.98625],[6.36253,46.98852],[6.36665,46.99924],[6.36925,46.99935],[6.37094,47.00121],[6.36998,47.00345],[6.37742,47.00268],[6.38045,47.00404],[6.38052,47.00582],[6.38239,47.00836],[6.37792,47.00911],[6.37167,47.00509],[6.36836,47.00775],[6.36919,47.00905],[6.36335,47.01175],[6.34789,47.00484],[6.3451,47.00289],[6.34142,47.0021],[6.34387,47.00017],[6.34294,46.99693],[6.34063,46.99348],[6.34938,46.98708],[6.35051,46.98294]]]},"properties":{"code_insee":"25099","population":257,"superficie_cadastrale":480,"nom_officiel":"Bugny","date_du_recensement":"2023-01-01Z","densite":53.5},"id":"commune.29017"},
{"type":"Feature","geometry":{"type":"Polygon","coordinates":[[[6.87498,47.53673],[6.86885,47.53557],[6.86144,47.53481],[6.85689,47.53387],[6.8539,47.53336],[6.85357,47.52989],[6.85187,47.52622],[6.85191,47.52402],[6.85642,47.52276],[6.8583,47.5205],[6.86329,47.51864],[6.86899,47.51949],[6.87417,47.51943],[6.8757,47.52007],[6.87398,47.5277],[6.87724,47.53131],[6.87498,47.53673]]]},"properties":{"code_insee":"25097","population":471,"superficie_cadastrale":290,"nom_officiel":"Brognard","date_du_recensement":"2023-01-01Z","densite":162.4},"id":"commune.29040"},
{"type":"Feature","geometry":{"type":"Polygon","coordinates":[[[6.62868,47.49043],[6.62885,47.49162],[6.62612,47.49215],[6.62809,47.50087],[6.62616,47.50175],[6.62367,47.49839],[6.62287,47.49564],[6.62,47.49229],[6.6148,47.4889],[6.61172,47.48906],[6.60892,47.48718],[6.60751,47.48023],[6.60249,47.47809],[6.60306,47.47605],[6.60569,47.47412],[6.6141,47.47287],[6.61517,47.47539],[6.61543,47.47916],[6.6181,47.48497],[6.62046,47.4854],[6.62114,47.48952],[6.62265,47.48956],[6.62868,47.49043]]]},"properties":{"code_insee":"25232","population":96,"superficie_cadastrale":200,"nom_officiel":"Faimbe","date_du_recensement":"2023-01-01Z","densite":48},"id":"commune.29047"},
{"type":"Feature","geometry":{"type":"Polygon","coordinates":[[[6.28714,46.79142],[6.28767,46.79237],[6.29532,46.79971],[6.31432,46.81616],[6.31767,46.81917],[6.30818,46.82017],[6.30295,46.8215],[6.29967,46.82424],[6.2953,46.82173],[6.29413,46.82245],[6.29182,46.82274],[6.27754,46.8042],[6.28138,46.80285],[6.28465,46.80488],[6.28776,46.80079],[6.28546,46.79618],[6.28714,46.79142]]]},"properties":{"code_insee":"25525","population":306,"superficie_cadastrale":450,"nom_officiel":"Saint-Point-Lac","date_du_recensement":"2023-01-01Z","densite":68},"id":"commune.29187"},
{"type":"Feature","geometry":{"type":"Polygon","coordinates":[[[6.37879,47.40405],[6.37801,47.39651],[6.38885,47.39412],[6.39115,47.39551],[6.39403,47.39549],[6.39503,47.39694],[6.39581,47.40054],[6.39713,47.40189],[6.40231,47.40371],[6.40482,47.40762],[6.40793,47.40755],[6.40988,47.40998],[6.41009,47.41303],[6.40495,47.41516],[6.40399,47.41888],[6.39939,47.41961],[6.39653,47.42188],[6.38026,47.42108],[6.37682,47.41313],[6.37679,47.41121],[6.38041,47.40809],[6.37879,47.40405]]]},"properties":{"code_insee":"25602","population":116,"superficie_cadastrale":520,"nom_officiel":"Vergranne","date_du_recensement":"2023-01-01Z","densite":22.3},"id":"commune.29227"},
{"type":"Feature","geometry":{"type":"Polygon","coordinates":[[[6.75772,47.51167],[6.75373,47.51029],[6.74706,47.51118],[6.74036,47.51425],[6.73294,47.51466],[6.72692,47.5139],[6.72225,47.51234],[6.72425,47.51209],[6.72774,47.50937],[6.73232,47.50796],[6.73558,47.50623],[6.73738,47.50363],[6.74075,47.50247],[6.74277,47.49814],[6.74524,47.49577],[6.75318,47.4953],[6.75725,47.49917],[6.76041,47.50074],[6.76611,47.5023],[6.7653,47.50393],[6.75848,47.50404],[6.75772,47.51167]]]},"properties":{"code_insee":"25207","population":630,"superficie_cadastrale":320,"nom_officiel":"Dung","date_du_recensement":"2023-01-01Z","densite":196.9},"id":"commune.29283"},
{"type":"Feature","geometry":{"type":"Polygon","coordinates":[[[6.40988,47.40998],[6.40793,47.40755],[6.40482,47.40762],[6.40231,47.40371],[6.39713,47.40189],[6.39581,47.40054],[6.39503,47.39694],[6.39433,47.39053],[6.39618,47.38867],[6.39927,47.38786],[6.39894,47.38551],[6.40139,47.37781],[6.40119,47.3743],[6.40253,47.37347],[6.41008,47.37486],[6.41114,47.37399],[6.40561,47.37212],[6.40144,47.36984],[6.4012,47.36912],[6.40776,47.37048],[6.4131,47.37321],[6.41852,47.37666],[6.42657,47.37854],[6.43491,47.38094],[6.44249,47.38464],[6.44211,47.3884],[6.4429,47.3897],[6.44724,47.39193],[6.44361,47.39176],[6.44058,47.39336],[6.44057,47.39759],[6.43613,47.39903],[6.43716,47.40074],[6.433,47.40439],[6.43152,47.40436],[6.42682,47.40356],[6.4246,47.40566],[6.41544,47.40546],[6.40988,47.40998]]]},"properties":{"code_insee":"25629","population":193,"superficie_cadastrale":1010,"nom_officiel":"Voillans","date_du_recensement":"2023-01-01Z","densite":19.1},"id":"commune.29321"},
{"type":"Feature","geometry":{"type":"Polygon","coordinates":[[[6.37621,47.14693],[6.37138,47.14341],[6.36358,47.1433],[6.36543,47.1411],[6.35739,47.13653],[6.35711,47.13361],[6.35076,47.13135],[6.3514,47.12848],[6.34983,47.12639],[6.35132,47.12102],[6.35342,47.1185],[6.35581,47.11729],[6.36766,47.12146],[6.36902,47.11954],[6.37319,47.12142],[6.37498,47.12079],[6.37759,47.1222],[6.38204,47.12002],[6.39302,47.1209],[6.39659,47.11982],[6.39874,47.11798],[6.40327,47.1211],[6.40814,47.12378],[6.40933,47.12336],[6.4133,47.12545],[6.41172,47.12852],[6.41249,47.13124],[6.40918,47.13755],[6.4087,47.13989],[6.41259,47.14323],[6.40724,47.14683],[6.40872,47.14903],[6.40648,47.15081],[6.40925,47.15377],[6.40537,47.15678],[6.4043,47.15336],[6.39982,47.15284],[6.39916,47.15513],[6.39268,47.15335],[6.39188,47.15155],[6.38809,47.1519],[6.3812,47.1513],[6.37621,47.14693]]]},"properties":{"code_insee":"25219","population":649,"superficie_cadastrale":1320,"nom_officiel":"Épenoy","date_du_recensement":"2023-01-01Z","densite":49.2},"id":"commune.29667"},
{"type":"Feature","geometry":{"type":"Polygon","coordinates":[[[6.41038,47.4887],[6.42298,47.48328],[6.4228,47.48248],[6.42887,47.48123],[6.4307,47.48369],[6.43334,47.48244],[6.44079,47.4805],[6.44391,47.48052],[6.44144,47.48196],[6.43722,47.48774],[6.43867,47.49196],[6.43794,47.49335],[6.43454,47.49342],[6.43378,47.49831],[6.43279,47.49996],[6.42841,47.50187],[6.42612,47.50764],[6.42814,47.51215],[6.42416,47.5124],[6.42638,47.51614],[6.4284,47.51704],[6.42694,47.5181],[6.42276,47.51862],[6.41787,47.52114],[6.41485,47.51956],[6.41256,47.51337],[6.41275,47.50999],[6.41099,47.50878],[6.41134,47.50643],[6.41376,47.50417],[6.41675,47.50271],[6.41861,47.50046],[6.4149,47.4965],[6.41248,47.49486],[6.41349,47.49189],[6.41038,47.4887]]]},"properties":{"code_insee":"25182","population":104,"superficie_cadastrale":540,"nom_officiel":"Cubry","date_du_recensement":"2023-01-01Z","densite":19.3},"id":"commune.29768"},
{"type":"Feature","geometry":{"type":"Polygon","coordinates":[[[6.38502,47.32266],[6.39408,47.32361],[6.40043,47.32524],[6.40354,47.32646],[6.4076,47.33066],[6.41094,47.33232],[6.41107,47.33589],[6.41529,47.3393],[6.42117,47.34229],[6.42723,47.34474],[6.42882,47.3482],[6.43529,47.35109],[6.43211,47.3556],[6.42765,47.36286],[6.42032,47.35745],[6.41586,47.35579],[6.40794,47.35475],[6.40137,47.35475],[6.39642,47.35379],[6.39215,47.35158],[6.39052,47.34978],[6.38601,47.34782],[6.37955,47.34646],[6.37924,47.3451],[6.38346,47.34433],[6.38471,47.3423],[6.38405,47.33964],[6.3817,47.33854],[6.38481,47.3329],[6.38502,47.32266]]]},"properties":{"code_insee":"25626","population":225,"superficie_cadastrale":890,"nom_officiel":"Villers-Saint-Martin","date_du_recensement":"2023-01-01Z","densite":25.3},"id":"commune.29801"},
{"type":"Feature","geometry":{"type":"Polygon","coordinates":[[[6.62265,47.48956],[6.62114,47.48952],[6.62046,47.4854],[6.6181,47.48497],[6.61543,47.47916],[6.61517,47.47539],[6.6141,47.47287],[6.61686,47.4715],[6.6218,47.46557],[6.62388,47.46474],[6.6286,47.46301],[6.63359,47.46341],[6.63668,47.46456],[6.64023,47.46465],[6.64631,47.46571],[6.6572,47.47438],[6.66004,47.47847],[6.65442,47.48214],[6.65346,47.48377],[6.64925,47.487],[6.6472,47.48347],[6.64009,47.48205],[6.63332,47.48201],[6.62917,47.48298],[6.62157,47.48228],[6.62164,47.48575],[6.62265,47.48956]]]},"properties":{"code_insee":"25059","population":271,"superficie_cadastrale":580,"nom_officiel":"Beutal","date_du_recensement":"2023-01-01Z","densite":46.7},"id":"commune.29838"},
{"type":"Feature","geometry":{"type":"Polygon","coordinates":[[[6.51526,47.17899],[6.51747,47.18182],[6.51611,47.18537],[6.52051,47.1875],[6.52869,47.18702],[6.53345,47.18893],[6.533,47.19168],[6.5366,47.19353],[6.53212,47.19665],[6.52241,47.19966],[6.51915,47.20099],[6.50844,47.20789],[6.51094,47.21114],[6.50293,47.21614],[6.50274,47.213],[6.50455,47.21097],[6.50201,47.2074],[6.50219,47.20443],[6.49396,47.19413],[6.49218,47.19001],[6.49213,47.18596],[6.49329,47.18358],[6.4877,47.18019],[6.48903,47.1793],[6.49113,47.17743],[6.49824,47.17776],[6.4995,47.18038],[6.50269,47.17922],[6.50442,47.17513],[6.50657,47.17364],[6.50987,47.1754],[6.51031,47.17709],[6.51526,47.17899]]]},"properties":{"code_insee":"25550","population":238,"superficie_cadastrale":740,"nom_officiel":"La Sommette","date_du_recensement":"2022-01-01Z","densite":32.2},"id":"commune.29895"},
{"type":"Feature","geometry":{"type":"Polygon","coordinates":[[[5.74054,47.24701],[5.73926,47.24956],[5.73469,47.24806],[5.73229,47.2488],[5.73004,47.24549],[5.72821,47.24579],[5.72865,47.24928],[5.72584,47.24832],[5.72341,47.24527],[5.72572,47.24202],[5.72275,47.24008],[5.72373,47.23748],[5.7271,47.23622],[5.73562,47.23988],[5.73953,47.24202],[5.74075,47.24464],[5.74054,47.24701]]]},"properties":{"code_insee":"25414","population":132,"superficie_cadastrale":130,"nom_officiel":"Le Moutherot","date_du_recensement":"2022-01-01Z","densite":101.5},"id":"commune.30146"},
{"type":"Feature","geometry":{"type":"Polygon","coordinates":[[[6.67103,47.15476],[6.66819,47.15565],[6.66625,47.15424],[6.66279,47.15357],[6.65863,47.15147],[6.6553,47.14884],[6.65271,47.15019],[6.65473,47.1514],[6.64891,47.15611],[6.64539,47.15417],[6.64268,47.1537],[6.64334,47.15196],[6.63916,47.15076],[6.63766,47.15242],[6.63125,47.15229],[6.62775,47.14967],[6.62863,47.1483],[6.62975,47.14912],[6.63392,47.14731],[6.63609,47.14279],[6.63431,47.14024],[6.63643,47.13899],[6.63453,47.13735],[6.6382,47.1346],[6.64002,47.13175],[6.64374,47.1295],[6.64627,47.13144],[6.65244,47.13038],[6.65362,47.1335],[6.65686,47.1348],[6.66019,47.13718],[6.66347,47.14229],[6.66356,47.14413],[6.66847,47.15031],[6.67103,47.15476]]]},"properties":{"code_insee":"25077","population":91,"superficie_cadastrale":510,"nom_officiel":"La Bosse","date_du_recensement":"2023-01-01Z","densite":17.8},"id":"commune.30221"},
{"type":"Feature","geometry":{"type":"Polygon","coordinates":[[[6.98256,47.32897],[6.98521,47.326],[6.98731,47.32622],[6.99383,47.32501],[7.00513,47.3242],[7.00999,47.32453],[7.01624,47.32537],[7.02614,47.32616],[7.03075,47.32693],[7.03385,47.32831],[7.04329,47.32645],[7.04564,47.3265],[7.05696,47.3344],[7.05358,47.3349],[7.05293,47.33669],[7.05186,47.33799],[7.04898,47.33762],[7.04679,47.33514],[7.0437,47.33709],[7.04235,47.34209],[7.04022,47.34386],[7.03641,47.34198],[7.03314,47.3414],[7.02573,47.34091],[7.02416,47.33893],[7.02007,47.33893],[7.01727,47.33703],[7.01067,47.33615],[7.00434,47.33765],[7.00286,47.33675],[6.99265,47.33535],[6.99254,47.33418],[6.9859,47.3328],[6.985,47.32972],[6.98256,47.32897]]]},"properties":{"code_insee":"25102","population":48,"superficie_cadastrale":670,"nom_officiel":"Burnevillers","date_du_recensement":"2022-01-01Z","densite":7.2},"id":"commune.30303"},
{"type":"Feature","geometry":{"type":"Polygon","coordinates":[[[6.58146,47.52943],[6.57922,47.52462],[6.57981,47.51994],[6.58218,47.51574],[6.58389,47.51001],[6.58781,47.51203],[6.59116,47.51195],[6.59772,47.51374],[6.59894,47.51151],[6.60213,47.51208],[6.60083,47.51511],[6.60368,47.51528],[6.60969,47.5167],[6.61049,47.52167],[6.60967,47.52713],[6.60899,47.52904],[6.60488,47.52933],[6.60074,47.53057],[6.59159,47.53178],[6.58824,47.53137],[6.58146,47.52943]]]},"properties":{"code_insee":"25369","population":147,"superficie_cadastrale":420,"nom_officiel":"Marvelise","date_du_recensement":"2023-01-01Z","densite":35},"id":"commune.30305"},
{"type":"Feature","geometry":{"type":"Polygon","coordinates":[[[6.77301,47.49978],[6.77449,47.49527],[6.77783,47.49287],[6.78045,47.49356],[6.78593,47.49099],[6.78455,47.48999],[6.786,47.48803],[6.78548,47.48287],[6.78921,47.4824],[6.79636,47.486],[6.79746,47.48951],[6.79725,47.4928],[6.79209,47.49359],[6.78998,47.49695],[6.78893,47.50033],[6.78294,47.50005],[6.78197,47.507],[6.77963,47.5095],[6.77528,47.50705],[6.77605,47.50462],[6.77332,47.50206],[6.77301,47.49978]]]},"properties":{"code_insee":"25170","population":1370,"superficie_cadastrale":240,"nom_officiel":"Courcelles-lès-Montbéliard","date_du_recensement":"2023-01-01Z","densite":570.8},"id":"commune.30409"},
{"type":"Feature","geometry":{"type":"Polygon","coordinates":[[[6.6218,47.46557],[6.61686,47.4715],[6.6141,47.47287],[6.60569,47.47412],[6.60306,47.47605],[6.59636,47.47473],[6.59442,47.47339],[6.5867,47.47097],[6.58306,47.46856],[6.58266,47.46665],[6.58372,47.4646],[6.58376,47.46062],[6.58683,47.45875],[6.58838,47.4572],[6.59354,47.45647],[6.59616,47.45459],[6.5979,47.44888],[6.60426,47.44924],[6.60877,47.44998],[6.61284,47.4531],[6.61481,47.45651],[6.61971,47.46065],[6.6218,47.46557]]]},"properties":{"code_insee":"25372","population":281,"superficie_cadastrale":570,"nom_officiel":"Médière","date_du_recensement":"2023-01-01Z","densite":49.3},"id":"commune.30489"},
{"type":"Feature","geometry":{"type":"Polygon","coordinates":[[[6.29027,47.06448],[6.29156,47.06518],[6.29955,47.06538],[6.29977,47.06462],[6.28848,47.06101],[6.28699,47.05955],[6.28207,47.05753],[6.27896,47.05452],[6.27568,47.05302],[6.27991,47.04903],[6.27881,47.04816],[6.28504,47.04638],[6.29122,47.0463],[6.2925,47.04491],[6.29282,47.04197],[6.29574,47.04236],[6.29614,47.04016],[6.29153,47.0382],[6.29625,47.03669],[6.29816,47.03314],[6.3009,47.03431],[6.30321,47.03365],[6.30552,47.0373],[6.31611,47.04119],[6.3172,47.04286],[6.3233,47.04784],[6.33306,47.05248],[6.33628,47.0558],[6.33336,47.05823],[6.33929,47.06012],[6.34256,47.06209],[6.34558,47.06296],[6.34836,47.06485],[6.35731,47.06301],[6.36049,47.06297],[6.36128,47.06138],[6.36523,47.06731],[6.37171,47.06871],[6.37909,47.07212],[6.3899,47.07295],[6.39803,47.07672],[6.395,47.07831],[6.39366,47.08083],[6.40176,47.08253],[6.39917,47.09122],[6.40014,47.09849],[6.39791,47.10056],[6.40114,47.10306],[6.40932,47.10739],[6.40338,47.10895],[6.39817,47.10864],[6.39553,47.1145],[6.39628,47.11695],[6.39874,47.11798],[6.39659,47.11982],[6.39302,47.1209],[6.38204,47.12002],[6.37759,47.1222],[6.37498,47.12079],[6.37319,47.12142],[6.36902,47.11954],[6.36766,47.12146],[6.35581,47.11729],[6.35221,47.11235],[6.35056,47.11379],[6.34394,47.10912],[6.34054,47.10765],[6.3372,47.11142],[6.33315,47.11208],[6.33241,47.11416],[6.32798,47.11263],[6.3243,47.1124],[6.32277,47.115],[6.32036,47.11504],[6.31567,47.11322],[6.31885,47.10639],[6.31522,47.10154],[6.31746,47.09885],[6.3143,47.09721],[6.31145,47.09706],[6.3094,47.09877],[6.30554,47.09722],[6.30309,47.09534],[6.29424,47.09074],[6.28634,47.08561],[6.27885,47.08237],[6.28131,47.07713],[6.2804,47.07529],[6.28216,47.07335],[6.27736,47.07258],[6.27626,47.0704],[6.27661,47.06696],[6.28337,47.06838],[6.28657,47.06817],[6.2884,47.06522],[6.29027,47.06448]]]},"properties":{"code_insee":"25424","population":1587,"superficie_cadastrale":5220,"nom_officiel":"Les Premiers Sapins","date_du_recensement":"2023-01-01Z","densite":30.4},"id":"commune.30665"},
{"type":"Feature","geometry":{"type":"Polygon","coordinates":[[[6.90498,47.26634],[6.90335,47.26472],[6.89686,47.26541],[6.8955,47.26262],[6.89339,47.26173],[6.8912,47.26297],[6.88563,47.25985],[6.88556,47.25681],[6.89191,47.25565],[6.89199,47.25372],[6.90155,47.25105],[6.90619,47.2492],[6.91094,47.25192],[6.9097,47.25361],[6.91467,47.25574],[6.91276,47.25715],[6.91696,47.25949],[6.91929,47.26164],[6.91841,47.26324],[6.91988,47.26495],[6.91874,47.26573],[6.92265,47.26823],[6.9187,47.26911],[6.91634,47.26743],[6.91076,47.26892],[6.91014,47.26711],[6.90498,47.26634]]]},"properties":{"code_insee":"25049","population":127,"superficie_cadastrale":320,"nom_officiel":"Belfays","date_du_recensement":"2023-01-01Z","densite":39.7},"id":"commune.30789"},
{"type":"Feature","geometry":{"type":"Polygon","coordinates":[[[6.35607,47.43026],[6.35378,47.43234],[6.35535,47.43468],[6.35421,47.43748],[6.35747,47.44338],[6.35751,47.44478],[6.35525,47.44567],[6.35335,47.44429],[6.35077,47.44438],[6.35087,47.44095],[6.34556,47.44441],[6.34221,47.44252],[6.33918,47.44283],[6.33757,47.44092],[6.33799,47.43775],[6.33694,47.4357],[6.33414,47.43509],[6.3323,47.43133],[6.3338,47.42876],[6.32639,47.42199],[6.32656,47.42072],[6.32615,47.41856],[6.33047,47.41708],[6.33291,47.41725],[6.33366,47.41481],[6.33511,47.41795],[6.33908,47.42194],[6.34173,47.42204],[6.34351,47.42623],[6.34721,47.43009],[6.3517,47.42897],[6.35607,47.43026]]]},"properties":{"code_insee":"25310","population":101,"superficie_cadastrale":340,"nom_officiel":"Huanne-Montmartin","date_du_recensement":"2023-01-01Z","densite":29.7},"id":"commune.30802"},
{"type":"Feature","geometry":{"type":"Polygon","coordinates":[[[6.1848,47.34114],[6.18268,47.33997],[6.17664,47.33934],[6.1673,47.33898],[6.16239,47.33695],[6.16293,47.33468],[6.15718,47.33137],[6.15681,47.32924],[6.15322,47.3284],[6.15237,47.3232],[6.15061,47.32183],[6.1504,47.31831],[6.15336,47.31845],[6.16447,47.31772],[6.17778,47.31737],[6.17649,47.31909],[6.17911,47.3208],[6.17952,47.32656],[6.18069,47.32907],[6.18468,47.32986],[6.18283,47.33305],[6.18298,47.33696],[6.1848,47.34114]]]},"properties":{"code_insee":"25132","population":141,"superficie_cadastrale":440,"nom_officiel":"Châtillon-Guyotte","date_du_recensement":"2022-01-01Z","densite":32},"id":"commune.30825"},
{"type":"Feature","geometry":{"type":"Polygon","coordinates":[[[6.57728,47.04431],[6.57491,47.04281],[6.57689,47.04088],[6.57191,47.04],[6.56682,47.03721],[6.56776,47.03525],[6.55959,47.03364],[6.55646,47.03205],[6.55085,47.0333],[6.54627,47.03335],[6.54188,47.02985],[6.53949,47.02924],[6.53533,47.03127],[6.53292,47.03099],[6.52635,47.02832],[6.51838,47.02759],[6.51809,47.02662],[6.52097,47.02521],[6.52017,47.02124],[6.52464,47.01785],[6.52444,47.01418],[6.52156,47.01239],[6.52014,47.01031],[6.5242,47.0071],[6.51704,47.00488],[6.51247,47.0019],[6.51674,47.0002],[6.51847,46.99767],[6.51135,46.99257],[6.5132,46.99101],[6.51218,46.98852],[6.514,46.99002],[6.52501,46.99634],[6.53139,46.99971],[6.53688,47.0038],[6.53836,47.00593],[6.54398,47.00965],[6.54927,47.01031],[6.5542,47.01309],[6.55603,47.01184],[6.55666,47.00665],[6.5541,47.00331],[6.55616,47.00088],[6.56013,47.00111],[6.56481,46.99836],[6.5695,46.99881],[6.57566,46.99709],[6.57237,46.9892],[6.57868,46.99063],[6.5825,46.98985],[6.5843,46.98754],[6.59285,46.99145],[6.59619,46.99239],[6.59342,46.99935],[6.58971,47.00372],[6.58522,47.00672],[6.58605,47.01038],[6.58919,47.01249],[6.59086,47.0174],[6.58954,47.01885],[6.58906,47.02215],[6.59492,47.03205],[6.59435,47.03569],[6.58805,47.04011],[6.58742,47.0442],[6.58406,47.04219],[6.58004,47.04191],[6.57728,47.04431]]]},"properties":{"code_insee":"25285","population":1491,"superficie_cadastrale":2150,"nom_officiel":"Grand'Combe-Châteleu","date_du_recensement":"2023-01-01Z","densite":69.3},"id":"commune.30849"},
{"type":"Feature","geometry":{"type":"Polygon","coordinates":[[[6.6852,47.56347],[6.6856,47.56607],[6.68916,47.5708],[6.68211,47.57226],[6.67444,47.57233],[6.67128,47.57343],[6.66811,47.57224],[6.6598,47.5741],[6.66384,47.57694],[6.66033,47.57969],[6.65536,47.57717],[6.65203,47.57246],[6.65671,47.56992],[6.66157,47.56661],[6.66361,47.56289],[6.66629,47.56197],[6.67028,47.55802],[6.67724,47.55548],[6.68146,47.55703],[6.6852,47.56347]]]},"properties":{"code_insee":"25608","population":179,"superficie_cadastrale":330,"nom_officiel":"Le Vernoy","date_du_recensement":"2023-01-01Z","densite":54.2},"id":"commune.30884"},
{"type":"Feature","geometry":{"type":"Polygon","coordinates":[[[6.5284,47.28339],[6.52532,47.28155],[6.52199,47.28156],[6.5225,47.28368],[6.51903,47.28331],[6.51303,47.281],[6.50464,47.27988],[6.5028,47.27894],[6.49869,47.28327],[6.49499,47.28401],[6.49467,47.28519],[6.48925,47.2842],[6.47556,47.27941],[6.46974,47.27752],[6.46012,47.27555],[6.45322,47.27347],[6.44847,47.2728],[6.44767,47.27138],[6.45367,47.2697],[6.45964,47.27021],[6.4707,47.26943],[6.48166,47.26908],[6.49601,47.27344],[6.50235,47.27499],[6.50789,47.27458],[6.51095,47.27346],[6.51479,47.27518],[6.51833,47.27524],[6.51979,47.2769],[6.52673,47.2767],[6.52749,47.28262],[6.5284,47.28339]]]},"properties":{"code_insee":"25441","population":68,"superficie_cadastrale":520,"nom_officiel":"Ouvans","date_du_recensement":"2022-01-01Z","densite":13.1},"id":"commune.30893"},
{"type":"Feature","geometry":{"type":"Polygon","coordinates":[[[6.22853,47.33784],[6.22856,47.3357],[6.22316,47.33439],[6.22245,47.33326],[6.2224,47.32726],[6.22934,47.32631],[6.23318,47.32508],[6.24266,47.32444],[6.24711,47.32491],[6.24927,47.32712],[6.247,47.32661],[6.2434,47.32837],[6.24069,47.33063],[6.23734,47.33022],[6.23321,47.33194],[6.23279,47.3344],[6.22853,47.33784]]]},"properties":{"code_insee":"25599","population":248,"superficie_cadastrale":140,"nom_officiel":"Vennans","date_du_recensement":"2023-01-01Z","densite":177.1},"id":"commune.30894"},
{"type":"Feature","geometry":{"type":"Polygon","coordinates":[[[6.5979,47.44888],[6.59616,47.45459],[6.59354,47.45647],[6.58838,47.4572],[6.58683,47.45875],[6.57726,47.45273],[6.57383,47.44667],[6.57496,47.44522],[6.57256,47.44281],[6.57552,47.43907],[6.57248,47.43837],[6.57488,47.43731],[6.57811,47.43056],[6.57592,47.42852],[6.5804,47.42622],[6.58479,47.42108],[6.58476,47.41863],[6.58308,47.41764],[6.58305,47.40897],[6.58246,47.40598],[6.58052,47.40128],[6.57619,47.39712],[6.58193,47.393],[6.58441,47.39054],[6.59366,47.38956],[6.59694,47.39018],[6.60009,47.39843],[6.60083,47.40256],[6.59935,47.40524],[6.60146,47.40621],[6.61017,47.41241],[6.61058,47.41691],[6.60842,47.41767],[6.60546,47.41536],[6.60306,47.41502],[6.6006,47.41633],[6.59883,47.41465],[6.59627,47.41595],[6.59509,47.41928],[6.59591,47.42201],[6.59036,47.42813],[6.58989,47.43179],[6.59747,47.43358],[6.59651,47.43547],[6.59971,47.43608],[6.59782,47.44423],[6.5979,47.44888]]]},"properties":{"code_insee":"25315","population":2780,"superficie_cadastrale":1070,"nom_officiel":"L'Isle-sur-le-Doubs","date_du_recensement":"2023-01-01Z","densite":259.8},"id":"commune.31032"},
{"type":"Feature","geometry":{"type":"Polygon","coordinates":[[[6.67611,47.43363],[6.67411,47.4356],[6.67353,47.43904],[6.67008,47.43913],[6.67164,47.44204],[6.6648,47.44288],[6.66384,47.44513],[6.6636,47.45182],[6.65576,47.45173],[6.64235,47.44922],[6.62723,47.4487],[6.62215,47.44687],[6.62048,47.44387],[6.62174,47.44235],[6.6262,47.43973],[6.6299,47.43387],[6.62979,47.43169],[6.62809,47.42975],[6.62421,47.42756],[6.62346,47.42542],[6.62132,47.42351],[6.62393,47.42172],[6.62617,47.41824],[6.63294,47.41511],[6.63699,47.41745],[6.64061,47.4183],[6.6415,47.42132],[6.64439,47.42356],[6.64943,47.42104],[6.65461,47.41953],[6.65491,47.41634],[6.65814,47.41061],[6.65906,47.40756],[6.66137,47.40749],[6.67207,47.40973],[6.67306,47.41405],[6.67269,47.41962],[6.67511,47.42282],[6.67363,47.42569],[6.67424,47.42994],[6.67638,47.43234],[6.67611,47.43363]]]},"properties":{"code_insee":"25524","population":875,"superficie_cadastrale":1330,"nom_officiel":"Saint-Maurice-Colombier","date_du_recensement":"2023-01-01Z","densite":65.8},"id":"commune.31146"},
{"type":"Feature","geometry":{"type":"Polygon","coordinates":[[[6.10881,47.26682],[6.10228,47.26875],[6.0987,47.26914],[6.09927,47.27109],[6.09579,47.27134],[6.09264,47.27478],[6.08975,47.27448],[6.09006,47.27231],[6.08738,47.27087],[6.08005,47.27003],[6.0755,47.26671],[6.0713,47.2637],[6.07072,47.26115],[6.0744,47.26132],[6.07903,47.26022],[6.08221,47.25865],[6.0824,47.25699],[6.07939,47.25329],[6.0756,47.25198],[6.0739,47.25057],[6.07647,47.24983],[6.07922,47.25085],[6.08315,47.25056],[6.08757,47.25198],[6.09704,47.25336],[6.10815,47.25415],[6.11228,47.25405],[6.11594,47.25535],[6.11691,47.25435],[6.12106,47.25773],[6.12342,47.25851],[6.12022,47.2617],[6.11502,47.26304],[6.11136,47.26294],[6.10881,47.26682]]]},"properties":{"code_insee":"25111","population":366,"superficie_cadastrale":570,"nom_officiel":"Chalèze","date_du_recensement":"2023-01-01Z","densite":64.2},"id":"commune.31190"},
{"type":"Feature","geometry":{"type":"Polygon","coordinates":[[[5.81812,47.20834],[5.82126,47.21015],[5.82527,47.21142],[5.83128,47.21866],[5.83325,47.22],[5.83919,47.22092],[5.84273,47.22036],[5.83879,47.22452],[5.8413,47.22649],[5.84278,47.23094],[5.84243,47.2333],[5.84475,47.23629],[5.84696,47.23783],[5.84595,47.24147],[5.8417,47.24099],[5.83573,47.24148],[5.83121,47.24022],[5.83001,47.23805],[5.82728,47.23874],[5.82534,47.23591],[5.82286,47.23663],[5.82132,47.23515],[5.81445,47.23505],[5.81381,47.23334],[5.81645,47.23214],[5.81697,47.22907],[5.81831,47.22821],[5.81688,47.22571],[5.81337,47.22185],[5.81164,47.22408],[5.80957,47.22139],[5.8112,47.22102],[5.81274,47.21826],[5.81546,47.21614],[5.81812,47.20834]]]},"properties":{"code_insee":"25164","population":148,"superficie_cadastrale":540,"nom_officiel":"Corcondray","date_du_recensement":"2023-01-01Z","densite":27.4},"id":"commune.31208"},
{"type":"Feature","geometry":{"type":"Polygon","coordinates":[[[6.88007,47.46831],[6.88226,47.46417],[6.88184,47.46131],[6.88363,47.45908],[6.88535,47.45349],[6.88807,47.45101],[6.89273,47.45007],[6.89512,47.45092],[6.90483,47.44635],[6.90825,47.44662],[6.91981,47.44732],[6.92866,47.44571],[6.93504,47.4472],[6.93431,47.45087],[6.93248,47.4526],[6.93251,47.45585],[6.93075,47.45836],[6.92507,47.46039],[6.9245,47.46208],[6.922,47.46249],[6.92239,47.46626],[6.92059,47.46855],[6.91369,47.46935],[6.91244,47.47111],[6.90744,47.47293],[6.90436,47.47372],[6.89547,47.47183],[6.889,47.47123],[6.88843,47.47001],[6.88336,47.4698],[6.88322,47.4679],[6.88007,47.46831]]]},"properties":{"code_insee":"25586","population":788,"superficie_cadastrale":860,"nom_officiel":"Vandoncourt","date_du_recensement":"2023-01-01Z","densite":91.6},"id":"commune.31296"},
{"type":"Feature","geometry":{"type":"Polygon","coordinates":[[[6.25777,47.36953],[6.25783,47.36493],[6.25868,47.35829],[6.25686,47.35645],[6.25789,47.35456],[6.25813,47.35083],[6.26099,47.35125],[6.2627,47.3529],[6.27085,47.35402],[6.27729,47.3531],[6.27831,47.35353],[6.28158,47.36006],[6.28159,47.36276],[6.2793,47.36608],[6.27722,47.36778],[6.27584,47.36865],[6.27054,47.36805],[6.26872,47.36937],[6.26384,47.37033],[6.25777,47.36953]]]},"properties":{"code_insee":"25579","population":190,"superficie_cadastrale":300,"nom_officiel":"Val-de-Roulans","date_du_recensement":"2023-01-01Z","densite":63.3},"id":"commune.31322"},
{"type":"Feature","geometry":{"type":"Polygon","coordinates":[[[6.32288,47.34282],[6.32674,47.34305],[6.33692,47.34091],[6.33918,47.34073],[6.3446,47.33827],[6.34659,47.33553],[6.34341,47.33295],[6.34343,47.33188],[6.34777,47.32861],[6.34953,47.32653],[6.35104,47.32728],[6.35903,47.32867],[6.35919,47.32993],[6.36446,47.33303],[6.36613,47.3368],[6.37136,47.33725],[6.37872,47.3391],[6.3817,47.33854],[6.38405,47.33964],[6.38471,47.3423],[6.38346,47.34433],[6.37924,47.3451],[6.37955,47.34646],[6.38601,47.34782],[6.39052,47.34978],[6.39215,47.35158],[6.39642,47.35379],[6.40137,47.35475],[6.40794,47.35475],[6.40753,47.3568],[6.3996,47.35809],[6.39611,47.35792],[6.3898,47.3613],[6.39369,47.36311],[6.39561,47.36635],[6.39796,47.36834],[6.4012,47.36912],[6.40144,47.36984],[6.39751,47.36987],[6.39019,47.36829],[6.38101,47.36754],[6.37811,47.36815],[6.37666,47.36978],[6.36991,47.37035],[6.36289,47.37028],[6.36131,47.36854],[6.35481,47.37001],[6.349,47.36851],[6.34499,47.36667],[6.34196,47.36867],[6.33859,47.36899],[6.3329,47.36713],[6.33017,47.36885],[6.32877,47.36843],[6.32508,47.36445],[6.32227,47.36361],[6.31945,47.3644],[6.31691,47.36161],[6.31289,47.36274],[6.30977,47.36559],[6.30895,47.36873],[6.30187,47.37035],[6.29603,47.3704],[6.29202,47.37196],[6.28893,47.3702],[6.27722,47.36778],[6.2793,47.36608],[6.28159,47.36276],[6.28158,47.36006],[6.27831,47.35353],[6.27729,47.3531],[6.27834,47.35033],[6.28582,47.34547],[6.28605,47.34397],[6.28959,47.34369],[6.29283,47.34613],[6.30157,47.35414],[6.30235,47.35676],[6.30501,47.35817],[6.30898,47.35698],[6.31303,47.3549],[6.31382,47.35143],[6.31554,47.3507],[6.31689,47.3463],[6.31942,47.34658],[6.32112,47.34445],[6.32288,47.34282]]]},"properties":{"code_insee":"25047","population":5155,"superficie_cadastrale":2480,"nom_officiel":"Baume-les-Dames","date_du_recensement":"2023-01-01Z","densite":207.9},"id":"commune.31340"},
{"type":"Feature","geometry":{"type":"Polygon","coordinates":[[[5.93517,47.14164],[5.93599,47.14157],[5.93928,47.14691],[5.94295,47.14592],[5.94716,47.14273],[5.94707,47.13999],[5.94846,47.13753],[5.95569,47.13742],[5.95918,47.13685],[5.96236,47.13546],[5.96482,47.13302],[5.96804,47.13128],[5.96879,47.12521],[5.96805,47.12256],[5.96596,47.12083],[5.96004,47.11839],[5.95923,47.11752],[5.96128,47.11424],[5.96221,47.11187],[5.95907,47.10848],[5.95824,47.10628],[5.95906,47.10451],[5.96264,47.10277],[5.96455,47.10282],[5.97006,47.10523],[5.97364,47.10556],[5.97702,47.10419],[5.9784,47.10512],[5.97923,47.11069],[5.98156,47.11518],[5.9811,47.11788],[5.9837,47.12143],[5.98486,47.12128],[5.99048,47.12673],[5.99191,47.13112],[5.99475,47.13222],[5.9953,47.13507],[5.99826,47.13737],[5.9985,47.1389],[6.00791,47.14714],[6.00963,47.15006],[6.00805,47.15202],[6.0078,47.15522],[6.00479,47.15464],[5.99979,47.1547],[5.9991,47.15635],[5.99625,47.15612],[5.99304,47.15766],[5.98877,47.15791],[5.98516,47.15904],[5.98234,47.16089],[5.98064,47.15892],[5.97835,47.15871],[5.97263,47.15809],[5.97112,47.15871],[5.96909,47.15861],[5.96493,47.15671],[5.96135,47.15654],[5.95252,47.15943],[5.94792,47.15651],[5.94071,47.15078],[5.93648,47.14543],[5.93517,47.14164]]]},"properties":{"code_insee":"25149","population":491,"superficie_cadastrale":1660,"nom_officiel":"Chenecey-Buillon","date_du_recensement":"2023-01-01Z","densite":29.6},"id":"commune.31484"},
{"type":"Feature","geometry":{"type":"Polygon","coordinates":[[[5.84516,47.30109],[5.84407,47.30006],[5.8377,47.30024],[5.82702,47.29805],[5.82462,47.29698],[5.81926,47.2964],[5.81468,47.29494],[5.82231,47.29091],[5.82705,47.28987],[5.83387,47.28996],[5.8364,47.28803],[5.83772,47.29037],[5.8432,47.29172],[5.84654,47.29074],[5.84875,47.28816],[5.84871,47.28461],[5.85202,47.28035],[5.85477,47.28199],[5.85778,47.2825],[5.86626,47.28733],[5.86501,47.29023],[5.86892,47.29374],[5.86801,47.29698],[5.85941,47.29833],[5.85524,47.29734],[5.85351,47.30264],[5.84902,47.30362],[5.84516,47.30109]]]},"properties":{"code_insee":"25150","population":296,"superficie_cadastrale":460,"nom_officiel":"Chevigney-sur-l'Ognon","date_du_recensement":"2023-01-01Z","densite":64.3},"id":"commune.31550"},
{"type":"Feature","geometry":{"type":"Polygon","coordinates":[[[6.2931,47.33424],[6.2887,47.33315],[6.2837,47.33468],[6.27822,47.33231],[6.2769,47.33422],[6.27205,47.33239],[6.26731,47.3298],[6.26996,47.32424],[6.26767,47.32349],[6.26408,47.3201],[6.26218,47.31692],[6.25726,47.31569],[6.25342,47.31289],[6.25367,47.31005],[6.25424,47.30932],[6.24597,47.30806],[6.2376,47.30574],[6.24136,47.30344],[6.24413,47.30388],[6.24531,47.30205],[6.25106,47.30382],[6.25209,47.30317],[6.25719,47.3056],[6.26367,47.30685],[6.26547,47.30847],[6.27541,47.31187],[6.27648,47.31357],[6.27959,47.31528],[6.28484,47.31586],[6.29055,47.3182],[6.29673,47.32],[6.30386,47.32262],[6.30255,47.32545],[6.30293,47.32918],[6.29869,47.32989],[6.29362,47.3293],[6.2931,47.33424]]]},"properties":{"code_insee":"25439","population":252,"superficie_cadastrale":660,"nom_officiel":"Ougney-Douvot","date_du_recensement":"2023-01-01Z","densite":38.2},"id":"commune.31560"},
{"type":"Feature","geometry":{"type":"Polygon","coordinates":[[[6.13786,47.17208],[6.13489,47.16847],[6.13515,47.1664],[6.13837,47.16452],[6.14181,47.1615],[6.14777,47.15929],[6.15674,47.15453],[6.16325,47.15179],[6.16866,47.15115],[6.17067,47.15175],[6.17533,47.15086],[6.17677,47.15159],[6.18359,47.1499],[6.18252,47.15176],[6.18944,47.1561],[6.19087,47.15911],[6.19334,47.16083],[6.20176,47.16837],[6.20271,47.16994],[6.19883,47.17633],[6.19617,47.17807],[6.1967,47.18104],[6.1885,47.18526],[6.18291,47.18514],[6.17656,47.18785],[6.1753,47.18871],[6.17131,47.18869],[6.15895,47.18482],[6.15521,47.18298],[6.14888,47.18494],[6.14474,47.18102],[6.14221,47.17607],[6.13786,47.17208]]]},"properties":{"code_insee":"25569","population":565,"superficie_cadastrale":1450,"nom_officiel":"Trépot","date_du_recensement":"2023-01-01Z","densite":39},"id":"commune.31604"},
{"type":"Feature","geometry":{"type":"Polygon","coordinates":[[[5.8499,47.24315],[5.8523,47.24742],[5.85201,47.24842],[5.84824,47.24877],[5.84364,47.25027],[5.83677,47.25331],[5.83386,47.2562],[5.83185,47.25621],[5.82918,47.2579],[5.82548,47.25708],[5.8226,47.2573],[5.82097,47.25613],[5.81609,47.25664],[5.81335,47.25537],[5.81103,47.25077],[5.80749,47.24981],[5.80523,47.24792],[5.80183,47.24965],[5.79523,47.24706],[5.79219,47.24359],[5.78794,47.24164],[5.79266,47.23905],[5.79497,47.23634],[5.78819,47.23489],[5.7869,47.23273],[5.78915,47.23169],[5.79278,47.23171],[5.80249,47.23399],[5.80575,47.23298],[5.80663,47.23482],[5.81257,47.2338],[5.81445,47.23505],[5.82132,47.23515],[5.82286,47.23663],[5.82534,47.23591],[5.82728,47.23874],[5.83001,47.23805],[5.83121,47.24022],[5.83573,47.24148],[5.8417,47.24099],[5.84595,47.24147],[5.8499,47.24315]]]},"properties":{"code_insee":"25332","population":589,"superficie_cadastrale":770,"nom_officiel":"Lavernay","date_du_recensement":"2023-01-01Z","densite":76.5},"id":"commune.31748"},
{"type":"Feature","geometry":{"type":"Polygon","coordinates":[[[6.78935,47.28067],[6.78699,47.28176],[6.78629,47.28409],[6.78752,47.28736],[6.78252,47.28733],[6.78144,47.28473],[6.78271,47.28242],[6.77837,47.27996],[6.77162,47.27764],[6.77262,47.27247],[6.77727,47.27331],[6.77758,47.27206],[6.78115,47.27188],[6.78136,47.27054],[6.78534,47.2709],[6.7877,47.26799],[6.79325,47.26899],[6.79431,47.26609],[6.79635,47.26391],[6.80374,47.26255],[6.80844,47.26071],[6.81381,47.26364],[6.81726,47.26658],[6.82813,47.27106],[6.8318,47.27467],[6.82838,47.27572],[6.82627,47.27801],[6.8248,47.27997],[6.81761,47.28167],[6.81385,47.28112],[6.81293,47.28322],[6.81073,47.28489],[6.81044,47.28666],[6.80872,47.28724],[6.8026,47.28557],[6.80062,47.28661],[6.79675,47.28678],[6.79493,47.28461],[6.78935,47.28067]]]},"properties":{"code_insee":"25091","population":494,"superficie_cadastrale":740,"nom_officiel":"Les Bréseux","date_du_recensement":"2023-01-01Z","densite":66.8},"id":"commune.31818"},
{"type":"Feature","geometry":{"type":"Polygon","coordinates":[[[5.88109,47.29623],[5.88574,47.29529],[5.88704,47.29385],[5.89047,47.29299],[5.88879,47.29635],[5.8899,47.29696],[5.89803,47.29229],[5.90324,47.28981],[5.91216,47.29027],[5.91473,47.29164],[5.91858,47.29021],[5.92186,47.29405],[5.92443,47.29649],[5.92472,47.30124],[5.92639,47.30529],[5.92713,47.31056],[5.92272,47.3127],[5.91696,47.31345],[5.90615,47.30988],[5.90407,47.31153],[5.90445,47.31342],[5.90229,47.31527],[5.89849,47.31098],[5.89661,47.31031],[5.89314,47.31087],[5.89448,47.31438],[5.89118,47.3146],[5.88819,47.3169],[5.88925,47.31885],[5.88684,47.32057],[5.8826,47.32167],[5.8844,47.32015],[5.8786,47.31798],[5.88329,47.30881],[5.88028,47.30769],[5.87973,47.30631],[5.8823,47.3038],[5.87809,47.3013],[5.88201,47.29829],[5.88109,47.29623]]]},"properties":{"code_insee":"25383","population":308,"superficie_cadastrale":790,"nom_officiel":"Moncley","date_du_recensement":"2023-01-01Z","densite":39},"id":"commune.31841"},
{"type":"Feature","geometry":{"type":"Polygon","coordinates":[[[6.71021,47.35947],[6.71793,47.3587],[6.72539,47.36007],[6.73134,47.36105],[6.7392,47.36417],[6.74431,47.36658],[6.74822,47.37012],[6.74312,47.37064],[6.74684,47.37775],[6.73581,47.38664],[6.73356,47.39048],[6.73931,47.39197],[6.73834,47.40106],[6.73063,47.39977],[6.72884,47.39756],[6.72845,47.39158],[6.72469,47.39129],[6.72334,47.39015],[6.72689,47.38704],[6.73317,47.38765],[6.72384,47.38105],[6.72109,47.37595],[6.71777,47.37571],[6.72121,47.36945],[6.71719,47.36676],[6.70874,47.36256],[6.71021,47.35947]]]},"properties":{"code_insee":"25422","population":164,"superficie_cadastrale":620,"nom_officiel":"Neuchâtel-Urtière","date_du_recensement":"2023-01-01Z","densite":26.5},"id":"commune.31849"},
{"type":"Feature","geometry":{"type":"Polygon","coordinates":[[[6.60969,47.16622],[6.60344,47.16669],[6.60097,47.17022],[6.59463,47.15694],[6.59254,47.15734],[6.58927,47.15601],[6.58903,47.15243],[6.58555,47.14887],[6.58599,47.14654],[6.59149,47.14253],[6.59581,47.14584],[6.60164,47.14305],[6.60506,47.14328],[6.60806,47.14492],[6.61283,47.14344],[6.62184,47.14904],[6.621,47.15004],[6.61812,47.15086],[6.61567,47.14944],[6.61202,47.15824],[6.61293,47.16141],[6.61131,47.16178],[6.60969,47.16622]]]},"properties":{"code_insee":"25161","population":23,"superficie_cadastrale":430,"nom_officiel":"Consolation-Maisonnettes","date_du_recensement":"2023-01-01Z","densite":5.3},"id":"commune.31885"},
{"type":"Feature","geometry":{"type":"Polygon","coordinates":[[[5.87563,47.25403],[5.88334,47.25285],[5.88781,47.24887],[5.88995,47.24738],[5.89789,47.24404],[5.89992,47.24581],[5.90523,47.25145],[5.90746,47.25556],[5.90696,47.25923],[5.90295,47.26008],[5.89205,47.26081],[5.89125,47.26213],[5.89245,47.266],[5.8913,47.26633],[5.88602,47.26231],[5.88201,47.26074],[5.87651,47.25742],[5.87563,47.25403]]]},"properties":{"code_insee":"25115","population":269,"superficie_cadastrale":300,"nom_officiel":"Champagney","date_du_recensement":"2023-01-01Z","densite":89.7},"id":"commune.31915"},
{"type":"Feature","geometry":{"type":"Polygon","coordinates":[[[5.9634,47.03592],[5.9562,47.03429],[5.94853,47.03509],[5.94281,47.03502],[5.93888,47.03656],[5.93533,47.03346],[5.93357,47.03043],[5.93105,47.02846],[5.93076,47.02638],[5.92706,47.02502],[5.92443,47.02155],[5.92179,47.01447],[5.91593,47.00521],[5.91609,47.00102],[5.91518,46.99405],[5.91304,46.98944],[5.91487,46.98746],[5.9202,46.98655],[5.92155,46.98529],[5.92019,46.98333],[5.92019,46.98071],[5.92354,46.9786],[5.92566,46.97989],[5.92687,46.9836],[5.92889,46.98166],[5.93346,46.98404],[5.9402,46.98236],[5.94099,46.9864],[5.94521,46.98884],[5.94234,46.99158],[5.94365,46.99337],[5.95521,46.9982],[5.95944,47.00457],[5.96075,47.00565],[5.96233,47.01339],[5.96088,47.01442],[5.96315,47.02066],[5.96698,47.02818],[5.96411,47.0317],[5.96384,47.03526],[5.9634,47.03592]]]},"properties":{"code_insee":"25416","population":182,"superficie_cadastrale":1610,"nom_officiel":"Myon","date_du_recensement":"2023-01-01Z","densite":11.3},"id":"commune.31995"},
{"type":"Feature","geometry":{"type":"Polygon","coordinates":[[[6.48038,47.47197],[6.47828,47.47322],[6.47819,47.47542],[6.47455,47.47568],[6.47132,47.47577],[6.46754,47.47493],[6.4624,47.47505],[6.45664,47.47434],[6.44537,47.47823],[6.44391,47.48052],[6.44079,47.4805],[6.43334,47.48244],[6.4307,47.48369],[6.42887,47.48123],[6.4228,47.48248],[6.42223,47.47675],[6.42048,47.47552],[6.42035,47.47336],[6.41765,47.47244],[6.41726,47.46949],[6.41399,47.46455],[6.41364,47.46293],[6.42116,47.45881],[6.42434,47.45092],[6.42467,47.44625],[6.42921,47.44573],[6.43232,47.44738],[6.4389,47.44749],[6.43947,47.45015],[6.44829,47.45042],[6.45594,47.4583],[6.45653,47.46073],[6.46376,47.45988],[6.46693,47.45614],[6.47308,47.45876],[6.47066,47.46051],[6.46936,47.46286],[6.47157,47.46334],[6.47058,47.46676],[6.47431,47.46829],[6.47518,47.46696],[6.47884,47.46726],[6.48038,47.47197]]]},"properties":{"code_insee":"25574","population":194,"superficie_cadastrale":1180,"nom_officiel":"Uzelle","date_du_recensement":"2023-01-01Z","densite":16.4},"id":"commune.32025"},
{"type":"Feature","geometry":{"type":"Polygon","coordinates":[[[5.93332,47.21098],[5.93312,47.21099],[5.9321,47.20988],[5.92811,47.20922],[5.92272,47.20438],[5.91203,47.20044],[5.90954,47.19911],[5.90746,47.19661],[5.9141,47.19509],[5.90729,47.19158],[5.90234,47.19117],[5.90037,47.18883],[5.8939,47.18483],[5.90447,47.17817],[5.90675,47.17301],[5.90995,47.17124],[5.92161,47.1711],[5.93119,47.17215],[5.9303,47.17411],[5.93549,47.17584],[5.94223,47.17871],[5.93606,47.18432],[5.93504,47.18602],[5.92694,47.18869],[5.92759,47.19233],[5.92986,47.19651],[5.9269,47.19843],[5.93025,47.20711],[5.93332,47.21098]]]},"properties":{"code_insee":"25397","population":2180,"superficie_cadastrale":750,"nom_officiel":"Montferrand-le-Château","date_du_recensement":"2023-01-01Z","densite":290.7},"id":"commune.32143"},
{"type":"Feature","geometry":{"type":"Polygon","coordinates":[[[6.18493,46.92639],[6.19828,46.92273],[6.20854,46.91779],[6.21346,46.91728],[6.2198,46.91329],[6.22524,46.91184],[6.2286,46.90806],[6.23103,46.90632],[6.23354,46.90265],[6.23473,46.90232],[6.23603,46.89642],[6.23358,46.89372],[6.23473,46.89204],[6.23216,46.8908],[6.23293,46.88855],[6.22911,46.88711],[6.22706,46.88485],[6.22573,46.88156],[6.22708,46.88042],[6.23456,46.87879],[6.24321,46.87176],[6.24577,46.87229],[6.25306,46.87337],[6.25357,46.87965],[6.2584,46.88389],[6.26244,46.88199],[6.26576,46.88302],[6.27014,46.88625],[6.26881,46.88782],[6.27007,46.89069],[6.27121,46.89227],[6.26463,46.8961],[6.25357,46.90433],[6.24703,46.91041],[6.23403,46.9161],[6.23108,46.9169],[6.21755,46.92217],[6.21308,46.92536],[6.20458,46.92914],[6.20219,46.92928],[6.19994,46.92714],[6.19184,46.92781],[6.1875,46.92979],[6.18493,46.92639]]]},"properties":{"code_insee":"25041","population":370,"superficie_cadastrale":1160,"nom_officiel":"Bannans","date_du_recensement":"2023-01-01Z","densite":31.9},"id":"commune.32282"},
{"type":"Feature","geometry":{"type":"Polygon","coordinates":[[[5.94581,47.28713],[5.9503,47.28129],[5.9578,47.28073],[5.95887,47.27889],[5.96251,47.27819],[5.96666,47.27651],[5.96967,47.27692],[5.97908,47.2786],[5.98226,47.27675],[5.98349,47.27837],[5.98668,47.27966],[5.99012,47.27997],[5.99192,47.28421],[5.99137,47.28739],[5.99276,47.2934],[5.99525,47.29901],[5.9914,47.29866],[5.98867,47.30064],[5.98962,47.30425],[5.98696,47.30265],[5.98427,47.29926],[5.97999,47.29573],[5.97403,47.29702],[5.97153,47.2956],[5.96926,47.29618],[5.95893,47.29382],[5.9568,47.2902],[5.95188,47.28871],[5.94874,47.28898],[5.94581,47.28713]]]},"properties":{"code_insee":"25381","population":2661,"superficie_cadastrale":620,"nom_officiel":"Miserey-Salines","date_du_recensement":"2023-01-01Z","densite":429.2},"id":"commune.32283"},
{"type":"Feature","geometry":{"type":"Polygon","coordinates":[[[6.39668,46.93899],[6.39335,46.93991],[6.39054,46.94231],[6.38151,46.93632],[6.38057,46.93719],[6.37381,46.93888],[6.37135,46.93842],[6.36596,46.93889],[6.36228,46.94178],[6.36106,46.94551],[6.35679,46.94606],[6.35645,46.94747],[6.35084,46.94852],[6.34759,46.94702],[6.34764,46.94454],[6.34388,46.94467],[6.34294,46.94299],[6.34337,46.93358],[6.33738,46.93265],[6.33546,46.93163],[6.33521,46.92959],[6.33663,46.92763],[6.33386,46.92682],[6.33075,46.92395],[6.33069,46.92171],[6.3352,46.91928],[6.33706,46.91779],[6.34108,46.92153],[6.34387,46.91911],[6.34596,46.91921],[6.34918,46.91578],[6.35372,46.91726],[6.35271,46.91986],[6.37246,46.92173],[6.38168,46.92837],[6.38602,46.93214],[6.39018,46.93323],[6.39923,46.93662],[6.39668,46.93899]]]},"properties":{"code_insee":"25204","population":3335,"superficie_cadastrale":890,"nom_officiel":"Doubs","date_du_recensement":"2023-01-01Z","densite":374.7},"id":"commune.32388"},
{"type":"Feature","geometry":{"type":"Polygon","coordinates":[[[6.3172,47.13817],[6.31319,47.13563],[6.31138,47.13172],[6.30443,47.12691],[6.30288,47.12386],[6.29798,47.12047],[6.29444,47.12118],[6.29244,47.12284],[6.28523,47.12035],[6.27734,47.11663],[6.27527,47.11801],[6.2697,47.1186],[6.27063,47.12004],[6.26791,47.12105],[6.26185,47.11823],[6.25893,47.1136],[6.26108,47.11171],[6.26796,47.10745],[6.26926,47.10394],[6.26714,47.10275],[6.26867,47.09999],[6.27173,47.09695],[6.275,47.09703],[6.27797,47.09819],[6.28284,47.09468],[6.27854,47.09145],[6.28284,47.08754],[6.28634,47.08561],[6.29424,47.09074],[6.30309,47.09534],[6.30554,47.09722],[6.3094,47.09877],[6.31145,47.09706],[6.3143,47.09721],[6.31746,47.09885],[6.31522,47.10154],[6.31885,47.10639],[6.31567,47.11322],[6.32036,47.11504],[6.32277,47.115],[6.3297,47.1188],[6.3263,47.12138],[6.32341,47.12211],[6.32092,47.12414],[6.32204,47.12628],[6.32171,47.13065],[6.31597,47.13472],[6.3172,47.13817]]]},"properties":{"code_insee":"25605","population":486,"superficie_cadastrale":1330,"nom_officiel":"Vernierfontaine","date_du_recensement":"2023-01-01Z","densite":36.5},"id":"commune.32477"},
{"type":"Feature","geometry":{"type":"Polygon","coordinates":[[[6.64925,47.487],[6.65346,47.48377],[6.65442,47.48214],[6.66004,47.47847],[6.6686,47.47922],[6.67822,47.47824],[6.68062,47.48308],[6.6793,47.48558],[6.68267,47.48884],[6.68592,47.48947],[6.67976,47.49441],[6.67691,47.49883],[6.67408,47.50101],[6.67119,47.49983],[6.66892,47.50053],[6.66477,47.50463],[6.66298,47.50538],[6.65559,47.50615],[6.6516,47.50479],[6.64691,47.50518],[6.64092,47.504],[6.63775,47.50606],[6.63499,47.5055],[6.63147,47.49877],[6.62885,47.49162],[6.62868,47.49043],[6.63462,47.49145],[6.63608,47.49067],[6.64371,47.49159],[6.64551,47.49106],[6.64925,47.487]]]},"properties":{"code_insee":"25394","population":1362,"superficie_cadastrale":800,"nom_officiel":"Montenois","date_du_recensement":"2023-01-01Z","densite":170.2},"id":"commune.32536"},
{"type":"Feature","geometry":{"type":"Polygon","coordinates":[[[6.18164,46.82748],[6.18439,46.82606],[6.18548,46.8225],[6.18111,46.8177],[6.17617,46.8185],[6.17446,46.81653],[6.17843,46.81007],[6.1759,46.8082],[6.17289,46.80964],[6.16715,46.81442],[6.1644,46.81572],[6.1587,46.81708],[6.15189,46.81969],[6.14889,46.81622],[6.15438,46.81517],[6.15717,46.80864],[6.16385,46.80557],[6.163,46.80349],[6.16721,46.80175],[6.17399,46.80107],[6.17879,46.79711],[6.17722,46.79492],[6.17995,46.79448],[6.18401,46.79245],[6.18468,46.79045],[6.19276,46.78443],[6.19566,46.78003],[6.20908,46.78974],[6.21553,46.79997],[6.2187,46.80315],[6.22055,46.80613],[6.22165,46.81048],[6.22809,46.81762],[6.23116,46.82047],[6.23812,46.81696],[6.24276,46.81879],[6.24637,46.81842],[6.24291,46.82012],[6.23922,46.81892],[6.23565,46.82085],[6.23683,46.82539],[6.2331,46.8264],[6.23148,46.82582],[6.2299,46.82299],[6.22454,46.82511],[6.21666,46.82574],[6.20979,46.83111],[6.20692,46.82812],[6.20217,46.82569],[6.19529,46.82864],[6.19305,46.82632],[6.18857,46.82854],[6.18277,46.8289],[6.18164,46.82748]]]},"properties":{"code_insee":"25075","population":410,"superficie_cadastrale":1650,"nom_officiel":"Bonnevaux","date_du_recensement":"2023-01-01Z","densite":24.8},"id":"commune.32553"},
{"type":"Feature","geometry":{"type":"Polygon","coordinates":[[[6.06258,47.12239],[6.05906,47.12507],[6.05168,47.12502],[6.05065,47.12604],[6.04791,47.12142],[6.04661,47.11597],[6.04509,47.11602],[6.04291,47.11113],[6.03957,47.10674],[6.0403,47.10397],[6.03713,47.09973],[6.03938,47.09692],[6.04318,47.09682],[6.04779,47.09855],[6.0526,47.0961],[6.05738,47.09663],[6.05789,47.09196],[6.05574,47.08998],[6.05564,47.08839],[6.05968,47.08885],[6.06775,47.08851],[6.06929,47.0899],[6.06847,47.09217],[6.07219,47.09421],[6.07066,47.09629],[6.07122,47.09823],[6.07893,47.09772],[6.08199,47.10028],[6.08544,47.10161],[6.08733,47.10025],[6.0951,47.10107],[6.09558,47.09848],[6.09957,47.09898],[6.10674,47.10334],[6.10761,47.1055],[6.11209,47.10641],[6.11301,47.10996],[6.117,47.11512],[6.12264,47.12038],[6.12466,47.12563],[6.12861,47.13062],[6.13121,47.1321],[6.1284,47.13492],[6.12362,47.13323],[6.11853,47.13222],[6.11618,47.12888],[6.11971,47.12737],[6.11777,47.1218],[6.1147,47.11906],[6.10693,47.1235],[6.09969,47.12193],[6.099,47.11999],[6.09395,47.11853],[6.09045,47.1149],[6.09099,47.1112],[6.0873,47.1087],[6.08653,47.11049],[6.07855,47.11011],[6.07305,47.10836],[6.06584,47.10696],[6.06335,47.10752],[6.06584,47.11151],[6.06132,47.11308],[6.06027,47.12033],[6.06258,47.12239]]]},"properties":{"code_insee":"25537","population":286,"superficie_cadastrale":1250,"nom_officiel":"Scey-Maisières","date_du_recensement":"2023-01-01Z","densite":22.9},"id":"commune.32586"},
{"type":"Feature","geometry":{"type":"Polygon","coordinates":[[[6.26178,47.33206],[6.26448,47.33007],[6.26731,47.3298],[6.27205,47.33239],[6.2769,47.33422],[6.27927,47.33569],[6.28303,47.3364],[6.28432,47.33947],[6.28061,47.34326],[6.27982,47.34785],[6.27834,47.35033],[6.27729,47.3531],[6.27085,47.35402],[6.2627,47.3529],[6.26099,47.35125],[6.2635,47.34731],[6.26227,47.3443],[6.26073,47.34394],[6.26099,47.34056],[6.26236,47.33846],[6.26112,47.33668],[6.26178,47.33206]]]},"properties":{"code_insee":"25088","population":85,"superficie_cadastrale":330,"nom_officiel":"Breconchaux","date_du_recensement":"2023-01-01Z","densite":25.8},"id":"commune.32587"},
{"type":"Feature","geometry":{"type":"Polygon","coordinates":[[[5.88549,47.20383],[5.90599,47.20863],[5.91238,47.20917],[5.91201,47.21373],[5.91526,47.2213],[5.90939,47.22667],[5.90696,47.22827],[5.90793,47.22948],[5.90015,47.23343],[5.90522,47.23682],[5.90345,47.2381],[5.90483,47.24004],[5.90753,47.24362],[5.90717,47.24472],[5.90584,47.24307],[5.89992,47.24581],[5.89789,47.24404],[5.88995,47.24738],[5.88781,47.24887],[5.88433,47.24711],[5.8791,47.24643],[5.87433,47.24215],[5.87616,47.24095],[5.87442,47.23911],[5.86744,47.23476],[5.865,47.23101],[5.8669,47.22967],[5.86476,47.22257],[5.86656,47.22104],[5.8707,47.22052],[5.86999,47.21712],[5.8718,47.21626],[5.87062,47.21391],[5.87337,47.21168],[5.87505,47.21255],[5.87989,47.21124],[5.88011,47.20774],[5.88549,47.20383]]]},"properties":{"code_insee":"25147","population":2113,"superficie_cadastrale":1240,"nom_officiel":"Chemaudin et Vaux","date_du_recensement":"2023-01-01Z","densite":170.4},"id":"commune.32630"},
{"type":"Feature","geometry":{"type":"Polygon","coordinates":[[[6.31153,46.89697],[6.30642,46.89339],[6.29226,46.89762],[6.29052,46.89917],[6.28713,46.89844],[6.28299,46.89587],[6.28243,46.8932],[6.28485,46.89195],[6.2886,46.8917],[6.29051,46.8896],[6.28808,46.88656],[6.29239,46.88427],[6.29684,46.87771],[6.29714,46.87365],[6.29866,46.87043],[6.29736,46.86684],[6.29366,46.86116],[6.29549,46.85932],[6.29448,46.85719],[6.29743,46.85699],[6.30361,46.85814],[6.30537,46.85929],[6.3148,46.86307],[6.32046,46.85943],[6.32682,46.86238],[6.32977,46.86478],[6.33416,46.86636],[6.33898,46.86692],[6.34498,46.86376],[6.35607,46.86771],[6.36189,46.87029],[6.36291,46.87577],[6.35026,46.88139],[6.33832,46.88699],[6.33912,46.89061],[6.331,46.89467],[6.32733,46.89513],[6.32188,46.89834],[6.31411,46.89808],[6.31153,46.89697]]]},"properties":{"code_insee":"25293","population":1359,"superficie_cadastrale":1620,"nom_officiel":"Granges-Narboz","date_du_recensement":"2023-01-01Z","densite":83.9},"id":"commune.32668"},
{"type":"Feature","geometry":{"type":"Polygon","coordinates":[[[5.80183,47.24965],[5.80523,47.24792],[5.80749,47.24981],[5.81103,47.25077],[5.81335,47.25537],[5.81609,47.25664],[5.82097,47.25613],[5.8226,47.2573],[5.82548,47.25708],[5.82918,47.2579],[5.83185,47.25621],[5.83386,47.2562],[5.83823,47.25929],[5.83269,47.25967],[5.82872,47.26119],[5.82845,47.2629],[5.82371,47.26437],[5.82196,47.26308],[5.81919,47.26731],[5.8145,47.26705],[5.80971,47.26724],[5.80803,47.26859],[5.80506,47.26509],[5.80154,47.26481],[5.79665,47.25929],[5.79764,47.25386],[5.79648,47.25167],[5.80183,47.24965]]]},"properties":{"code_insee":"25257","population":263,"superficie_cadastrale":340,"nom_officiel":"Franey","date_du_recensement":"2023-01-01Z","densite":77.4},"id":"commune.32725"},
{"type":"Feature","geometry":{"type":"Polygon","coordinates":[[[5.92644,47.32715],[5.92082,47.32771],[5.91557,47.33084],[5.9138,47.32975],[5.9061,47.33207],[5.9055,47.33403],[5.90057,47.33123],[5.90021,47.3296],[5.89639,47.3287],[5.89618,47.32638],[5.89743,47.32341],[5.89974,47.32111],[5.89959,47.3189],[5.90229,47.31527],[5.90445,47.31342],[5.90407,47.31153],[5.90615,47.30988],[5.91696,47.31345],[5.92272,47.3127],[5.92713,47.31056],[5.92711,47.31075],[5.92676,47.31218],[5.92137,47.31828],[5.92498,47.3209],[5.92669,47.32534],[5.92644,47.32715]]]},"properties":{"code_insee":"25536","population":196,"superficie_cadastrale":400,"nom_officiel":"Sauvagney","date_du_recensement":"2023-01-01Z","densite":49},"id":"commune.32751"},
{"type":"Feature","geometry":{"type":"Polygon","coordinates":[[[6.35888,46.74599],[6.35605,46.7424],[6.35451,46.73904],[6.35456,46.7347],[6.35671,46.73338],[6.35706,46.72746],[6.35889,46.72389],[6.36016,46.72309],[6.36509,46.72258],[6.3717,46.72412],[6.37105,46.73069],[6.37477,46.73111],[6.379,46.73038],[6.38393,46.73103],[6.38944,46.73507],[6.39202,46.73897],[6.39124,46.74112],[6.3884,46.74329],[6.3952,46.74847],[6.41934,46.75314],[6.42462,46.75446],[6.43032,46.75679],[6.43819,46.76178],[6.43844,46.76668],[6.44889,46.77326],[6.45226,46.77422],[6.45167,46.77863],[6.45842,46.78878],[6.4415,46.79785],[6.43421,46.79319],[6.42694,46.79783],[6.4213,46.79627],[6.41764,46.79131],[6.41497,46.79198],[6.40484,46.78778],[6.40349,46.78775],[6.39395,46.78224],[6.38955,46.77856],[6.38745,46.77783],[6.38412,46.77402],[6.38167,46.7692],[6.3761,46.76671],[6.37141,46.76589],[6.37119,46.763],[6.36885,46.76077],[6.36906,46.75793],[6.36646,46.75732],[6.36026,46.75455],[6.35816,46.75303],[6.35935,46.74904],[6.35888,46.74599]]]},"properties":{"code_insee":"25318","population":1937,"superficie_cadastrale":2900,"nom_officiel":"Jougne","date_du_recensement":"2023-01-01Z","densite":66.8},"id":"commune.32792"},
{"type":"Feature","geometry":{"type":"Polygon","coordinates":[[[6.12312,46.63518],[6.12649,46.63871],[6.13404,46.63768],[6.14043,46.63721],[6.14724,46.63548],[6.14329,46.64147],[6.14342,46.64246],[6.14753,46.64431],[6.14399,46.64587],[6.13679,46.64424],[6.13026,46.64461],[6.12818,46.64765],[6.12403,46.65026],[6.12266,46.65334],[6.11982,46.65547],[6.12657,46.66021],[6.1305,46.66479],[6.13032,46.66706],[6.12672,46.67249],[6.12622,46.67545],[6.12238,46.67478],[6.12195,46.67667],[6.11918,46.67799],[6.11987,46.68291],[6.11514,46.68921],[6.11188,46.69292],[6.10825,46.69936],[6.10358,46.7038],[6.10117,46.70204],[6.09638,46.69979],[6.08609,46.69617],[6.07407,46.69105],[6.06979,46.68966],[6.07286,46.68508],[6.07894,46.68034],[6.08843,46.67059],[6.09059,46.66723],[6.09729,46.65946],[6.10599,46.65054],[6.10109,46.64881],[6.09696,46.6464],[6.10021,46.64352],[6.09624,46.64182],[6.08645,46.63885],[6.08169,46.63663],[6.08905,46.63307],[6.09273,46.63459],[6.09776,46.63585],[6.10511,46.62839],[6.11146,46.63047],[6.11731,46.63018],[6.11834,46.62859],[6.12267,46.6301],[6.12104,46.63257],[6.12312,46.63518]]]},"properties":{"code_insee":"25131","population":117,"superficie_cadastrale":2080,"nom_officiel":"Châtelblanc","date_du_recensement":"2023-01-01Z","densite":5.6},"id":"commune.32793"},
{"type":"Feature","geometry":{"type":"Polygon","coordinates":[[[6.80171,47.31785],[6.79719,47.31759],[6.79467,47.31502],[6.78875,47.31633],[6.78374,47.3163],[6.78011,47.31931],[6.77719,47.31877],[6.77523,47.31689],[6.77086,47.31509],[6.77018,47.31624],[6.76205,47.31384],[6.76224,47.31317],[6.75579,47.3095],[6.75737,47.30865],[6.76293,47.30222],[6.76212,47.29646],[6.76486,47.29171],[6.76625,47.28518],[6.76982,47.28395],[6.76886,47.28269],[6.77342,47.28096],[6.77669,47.28191],[6.77837,47.27996],[6.78271,47.28242],[6.78144,47.28473],[6.78252,47.28733],[6.78752,47.28736],[6.78629,47.28409],[6.78699,47.28176],[6.78935,47.28067],[6.79016,47.28252],[6.79335,47.28607],[6.79264,47.28838],[6.79459,47.2931],[6.7871,47.29529],[6.78598,47.29262],[6.7806,47.2917],[6.77876,47.29369],[6.78294,47.29412],[6.78637,47.29809],[6.78606,47.29969],[6.78737,47.30648],[6.7898,47.30835],[6.7935,47.30921],[6.79646,47.31265],[6.80218,47.31451],[6.8048,47.31738],[6.80171,47.31785]]]},"properties":{"code_insee":"25244","population":84,"superficie_cadastrale":800,"nom_officiel":"Fleurey","date_du_recensement":"2023-01-01Z","densite":10.5},"id":"commune.32922"},
{"type":"Feature","geometry":{"type":"Polygon","coordinates":[[[6.81044,47.28666],[6.81073,47.28489],[6.81293,47.28322],[6.81385,47.28112],[6.81761,47.28167],[6.8248,47.27997],[6.82627,47.27801],[6.83636,47.28156],[6.84017,47.28199],[6.84194,47.28355],[6.84306,47.28664],[6.84524,47.2881],[6.84566,47.29114],[6.84931,47.28967],[6.85154,47.29037],[6.85366,47.28897],[6.8582,47.29068],[6.8565,47.29207],[6.85699,47.29388],[6.86042,47.29661],[6.86365,47.29797],[6.86485,47.30126],[6.86797,47.3039],[6.86361,47.30348],[6.86084,47.30642],[6.85807,47.30647],[6.85889,47.30962],[6.85471,47.3119],[6.85612,47.31408],[6.85057,47.31554],[6.85118,47.31762],[6.84646,47.31909],[6.83673,47.31812],[6.82975,47.31612],[6.83004,47.31313],[6.82531,47.31183],[6.81865,47.31346],[6.81517,47.31059],[6.8141,47.30875],[6.81606,47.30703],[6.81971,47.30637],[6.81835,47.30488],[6.81246,47.30341],[6.80949,47.30205],[6.80457,47.29284],[6.81103,47.29047],[6.81637,47.29062],[6.81533,47.28842],[6.81044,47.28666]]]},"properties":{"code_insee":"25387","population":371,"superficie_cadastrale":1270,"nom_officiel":"Montandon","date_du_recensement":"2023-01-01Z","densite":29.2},"id":"commune.33011"},
{"type":"Feature","geometry":{"type":"Polygon","coordinates":[[[6.52508,47.26544],[6.51808,47.26045],[6.51619,47.25786],[6.51929,47.24245],[6.51763,47.24207],[6.52207,47.24051],[6.52853,47.23925],[6.53319,47.23732],[6.54042,47.2392],[6.54704,47.2395],[6.55254,47.24099],[6.56037,47.24042],[6.56553,47.24196],[6.56987,47.23956],[6.57276,47.23685],[6.57645,47.23598],[6.57819,47.2368],[6.57952,47.23939],[6.58161,47.23817],[6.58475,47.23792],[6.58769,47.24032],[6.59127,47.24149],[6.59288,47.24037],[6.59827,47.24107],[6.5954,47.24478],[6.59376,47.25202],[6.59735,47.25223],[6.59931,47.25331],[6.59916,47.25614],[6.60433,47.25719],[6.59692,47.25715],[6.59414,47.25777],[6.59612,47.26546],[6.59609,47.26917],[6.5919,47.27043],[6.58469,47.27071],[6.58299,47.27349],[6.57753,47.27457],[6.57184,47.27465],[6.56474,47.27235],[6.55917,47.27151],[6.55082,47.27201],[6.54724,47.27173],[6.54742,47.2698],[6.53974,47.26951],[6.52725,47.26544],[6.52508,47.26544]]]},"properties":{"code_insee":"25333","population":356,"superficie_cadastrale":1990,"nom_officiel":"Laviron","date_du_recensement":"2023-01-01Z","densite":17.9},"id":"commune.33014"},
{"type":"Feature","geometry":{"type":"Polygon","coordinates":[[[6.62697,47.28327],[6.63083,47.28203],[6.63188,47.27489],[6.62856,47.26983],[6.63158,47.26986],[6.63352,47.27129],[6.63786,47.27201],[6.6428,47.27111],[6.645,47.27483],[6.65231,47.27569],[6.65334,47.28401],[6.65686,47.29017],[6.6608,47.29331],[6.66261,47.2932],[6.66582,47.2967],[6.66605,47.29904],[6.66824,47.3009],[6.66131,47.30116],[6.65627,47.30013],[6.65244,47.30044],[6.6509,47.30562],[6.65141,47.30845],[6.64911,47.3097],[6.64779,47.30483],[6.64465,47.30087],[6.63888,47.29868],[6.64094,47.3077],[6.63812,47.3065],[6.6348,47.30221],[6.63223,47.30239],[6.62458,47.29807],[6.62834,47.29437],[6.63323,47.29221],[6.63347,47.28901],[6.63037,47.28845],[6.62697,47.28327]]]},"properties":{"code_insee":"25471","population":142,"superficie_cadastrale":700,"nom_officiel":"Provenchère","date_du_recensement":"2023-01-01Z","densite":20.3},"id":"commune.33180"},
{"type":"Feature","geometry":{"type":"Polygon","coordinates":[[[5.88317,47.01666],[5.88454,47.01954],[5.8794,47.02573],[5.8766,47.02801],[5.87567,47.03252],[5.87581,47.03561],[5.87094,47.03716],[5.87002,47.0469],[5.86309,47.04693],[5.86266,47.0483],[5.85625,47.04936],[5.85721,47.0458],[5.84694,47.04606],[5.84237,47.04717],[5.8423,47.04347],[5.84314,47.04157],[5.8424,47.03853],[5.84306,47.03465],[5.84287,47.03032],[5.84803,47.02981],[5.85115,47.03021],[5.85203,47.02794],[5.8551,47.02613],[5.85676,47.02197],[5.87189,47.01849],[5.88317,47.01666]]]},"properties":{"code_insee":"25143","population":194,"superficie_cadastrale":650,"nom_officiel":"Chay","date_du_recensement":"2023-01-01Z","densite":29.8},"id":"commune.33282"},
{"type":"Feature","geometry":{"type":"Polygon","coordinates":[[[5.92186,47.29405],[5.91858,47.29021],[5.91666,47.28833],[5.91785,47.28698],[5.91308,47.28341],[5.9079,47.28069],[5.90576,47.2772],[5.89904,47.27278],[5.9024,47.27204],[5.91087,47.26846],[5.9093,47.26665],[5.91432,47.26555],[5.91501,47.26716],[5.91776,47.26784],[5.92044,47.267],[5.92335,47.26862],[5.92528,47.26772],[5.92779,47.26957],[5.93182,47.26842],[5.935,47.26835],[5.93902,47.27142],[5.94236,47.27315],[5.94433,47.27281],[5.9464,47.27501],[5.95125,47.2784],[5.94711,47.28032],[5.94326,47.28404],[5.9424,47.28577],[5.93817,47.28703],[5.93172,47.28694],[5.92787,47.28774],[5.92353,47.29166],[5.92186,47.29405]]]},"properties":{"code_insee":"25448","population":1617,"superficie_cadastrale":620,"nom_officiel":"Pelousey","date_du_recensement":"2023-01-01Z","densite":260.8},"id":"commune.33435"},
{"type":"Feature","geometry":{"type":"Polygon","coordinates":[[[5.75688,47.22048],[5.75941,47.22152],[5.76191,47.21999],[5.76593,47.22098],[5.7711,47.21587],[5.77068,47.21409],[5.77304,47.21241],[5.77787,47.21204],[5.78107,47.21446],[5.78349,47.21476],[5.78598,47.21657],[5.78983,47.2181],[5.79686,47.21998],[5.80336,47.22276],[5.79937,47.22644],[5.79484,47.22931],[5.78915,47.23169],[5.7869,47.23273],[5.78819,47.23489],[5.79497,47.23634],[5.79266,47.23905],[5.78794,47.24164],[5.78029,47.24242],[5.78002,47.24436],[5.77644,47.24711],[5.77502,47.24633],[5.77238,47.24828],[5.76939,47.24784],[5.76754,47.24956],[5.7605,47.24781],[5.76129,47.24651],[5.75774,47.24562],[5.75308,47.24534],[5.74796,47.23987],[5.74964,47.23928],[5.75082,47.23673],[5.75018,47.23496],[5.75178,47.23199],[5.75427,47.2296],[5.75202,47.22779],[5.75431,47.22506],[5.75482,47.22134],[5.75688,47.22048]]]},"properties":{"code_insee":"25326","population":562,"superficie_cadastrale":990,"nom_officiel":"Lantenne-Vertière","date_du_recensement":"2023-01-01Z","densite":56.8},"id":"commune.33480"},
{"type":"Feature","geometry":{"type":"Polygon","coordinates":[[[5.99689,46.96576],[6.00267,46.9659],[6.00269,46.96405],[5.99773,46.96426],[5.99334,46.96035],[5.9932,46.95783],[5.99628,46.95612],[5.99343,46.95327],[5.99528,46.95047],[5.99788,46.94874],[5.9945,46.9472],[5.99692,46.94604],[6.00366,46.94738],[6.00564,46.94624],[6.00519,46.94344],[6.00806,46.94174],[6.01169,46.94427],[6.02754,46.95273],[6.02467,46.95625],[6.02875,46.96087],[6.02837,46.96413],[6.03124,46.96586],[6.02911,46.9691],[6.02958,46.9708],[6.02343,46.9698],[6.01662,46.96774],[6.01444,46.96671],[6.01395,46.96396],[6.00756,46.96532],[6.00443,46.96775],[6.00078,46.96753],[5.99689,46.96576]]]},"properties":{"code_insee":"25180","population":118,"superficie_cadastrale":570,"nom_officiel":"Crouzet-Migette","date_du_recensement":"2023-01-01Z","densite":20.7},"id":"commune.33497"},
{"type":"Feature","geometry":{"type":"Polygon","coordinates":[[[6.56631,47.45876],[6.56358,47.45861],[6.56075,47.45379],[6.558,47.45239],[6.55547,47.44989],[6.55301,47.44518],[6.54981,47.44468],[6.54922,47.44146],[6.55479,47.44144],[6.56034,47.43937],[6.56669,47.43831],[6.57248,47.43837],[6.57552,47.43907],[6.57256,47.44281],[6.57496,47.44522],[6.57383,47.44667],[6.57726,47.45273],[6.58683,47.45875],[6.58376,47.46062],[6.58372,47.4646],[6.58266,47.46665],[6.58044,47.4648],[6.58058,47.46202],[6.57617,47.4609],[6.57526,47.46406],[6.57617,47.46897],[6.57514,47.47146],[6.571,47.46565],[6.5709,47.46169],[6.56969,47.45752],[6.56631,47.45876]]]},"properties":{"code_insee":"25019","population":385,"superficie_cadastrale":410,"nom_officiel":"Appenans","date_du_recensement":"2022-01-01Z","densite":93.9},"id":"commune.33507"},
{"type":"Feature","geometry":{"type":"Polygon","coordinates":[[[5.72672,47.21766],[5.73014,47.2156],[5.73306,47.21103],[5.73747,47.20894],[5.73872,47.2059],[5.73897,47.20122],[5.74442,47.20203],[5.75135,47.2046],[5.75395,47.20635],[5.76076,47.20224],[5.75772,47.20026],[5.75952,47.19838],[5.75676,47.1967],[5.76119,47.19427],[5.76245,47.19663],[5.76551,47.19879],[5.76909,47.19839],[5.76989,47.19954],[5.76777,47.20478],[5.76934,47.20668],[5.77259,47.2077],[5.7741,47.21132],[5.77989,47.21132],[5.78055,47.21242],[5.78647,47.21544],[5.78598,47.21657],[5.78349,47.21476],[5.78107,47.21446],[5.77787,47.21204],[5.77304,47.21241],[5.77068,47.21409],[5.7711,47.21587],[5.76593,47.22098],[5.76191,47.21999],[5.75941,47.22152],[5.75688,47.22048],[5.75403,47.21909],[5.75254,47.22053],[5.74891,47.21935],[5.74228,47.22463],[5.73599,47.22266],[5.72991,47.22237],[5.72854,47.22492],[5.72436,47.22433],[5.7233,47.21991],[5.72672,47.21766]]]},"properties":{"code_insee":"25374","population":520,"superficie_cadastrale":660,"nom_officiel":"Mercey-le-Grand","date_du_recensement":"2023-01-01Z","densite":78.8},"id":"commune.33526"},
{"type":"Feature","geometry":{"type":"Polygon","coordinates":[[[5.94792,47.15651],[5.95252,47.15943],[5.96135,47.15654],[5.96493,47.15671],[5.96909,47.15861],[5.97112,47.15871],[5.96997,47.16145],[5.96762,47.16297],[5.97144,47.16783],[5.97161,47.17035],[5.97362,47.17355],[5.96513,47.17696],[5.95611,47.17809],[5.95734,47.18114],[5.9471,47.17628],[5.94272,47.17562],[5.93419,47.17313],[5.93577,47.17186],[5.9336,47.16932],[5.93431,47.1678],[5.93882,47.16421],[5.94329,47.15995],[5.94792,47.15651]]]},"properties":{"code_insee":"25103","population":682,"superficie_cadastrale":520,"nom_officiel":"Busy","date_du_recensement":"2023-01-01Z","densite":131.2},"id":"commune.33627"},
{"type":"Feature","geometry":{"type":"Polygon","coordinates":[[[5.89018,47.04628],[5.88146,47.04853],[5.87298,47.04808],[5.87006,47.04876],[5.87002,47.0469],[5.87094,47.03716],[5.87581,47.03561],[5.87567,47.03252],[5.8766,47.02801],[5.8794,47.02573],[5.88454,47.01954],[5.88677,47.01916],[5.88911,47.02164],[5.8903,47.02447],[5.89435,47.02627],[5.89639,47.0253],[5.90077,47.02918],[5.90102,47.03151],[5.89319,47.03729],[5.88864,47.0389],[5.89006,47.041],[5.89018,47.04628]]]},"properties":{"code_insee":"25445","population":116,"superficie_cadastrale":440,"nom_officiel":"Paroy","date_du_recensement":"2023-01-01Z","densite":26.4},"id":"commune.33667"},
{"type":"Feature","geometry":{"type":"Polygon","coordinates":[[[6.60967,47.52713],[6.61049,47.52167],[6.60969,47.5167],[6.60368,47.51528],[6.60083,47.51511],[6.60213,47.51208],[6.59894,47.51151],[6.59772,47.51374],[6.59116,47.51195],[6.58781,47.51203],[6.58389,47.51001],[6.57857,47.50797],[6.57733,47.50491],[6.57802,47.50041],[6.57387,47.49595],[6.57229,47.4943],[6.57459,47.49148],[6.57798,47.49009],[6.57805,47.48569],[6.58055,47.48322],[6.585,47.48169],[6.58653,47.4802],[6.58962,47.47978],[6.59311,47.48046],[6.59413,47.47695],[6.59636,47.47473],[6.60306,47.47605],[6.60249,47.47809],[6.60751,47.48023],[6.60892,47.48718],[6.61172,47.48906],[6.6148,47.4889],[6.62,47.49229],[6.62287,47.49564],[6.62367,47.49839],[6.62616,47.50175],[6.62809,47.50087],[6.62612,47.49215],[6.62885,47.49162],[6.63147,47.49877],[6.63499,47.5055],[6.6307,47.508],[6.6288,47.51213],[6.6309,47.51401],[6.62501,47.5158],[6.62248,47.52061],[6.62102,47.5218],[6.61801,47.52745],[6.60967,47.52713]]]},"properties":{"code_insee":"25431","population":368,"superficie_cadastrale":1420,"nom_officiel":"Onans","date_du_recensement":"2023-01-01Z","densite":25.9},"id":"commune.33754"},
{"type":"Feature","geometry":{"type":"Polygon","coordinates":[[[6.24328,47.05184],[6.23979,47.05467],[6.24045,47.05582],[6.23674,47.06256],[6.23069,47.06566],[6.22887,47.07268],[6.22502,47.07659],[6.22296,47.0746],[6.22026,47.07514],[6.21622,47.07232],[6.21398,47.07525],[6.21136,47.07582],[6.20947,47.07488],[6.20552,47.0764],[6.20647,47.07761],[6.21442,47.07785],[6.2182,47.08005],[6.22124,47.08512],[6.22211,47.08899],[6.22083,47.08981],[6.21919,47.08848],[6.21836,47.08384],[6.21537,47.07973],[6.20386,47.07866],[6.19859,47.07398],[6.19616,47.0728],[6.19712,47.06996],[6.20377,47.06945],[6.20297,47.06564],[6.20699,47.06391],[6.20835,47.06236],[6.21358,47.0604],[6.21397,47.05719],[6.21672,47.05465],[6.22074,47.05201],[6.22479,47.05059],[6.22798,47.04733],[6.23656,47.0478],[6.24324,47.04988],[6.24328,47.05184]]]},"properties":{"code_insee":"25633","population":669,"superficie_cadastrale":610,"nom_officiel":"Vuillafans","date_du_recensement":"2023-01-01Z","densite":109.7},"id":"commune.33770"},
{"type":"Feature","geometry":{"type":"Polygon","coordinates":[[[6.37141,46.76589],[6.3761,46.76671],[6.38167,46.7692],[6.38412,46.77402],[6.38745,46.77783],[6.38955,46.77856],[6.39395,46.78224],[6.40349,46.78775],[6.40484,46.78778],[6.41497,46.79198],[6.41764,46.79131],[6.4213,46.79627],[6.42694,46.79783],[6.41551,46.80054],[6.40811,46.80165],[6.40241,46.80037],[6.39804,46.80082],[6.38963,46.79461],[6.38357,46.78799],[6.37971,46.78443],[6.36569,46.78239],[6.36494,46.77747],[6.36641,46.77405],[6.36559,46.77199],[6.36685,46.769],[6.37019,46.76923],[6.37141,46.76589]]]},"properties":{"code_insee":"25307","population":967,"superficie_cadastrale":660,"nom_officiel":"Les Hôpitaux-Neufs","date_du_recensement":"2023-01-01Z","densite":146.5},"id":"commune.33826"},
{"type":"Feature","geometry":{"type":"Polygon","coordinates":[[[5.86025,47.21821],[5.85812,47.22192],[5.85338,47.22176],[5.85079,47.21924],[5.84273,47.22036],[5.83919,47.22092],[5.83325,47.22],[5.83128,47.21866],[5.82527,47.21142],[5.83425,47.20762],[5.82985,47.20302],[5.82826,47.19805],[5.82696,47.19653],[5.83815,47.19313],[5.84556,47.18541],[5.84819,47.1855],[5.84892,47.18745],[5.85261,47.19161],[5.85148,47.19391],[5.84938,47.19572],[5.85061,47.20046],[5.85392,47.20318],[5.85371,47.20524],[5.85619,47.2068],[5.85649,47.20961],[5.85293,47.21145],[5.85696,47.21368],[5.85645,47.21619],[5.86025,47.21821]]]},"properties":{"code_insee":"25466","population":816,"superficie_cadastrale":610,"nom_officiel":"Pouilley-Français","date_du_recensement":"2023-01-01Z","densite":133.8},"id":"commune.33966"},
{"type":"Feature","geometry":{"type":"Polygon","coordinates":[[[5.8238,47.11081],[5.82599,47.1119],[5.82972,47.11578],[5.83088,47.11876],[5.83463,47.12443],[5.83741,47.12745],[5.84078,47.12954],[5.8406,47.13219],[5.83738,47.13324],[5.83556,47.13213],[5.8312,47.13639],[5.82819,47.1412],[5.82125,47.13868],[5.81561,47.13358],[5.80859,47.12253],[5.80547,47.11937],[5.80564,47.11567],[5.81725,47.10957],[5.81934,47.11097],[5.8238,47.11081]]]},"properties":{"code_insee":"25616","population":283,"superficie_cadastrale":520,"nom_officiel":"Villars-Saint-Georges","date_du_recensement":"2022-01-01Z","densite":54.4},"id":"commune.34025"},
{"type":"Feature","geometry":{"type":"Polygon","coordinates":[[[6.11336,47.14122],[6.10948,47.14404],[6.10825,47.14639],[6.10801,47.14964],[6.10326,47.1496],[6.10025,47.15242],[6.09788,47.15228],[6.09569,47.15411],[6.08958,47.15306],[6.08743,47.15466],[6.08798,47.15744],[6.08528,47.16097],[6.08732,47.16357],[6.08552,47.1648],[6.0867,47.16645],[6.08478,47.16913],[6.07755,47.17352],[6.08058,47.17492],[6.08433,47.17817],[6.08876,47.18053],[6.08514,47.18352],[6.08192,47.18091],[6.07726,47.18056],[6.07579,47.18114],[6.07513,47.18471],[6.07335,47.18417],[6.07104,47.1841],[6.06832,47.18589],[6.06519,47.18336],[6.06267,47.18418],[6.06335,47.17941],[6.06169,47.17689],[6.05446,47.17658],[6.05117,47.17425],[6.03634,47.17046],[6.03318,47.1685],[6.0374,47.16479],[6.04583,47.15927],[6.04508,47.15732],[6.05516,47.15047],[6.05874,47.1465],[6.05946,47.14442],[6.06285,47.14326],[6.07241,47.13752],[6.07302,47.13455],[6.06929,47.13205],[6.07184,47.13078],[6.07394,47.13155],[6.0782,47.13038],[6.09073,47.13245],[6.09245,47.13176],[6.0975,47.13204],[6.10056,47.13593],[6.10946,47.13932],[6.11336,47.14122]]]},"properties":{"code_insee":"25375","population":667,"superficie_cadastrale":1710,"nom_officiel":"Les Monts-Ronds","date_du_recensement":"2023-01-01Z","densite":39},"id":"commune.34152"},
{"type":"Feature","geometry":{"type":"Polygon","coordinates":[[[6.18505,47.06435],[6.18728,47.06437],[6.18464,47.0608],[6.18297,47.0599],[6.18058,47.0561],[6.18268,47.05253],[6.18461,47.05069],[6.18998,47.05208],[6.19148,47.05375],[6.19446,47.05486],[6.19585,47.05315],[6.19893,47.05326],[6.20168,47.04893],[6.20532,47.04803],[6.20749,47.04773],[6.21249,47.04534],[6.21472,47.04251],[6.21771,47.04016],[6.21981,47.04771],[6.21645,47.05101],[6.21395,47.05517],[6.21397,47.05719],[6.21358,47.0604],[6.20835,47.06236],[6.20699,47.06391],[6.20297,47.06564],[6.20377,47.06945],[6.19712,47.06996],[6.19343,47.06714],[6.18505,47.06435]]]},"properties":{"code_insee":"25130","population":9,"superficie_cadastrale":450,"nom_officiel":"Châteauvieux-les-Fossés","date_du_recensement":"2022-01-01Z","densite":2},"id":"commune.34211"},
{"type":"Feature","geometry":{"type":"Polygon","coordinates":[[[6.42622,46.95613],[6.42888,46.95463],[6.43294,46.95625],[6.43431,46.95868],[6.4337,46.96035],[6.43853,46.96218],[6.43438,46.96495],[6.43483,46.9674],[6.43144,46.97012],[6.43822,46.97511],[6.43829,46.97959],[6.43739,46.98151],[6.43828,46.98489],[6.43764,46.9869],[6.42952,46.99567],[6.4261,46.99739],[6.42373,46.99982],[6.41737,47.00441],[6.41516,47.00673],[6.40558,47.00464],[6.40028,47.00024],[6.39575,46.99728],[6.38821,46.99113],[6.38818,46.98833],[6.38674,46.98549],[6.38698,46.98028],[6.38785,46.97943],[6.39495,46.96891],[6.39814,46.96733],[6.40207,46.96655],[6.40179,46.96258],[6.40422,46.95926],[6.40764,46.95632],[6.4098,46.95813],[6.41174,46.95643],[6.41647,46.95504],[6.41715,46.95252],[6.42071,46.95547],[6.42538,46.95733],[6.42622,46.95613]]]},"properties":{"code_insee":"25357","population":835,"superficie_cadastrale":1580,"nom_officiel":"Maisons-du-Bois-Lièvremont","date_du_recensement":"2023-01-01Z","densite":52.8},"id":"commune.34267"},
{"type":"Feature","geometry":{"type":"Polygon","coordinates":[[[6.78779,47.37569],[6.78812,47.37158],[6.79125,47.36914],[6.79171,47.36636],[6.79783,47.36558],[6.80428,47.36552],[6.81169,47.36482],[6.82047,47.362],[6.82654,47.36122],[6.83301,47.36129],[6.8455,47.36077],[6.84478,47.36277],[6.85727,47.36788],[6.85642,47.37537],[6.85348,47.37571],[6.85132,47.38064],[6.84724,47.38045],[6.84536,47.38253],[6.84224,47.38252],[6.83259,47.37854],[6.82666,47.37878],[6.82304,47.38238],[6.81614,47.37906],[6.81219,47.37887],[6.81013,47.37748],[6.8069,47.37869],[6.80409,47.3769],[6.80187,47.37759],[6.79747,47.37709],[6.79436,47.37605],[6.79047,47.37654],[6.78779,47.37569]]]},"properties":{"code_insee":"25452","population":484,"superficie_cadastrale":900,"nom_officiel":"Pierrefontaine-lès-Blamont","date_du_recensement":"2023-01-01Z","densite":53.8},"id":"commune.34359"},
{"type":"Feature","geometry":{"type":"Polygon","coordinates":[[[6.8979,47.49653],[6.90749,47.49485],[6.91635,47.49799],[6.92346,47.49798],[6.92271,47.50008],[6.92772,47.50198],[6.9279,47.5053],[6.9304,47.50629],[6.93268,47.5097],[6.93174,47.51294],[6.92873,47.51456],[6.93461,47.51776],[6.93204,47.51929],[6.92798,47.51847],[6.92517,47.51959],[6.92056,47.51767],[6.91476,47.51985],[6.9122,47.51383],[6.90444,47.51245],[6.90102,47.51065],[6.90332,47.50885],[6.89742,47.49875],[6.8979,47.49653]]]},"properties":{"code_insee":"25190","population":1615,"superficie_cadastrale":470,"nom_officiel":"Dampierre-les-Bois","date_du_recensement":"2023-01-01Z","densite":343.6},"id":"commune.34383"},
{"type":"Feature","geometry":{"type":"Polygon","coordinates":[[[6.30293,47.32918],[6.30255,47.32545],[6.30386,47.32262],[6.30964,47.32223],[6.31296,47.323],[6.32325,47.32587],[6.32594,47.328],[6.3246,47.33006],[6.32913,47.33246],[6.33338,47.33361],[6.34082,47.33345],[6.34341,47.33295],[6.34659,47.33553],[6.3446,47.33827],[6.33918,47.34073],[6.33692,47.34091],[6.32674,47.34305],[6.32288,47.34282],[6.31745,47.34013],[6.31549,47.33753],[6.31348,47.33071],[6.30879,47.32948],[6.30293,47.32918]]]},"properties":{"code_insee":"25221","population":65,"superficie_cadastrale":370,"nom_officiel":"Esnans","date_du_recensement":"2022-01-01Z","densite":17.6},"id":"commune.34403"},
{"type":"Feature","geometry":{"type":"Polygon","coordinates":[[[6.84468,47.32622],[6.84616,47.32542],[6.84871,47.32893],[6.853,47.33165],[6.85316,47.33573],[6.85939,47.33591],[6.859,47.3398],[6.86169,47.34326],[6.86615,47.34362],[6.86904,47.34514],[6.87367,47.34436],[6.87616,47.34596],[6.87982,47.34778],[6.87904,47.35046],[6.86867,47.35174],[6.86818,47.35379],[6.86382,47.35549],[6.86001,47.35912],[6.85421,47.3574],[6.85331,47.36061],[6.8455,47.36077],[6.83301,47.36129],[6.82654,47.36122],[6.8245,47.3547],[6.82149,47.35439],[6.82514,47.35166],[6.824,47.34855],[6.82466,47.34736],[6.82089,47.34485],[6.82109,47.34262],[6.81955,47.3408],[6.82056,47.33447],[6.82367,47.33676],[6.8273,47.33603],[6.82855,47.33413],[6.82758,47.33263],[6.82918,47.33048],[6.83146,47.33035],[6.83927,47.33181],[6.84145,47.33087],[6.84552,47.33156],[6.84371,47.32888],[6.84468,47.32622]]]},"properties":{"code_insee":"25114","population":383,"superficie_cadastrale":1020,"nom_officiel":"Chamesol","date_du_recensement":"2023-01-01Z","densite":37.5},"id":"commune.34436"},
{"type":"Feature","geometry":{"type":"Polygon","coordinates":[[[6.12167,47.05426],[6.122,47.05312],[6.12761,47.05016],[6.12965,47.04589],[6.12874,47.04142],[6.1308,47.03596],[6.12897,47.0339],[6.12489,47.03144],[6.1233,47.02963],[6.12105,47.02917],[6.12436,47.02608],[6.12639,47.0214],[6.13186,47.01923],[6.13341,47.01621],[6.1376,47.01779],[6.14263,47.01873],[6.14478,47.01973],[6.14761,47.02313],[6.1498,47.02441],[6.15313,47.02465],[6.15719,47.02655],[6.15387,47.03057],[6.14929,47.03107],[6.14724,47.03405],[6.13981,47.0406],[6.1364,47.04522],[6.13856,47.04891],[6.13797,47.04973],[6.1287,47.05493],[6.12441,47.05845],[6.12179,47.05577],[6.12167,47.05426]]]},"properties":{"code_insee":"25545","population":129,"superficie_cadastrale":520,"nom_officiel":"Silley-Amancey","date_du_recensement":"2023-01-01Z","densite":24.8},"id":"commune.34484"},
{"type":"Feature","geometry":{"type":"Polygon","coordinates":[[[6.87964,47.35254],[6.87936,47.35778],[6.88253,47.3612],[6.88492,47.36743],[6.8836,47.37287],[6.8885,47.3765],[6.89582,47.3799],[6.8951,47.38171],[6.89197,47.38436],[6.89008,47.38431],[6.877,47.38209],[6.86836,47.38147],[6.861,47.37642],[6.85348,47.37571],[6.85642,47.37537],[6.85727,47.36788],[6.84478,47.36277],[6.8455,47.36077],[6.85331,47.36061],[6.85421,47.3574],[6.86001,47.35912],[6.86382,47.35549],[6.86818,47.35379],[6.86867,47.35174],[6.87904,47.35046],[6.87964,47.35254]]]},"properties":{"code_insee":"25615","population":469,"superficie_cadastrale":700,"nom_officiel":"Villars-lès-Blamont","date_du_recensement":"2023-01-01Z","densite":67},"id":"commune.34523"},
{"type":"Feature","geometry":{"type":"Polygon","coordinates":[[[6.09189,47.01408],[6.09362,47.01596],[6.09624,47.01638],[6.09441,47.01993],[6.09778,47.02131],[6.09795,47.02316],[6.10354,47.02905],[6.10552,47.02805],[6.10803,47.02985],[6.10825,47.03148],[6.10708,47.03262],[6.10598,47.0377],[6.10176,47.03884],[6.09993,47.04315],[6.09756,47.04492],[6.09788,47.04684],[6.09089,47.05258],[6.09177,47.05443],[6.08321,47.05382],[6.08369,47.0519],[6.08188,47.04552],[6.07759,47.04616],[6.07663,47.04754],[6.07308,47.04404],[6.06681,47.0436],[6.06224,47.04087],[6.05863,47.0409],[6.05256,47.04287],[6.05108,47.04194],[6.05089,47.03869],[6.05292,47.03337],[6.04905,47.03119],[6.04996,47.02823],[6.04933,47.02559],[6.0469,47.0265],[6.04485,47.02921],[6.04303,47.02607],[6.03888,47.02506],[6.03896,47.02308],[6.03703,47.02114],[6.04474,47.01866],[6.04703,47.01831],[6.04919,47.01654],[6.05384,47.01572],[6.05896,47.01716],[6.06254,47.01927],[6.06463,47.01786],[6.06908,47.01839],[6.07333,47.01728],[6.07497,47.01482],[6.08125,47.0135],[6.0852,47.0141],[6.09189,47.01408]]]},"properties":{"code_insee":"25015","population":744,"superficie_cadastrale":1380,"nom_officiel":"Amancey","date_du_recensement":"2023-01-01Z","densite":53.9},"id":"commune.34543"},
{"type":"Feature","geometry":{"type":"Polygon","coordinates":[[[6.1287,47.05493],[6.13797,47.04973],[6.13856,47.04891],[6.1364,47.04522],[6.13981,47.0406],[6.14724,47.03405],[6.14929,47.03107],[6.15387,47.03057],[6.15719,47.02655],[6.15674,47.02522],[6.16504,47.02756],[6.17034,47.02629],[6.17674,47.03284],[6.17804,47.03532],[6.18109,47.03653],[6.18546,47.04072],[6.19357,47.04319],[6.19695,47.04471],[6.20062,47.04726],[6.20532,47.04803],[6.20168,47.04893],[6.19893,47.05326],[6.19585,47.05315],[6.19446,47.05486],[6.19148,47.05375],[6.18998,47.05208],[6.18461,47.05069],[6.18268,47.05253],[6.18058,47.0561],[6.18297,47.0599],[6.18464,47.0608],[6.18728,47.06437],[6.18505,47.06435],[6.18228,47.06508],[6.18064,47.06712],[6.18108,47.06936],[6.17702,47.06973],[6.17584,47.06673],[6.17912,47.06166],[6.17807,47.05893],[6.17494,47.06078],[6.17248,47.0611],[6.17003,47.06364],[6.15969,47.05742],[6.15605,47.06183],[6.15597,47.06381],[6.14681,47.0648],[6.13987,47.06306],[6.12981,47.06127],[6.12723,47.0616],[6.12612,47.05916],[6.1287,47.05493]]]},"properties":{"code_insee":"25120","population":381,"superficie_cadastrale":1430,"nom_officiel":"Chantrans","date_du_recensement":"2023-01-01Z","densite":26.6},"id":"commune.34558"},
{"type":"Feature","geometry":{"type":"Polygon","coordinates":[[[6.09822,47.05616],[6.09712,47.05465],[6.09177,47.05443],[6.09089,47.05258],[6.09788,47.04684],[6.09756,47.04492],[6.09993,47.04315],[6.10176,47.03884],[6.10598,47.0377],[6.10708,47.03262],[6.10825,47.03148],[6.11242,47.02935],[6.11816,47.02771],[6.12105,47.02917],[6.1233,47.02963],[6.12489,47.03144],[6.12897,47.0339],[6.1308,47.03596],[6.12874,47.04142],[6.12965,47.04589],[6.12761,47.05016],[6.122,47.05312],[6.12167,47.05426],[6.12094,47.05729],[6.12239,47.0592],[6.1107,47.0614],[6.09716,47.06736],[6.09508,47.06315],[6.09187,47.0595],[6.09822,47.05616]]]},"properties":{"code_insee":"25241","population":129,"superficie_cadastrale":780,"nom_officiel":"Flagey","date_du_recensement":"2023-01-01Z","densite":16.5},"id":"commune.34593"},
{"type":"Feature","geometry":{"type":"Polygon","coordinates":[[[6.17034,47.02629],[6.16504,47.02756],[6.15674,47.02522],[6.15719,47.02655],[6.15313,47.02465],[6.1498,47.02441],[6.14761,47.02313],[6.14478,47.01973],[6.14263,47.01873],[6.1376,47.01779],[6.13341,47.01621],[6.13295,47.0144],[6.13415,47.01087],[6.13236,47.00845],[6.13405,47.00722],[6.13255,47.00401],[6.1347,47.00077],[6.13619,46.99634],[6.13506,46.9948],[6.13541,46.99094],[6.13936,46.99174],[6.15022,46.99497],[6.15788,46.99601],[6.15697,46.99942],[6.15916,47.00021],[6.15875,47.00236],[6.16182,47.00308],[6.16165,47.00699],[6.1634,47.00877],[6.16906,47.00913],[6.17393,47.01026],[6.17858,47.01315],[6.17437,47.01626],[6.17548,47.01775],[6.17192,47.02032],[6.17222,47.02205],[6.17034,47.02629]]]},"properties":{"code_insee":"25489","population":268,"superficie_cadastrale":820,"nom_officiel":"Reugney","date_du_recensement":"2023-01-01Z","densite":32.7},"id":"commune.34595"},
{"type":"Feature","geometry":{"type":"Polygon","coordinates":[[[6.10085,46.98423],[6.10415,46.98046],[6.11459,46.98481],[6.1277,46.98891],[6.13192,46.9905],[6.13541,46.99094],[6.13506,46.9948],[6.13619,46.99634],[6.1347,47.00077],[6.13255,47.00401],[6.13405,47.00722],[6.13236,47.00845],[6.13415,47.01087],[6.13295,47.0144],[6.13341,47.01621],[6.13186,47.01923],[6.12639,47.0214],[6.12436,47.02608],[6.12105,47.02917],[6.11816,47.02771],[6.11242,47.02935],[6.10825,47.03148],[6.10803,47.02985],[6.10552,47.02805],[6.10354,47.02905],[6.09795,47.02316],[6.09778,47.02131],[6.09441,47.01993],[6.09624,47.01638],[6.09362,47.01596],[6.09189,47.01408],[6.09629,47.01267],[6.09777,47.00583],[6.09556,47.00289],[6.09529,47.00023],[6.09799,46.99881],[6.1023,46.99505],[6.10397,46.99441],[6.10617,46.99132],[6.1067,46.98888],[6.1022,46.98714],[6.10085,46.98423]]]},"properties":{"code_insee":"25070","population":383,"superficie_cadastrale":1220,"nom_officiel":"Bolandoz","date_du_recensement":"2023-01-01Z","densite":31.4},"id":"commune.34603"},
{"type":"Feature","geometry":{"type":"Polygon","coordinates":[[[6.17835,46.99938],[6.17681,47.00326],[6.18576,47.0055],[6.18371,47.00806],[6.18558,47.00999],[6.18065,47.01756],[6.17548,47.01775],[6.17437,47.01626],[6.17858,47.01315],[6.17393,47.01026],[6.16906,47.00913],[6.1634,47.00877],[6.16165,47.00699],[6.16182,47.00308],[6.15875,47.00236],[6.15916,47.00021],[6.15697,46.99942],[6.15788,46.99601],[6.15022,46.99497],[6.13936,46.99174],[6.13541,46.99094],[6.13192,46.9905],[6.1277,46.98891],[6.11459,46.98481],[6.10415,46.98046],[6.10085,46.98423],[6.0967,46.98445],[6.09264,46.98601],[6.08348,46.98589],[6.07547,46.98529],[6.07112,46.98395],[6.06764,46.9802],[6.05974,46.97879],[6.0557,46.97793],[6.05394,46.9761],[6.05593,46.97383],[6.06009,46.97313],[6.06419,46.97036],[6.06679,46.97038],[6.07025,46.96798],[6.07432,46.95994],[6.0681,46.95501],[6.06712,46.95514],[6.0755,46.93975],[6.07364,46.93315],[6.07688,46.92577],[6.07982,46.91982],[6.08036,46.91723],[6.09152,46.91326],[6.09541,46.91435],[6.10635,46.91594],[6.11071,46.91799],[6.11426,46.92078],[6.11762,46.9247],[6.11716,46.92647],[6.11912,46.92839],[6.12405,46.93306],[6.13051,46.93687],[6.13413,46.94073],[6.14092,46.94558],[6.14371,46.94619],[6.14985,46.9493],[6.15253,46.95129],[6.15792,46.95209],[6.15786,46.95354],[6.16184,46.95683],[6.15929,46.95793],[6.1609,46.96024],[6.16034,46.96186],[6.15676,46.96552],[6.15275,46.96505],[6.1506,46.96778],[6.14765,46.96972],[6.14372,46.96951],[6.1415,46.97234],[6.14654,46.97492],[6.15,46.97795],[6.14914,46.97991],[6.14258,46.98537],[6.15228,46.98787],[6.15135,46.9913],[6.15721,46.99237],[6.16627,46.99468],[6.17835,46.99938]]]},"properties":{"code_insee":"25334","population":2400,"superficie_cadastrale":4430,"nom_officiel":"Levier","date_du_recensement":"2023-01-01Z","densite":54.2},"id":"commune.34611"},
{"type":"Feature","geometry":{"type":"Polygon","coordinates":[[[6.00756,46.98775],[6.01313,46.99032],[6.02011,46.99215],[6.02424,46.99252],[6.02609,46.99102],[6.03328,46.99384],[6.04424,46.99569],[6.0455,46.9954],[6.04485,46.99792],[6.04598,47.00041],[6.04508,47.0029],[6.04672,47.0081],[6.04588,47.00867],[6.05384,47.01572],[6.04919,47.01654],[6.04703,47.01831],[6.04474,47.01866],[6.03703,47.02114],[6.03896,47.02308],[6.03888,47.02506],[6.03012,47.02286],[6.032,47.02519],[6.03086,47.02842],[6.02858,47.02991],[6.02523,47.03044],[6.0193,47.02967],[6.01668,47.03142],[6.01635,47.03304],[6.01311,47.03473],[6.01385,47.04028],[6.00871,47.04117],[6.00791,47.04374],[6.00446,47.04727],[6.00002,47.04767],[5.99524,47.04229],[5.98106,47.04533],[5.97755,47.04327],[5.97542,47.04361],[5.97165,47.03871],[5.96968,47.0337],[5.96384,47.03526],[5.96411,47.0317],[5.96698,47.02818],[5.96315,47.02066],[5.96088,47.01442],[5.96233,47.01339],[5.96075,47.00565],[5.95944,47.00457],[5.95521,46.9982],[5.94365,46.99337],[5.94234,46.99158],[5.94521,46.98884],[5.94952,46.99012],[5.94949,46.98812],[5.94574,46.98452],[5.94396,46.97986],[5.9502,46.98142],[5.95394,46.98125],[5.96601,46.98704],[5.97021,46.98686],[5.97826,46.98845],[5.98237,46.98869],[5.98955,46.98704],[6.00055,46.98885],[6.00167,46.99118],[6.00756,46.98775]]]},"properties":{"code_insee":"25223","population":343,"superficie_cadastrale":3530,"nom_officiel":"Éternoz-Vallée-du-Lison","date_du_recensement":"2023-01-01Z","densite":9.7},"id":"commune.34615"},
{"type":"Feature","geometry":{"type":"Polygon","coordinates":[[[6.55151,47.07183],[6.54717,47.06923],[6.54193,47.06965],[6.53111,47.0695],[6.52999,47.07135],[6.524,47.07366],[6.52053,47.07252],[6.51826,47.06604],[6.51897,47.06342],[6.5146,47.05731],[6.51847,47.05346],[6.51959,47.05098],[6.52174,47.04928],[6.51792,47.04742],[6.51441,47.0473],[6.51302,47.04629],[6.51512,47.04341],[6.51397,47.04162],[6.50987,47.04033],[6.50987,47.03875],[6.5047,47.03535],[6.50655,47.03278],[6.5047,47.03161],[6.49833,47.03072],[6.49564,47.02897],[6.49654,47.02696],[6.49366,47.02617],[6.49358,47.02195],[6.49524,47.0211],[6.49863,47.02488],[6.50337,47.02574],[6.50804,47.02537],[6.51583,47.02801],[6.51809,47.02662],[6.51838,47.02759],[6.52635,47.02832],[6.53292,47.03099],[6.53533,47.03127],[6.53949,47.02924],[6.54188,47.02985],[6.54627,47.03335],[6.55085,47.0333],[6.55646,47.03205],[6.55959,47.03364],[6.56776,47.03525],[6.56682,47.03721],[6.57191,47.04],[6.57689,47.04088],[6.57491,47.04281],[6.57728,47.04431],[6.57326,47.04836],[6.56908,47.04828],[6.56223,47.05364],[6.5579,47.06193],[6.55998,47.06393],[6.55421,47.06717],[6.5537,47.07062],[6.55151,47.07183]]]},"properties":{"code_insee":"25160","population":777,"superficie_cadastrale":1760,"nom_officiel":"Les Combes","date_du_recensement":"2023-01-01Z","densite":44.1},"id":"commune.34640"},
{"type":"Feature","geometry":{"type":"Polygon","coordinates":[[[6.37591,47.02021],[6.37679,47.01772],[6.36335,47.01175],[6.36919,47.00905],[6.36836,47.00775],[6.37167,47.00509],[6.37792,47.00911],[6.38239,47.00836],[6.38052,47.00582],[6.38045,47.00404],[6.38323,47.00176],[6.3882,47.00041],[6.39575,46.99728],[6.40028,47.00024],[6.40558,47.00464],[6.40656,47.00638],[6.4151,47.00789],[6.42372,47.011],[6.42741,47.01018],[6.42868,47.00814],[6.4319,47.00635],[6.43315,47.00237],[6.42907,47.00079],[6.43067,46.99924],[6.43686,47.0026],[6.43772,47.00706],[6.43677,47.01108],[6.44112,47.01424],[6.44655,47.01454],[6.45029,47.01972],[6.45525,47.01799],[6.44939,47.02773],[6.45297,47.02994],[6.45371,47.03151],[6.45297,47.03445],[6.4499,47.03823],[6.44748,47.03724],[6.44485,47.04312],[6.43606,47.03911],[6.43195,47.0382],[6.43005,47.04058],[6.4268,47.04045],[6.42385,47.03878],[6.42209,47.0363],[6.41666,47.03518],[6.41632,47.03287],[6.40554,47.02818],[6.40556,47.02721],[6.39876,47.02629],[6.38231,47.02215],[6.37591,47.02021]]]},"properties":{"code_insee":"25139","population":614,"superficie_cadastrale":1690,"nom_officiel":"La Chaux","date_du_recensement":"2023-01-01Z","densite":36.3},"id":"commune.34652"},
{"type":"Feature","geometry":{"type":"Polygon","coordinates":[[[6.68171,47.52028],[6.68433,47.51594],[6.68628,47.51443],[6.69135,47.5152],[6.69461,47.51437],[6.71416,47.51245],[6.72225,47.51234],[6.72692,47.5139],[6.72358,47.52248],[6.71941,47.52575],[6.71779,47.52823],[6.71266,47.52848],[6.70971,47.5271],[6.7046,47.52673],[6.70128,47.52516],[6.69743,47.52271],[6.68825,47.52101],[6.68171,47.52028]]]},"properties":{"code_insee":"25521","population":158,"superficie_cadastrale":380,"nom_officiel":"Saint-Julien-lès-Montbéliard","date_du_recensement":"2022-01-01Z","densite":41.6},"id":"commune.34657"},
{"type":"Feature","geometry":{"type":"Polygon","coordinates":[[[6.68133,47.52162],[6.67481,47.52208],[6.67495,47.52362],[6.66936,47.52698],[6.66728,47.52904],[6.66178,47.53236],[6.65603,47.53699],[6.65369,47.54159],[6.65136,47.53986],[6.64842,47.53609],[6.6429,47.53338],[6.6408,47.53297],[6.63512,47.5337],[6.63382,47.53242],[6.62842,47.53087],[6.62643,47.52949],[6.62326,47.52915],[6.61952,47.53109],[6.61761,47.53117],[6.61801,47.52745],[6.62102,47.5218],[6.62248,47.52061],[6.62501,47.5158],[6.6309,47.51401],[6.6288,47.51213],[6.6307,47.508],[6.63499,47.5055],[6.63775,47.50606],[6.64092,47.504],[6.64691,47.50518],[6.6516,47.50479],[6.65559,47.50615],[6.66298,47.50538],[6.66477,47.50463],[6.66892,47.50053],[6.67119,47.49983],[6.67408,47.50101],[6.67665,47.50345],[6.67537,47.5074],[6.68107,47.5139],[6.68433,47.51594],[6.68171,47.52028],[6.68133,47.52162]]]},"properties":{"code_insee":"25022","population":1489,"superficie_cadastrale":1260,"nom_officiel":"Arcey","date_du_recensement":"2023-01-01Z","densite":118.2},"id":"commune.34658"},
{"type":"Feature","geometry":{"type":"Polygon","coordinates":[[[6.47271,46.95692],[6.47775,46.96178],[6.48574,46.96747],[6.48821,46.96865],[6.49648,46.97414],[6.50588,46.97859],[6.51282,46.98269],[6.51456,46.98579],[6.51218,46.98852],[6.5132,46.99101],[6.51135,46.99257],[6.51847,46.99767],[6.51674,47.0002],[6.51247,47.0019],[6.51704,47.00488],[6.5242,47.0071],[6.52014,47.01031],[6.52156,47.01239],[6.52444,47.01418],[6.52464,47.01785],[6.52017,47.02124],[6.52097,47.02521],[6.51809,47.02662],[6.51583,47.02801],[6.50804,47.02537],[6.50337,47.02574],[6.49863,47.02488],[6.49524,47.0211],[6.49358,47.02195],[6.49366,47.02617],[6.49654,47.02696],[6.49564,47.02897],[6.49833,47.03072],[6.5047,47.03161],[6.50655,47.03278],[6.5047,47.03535],[6.50987,47.03875],[6.50987,47.04033],[6.50429,47.03746],[6.50304,47.03814],[6.49825,47.03667],[6.49454,47.0346],[6.49104,47.03665],[6.48308,47.03454],[6.481,47.03329],[6.47842,47.03352],[6.47446,47.03596],[6.46665,47.04276],[6.46352,47.04349],[6.45543,47.03996],[6.4499,47.03823],[6.45297,47.03445],[6.45371,47.03151],[6.45297,47.02994],[6.44939,47.02773],[6.45525,47.01799],[6.45029,47.01972],[6.44655,47.01454],[6.44112,47.01424],[6.43677,47.01108],[6.43772,47.00706],[6.43686,47.0026],[6.43067,46.99924],[6.42907,47.00079],[6.43315,47.00237],[6.4319,47.00635],[6.42868,47.00814],[6.42741,47.01018],[6.42372,47.011],[6.4151,47.00789],[6.40656,47.00638],[6.40558,47.00464],[6.41516,47.00673],[6.41737,47.00441],[6.42373,46.99982],[6.4261,46.99739],[6.42952,46.99567],[6.43764,46.9869],[6.43828,46.98489],[6.43739,46.98151],[6.43829,46.97959],[6.43822,46.97511],[6.43144,46.97012],[6.43483,46.9674],[6.43438,46.96495],[6.43853,46.96218],[6.4337,46.96035],[6.43431,46.95868],[6.43294,46.95625],[6.43666,46.95503],[6.44093,46.95634],[6.44496,46.95684],[6.44707,46.95602],[6.45208,46.95768],[6.46386,46.95863],[6.46812,46.95987],[6.47271,46.95692]]]},"properties":{"code_insee":"25390","population":1923,"superficie_cadastrale":4660,"nom_officiel":"Pays-de-Montbenoît","date_du_recensement":"2023-01-01Z","densite":41.3},"id":"commune.34660"},
{"type":"Feature","geometry":{"type":"Polygon","coordinates":[[[6.32248,47.30691],[6.31715,47.31061],[6.31612,47.31382],[6.31804,47.31532],[6.31605,47.31676],[6.31589,47.31958],[6.31296,47.323],[6.30964,47.32223],[6.30386,47.32262],[6.29673,47.32],[6.29055,47.3182],[6.28484,47.31586],[6.28606,47.31395],[6.28994,47.3044],[6.28942,47.3029],[6.29101,47.29842],[6.29447,47.29415],[6.30025,47.29414],[6.30502,47.29749],[6.30951,47.29783],[6.31259,47.29893],[6.31422,47.29988],[6.31462,47.30255],[6.31925,47.30564],[6.32248,47.30691]]]},"properties":{"code_insee":"25094","population":118,"superficie_cadastrale":560,"nom_officiel":"Bretigney-Notre-Dame","date_du_recensement":"2023-01-01Z","densite":21.1},"id":"commune.34694"}
]}